nodename,batch,solution,version,git,task,data,timestamp,action,stderr,ret,machine_type
ip-172-31-31-147,1697528140,juliads,0.7.18, ,groupby,G1_1e7_1e2_0_0,1697528145.73121,start,,,c6id.metal
ip-172-31-31-147,1697528140,juliads,0.7.18, ,groupby,G1_1e7_1e2_0_0,1697528177.50625,finish,0,0,c6id.metal
ip-172-31-31-147,1697528140,juliads,0.7.18, ,groupby,G1_1e8_1e2_0_0,1697528192.52138,start,,,c6id.metal
ip-172-31-31-147,1697528140,juliads,0.7.18, ,groupby,G1_1e8_1e2_0_0,1697528279.83054,finish,0,0,c6id.metal
ip-172-31-31-147,1697528140,juliadf,1.6.1,04c738083f29f86e62c8afc341f0967d8717bdb8,groupby,G1_1e7_1e2_0_0,1697528294.84567,start,,,c6id.metal
ip-172-31-31-147,1697528140,juliadf,1.6.1,04c738083f29f86e62c8afc341f0967d8717bdb8,groupby,G1_1e7_1e2_0_0,1697528317.75899,finish,0,0,c6id.metal
ip-172-31-31-147,1697528140,juliadf,1.6.1,04c738083f29f86e62c8afc341f0967d8717bdb8,groupby,G1_1e8_1e2_0_0,1697528332.77427,start,,,c6id.metal
ip-172-31-31-147,1697528140,juliadf,1.6.1,04c738083f29f86e62c8afc341f0967d8717bdb8,groupby,G1_1e8_1e2_0_0,1697528470.21989,finish,0,0,c6id.metal
ip-172-31-31-147,1697529451,data.table,1.14.9,88039186915028ab3c93ccfd8e22c0d1c3534b1a,groupby,G1_1e7_1e2_0_0,1697529453.1956,start,,,c6id.metal
ip-172-31-31-147,1697529451,data.table,1.14.9,88039186915028ab3c93ccfd8e22c0d1c3534b1a,groupby,G1_1e7_1e2_0_0,1697529469.0621,finish,0,0,c6id.metal
ip-172-31-31-147,1697529451,data.table,1.14.9,88039186915028ab3c93ccfd8e22c0d1c3534b1a,groupby,G1_1e7_1e1_0_0,1697529484.07734,start,,,c6id.metal
ip-172-31-31-147,1697529451,data.table,1.14.9,88039186915028ab3c93ccfd8e22c0d1c3534b1a,groupby,G1_1e7_1e1_0_0,1697529517.19138,finish,0,0,c6id.metal
ip-172-31-31-147,1697529451,data.table,1.14.9,88039186915028ab3c93ccfd8e22c0d1c3534b1a,groupby,G1_1e7_2e0_0_0,1697529532.20661,start,,,c6id.metal
ip-172-31-31-147,1697529451,data.table,1.14.9,88039186915028ab3c93ccfd8e22c0d1c3534b1a,groupby,G1_1e7_2e0_0_0,1697529631.44664,finish,0,0,c6id.metal
ip-172-31-31-147,1697529451,data.table,1.14.9,88039186915028ab3c93ccfd8e22c0d1c3534b1a,groupby,G1_1e7_1e2_0_1,1697529646.4619,start,,,c6id.metal
ip-172-31-31-147,1697529451,data.table,1.14.9,88039186915028ab3c93ccfd8e22c0d1c3534b1a,groupby,G1_1e7_1e2_0_1,1697529656.77265,finish,0,0,c6id.metal
ip-172-31-31-147,1697529451,data.table,1.14.9,88039186915028ab3c93ccfd8e22c0d1c3534b1a,groupby,G1_1e7_1e2_5_0,1697529671.78788,start,,,c6id.metal
ip-172-31-31-147,1697529451,data.table,1.14.9,88039186915028ab3c93ccfd8e22c0d1c3534b1a,groupby,G1_1e7_1e2_5_0,1697529691.41158,finish,0,0,c6id.metal
ip-172-31-31-147,1697529451,data.table,1.14.9,88039186915028ab3c93ccfd8e22c0d1c3534b1a,groupby,G1_1e8_1e2_0_0,1697529706.4267,start,,,c6id.metal
ip-172-31-31-147,1697529451,data.table,1.14.9,88039186915028ab3c93ccfd8e22c0d1c3534b1a,groupby,G1_1e8_1e2_0_0,1697529839.94321,finish,0,0,c6id.metal
ip-172-31-31-147,1697529451,data.table,1.14.9,88039186915028ab3c93ccfd8e22c0d1c3534b1a,groupby,G1_1e8_1e1_0_0,1697529854.95846,start,,,c6id.metal
ip-172-31-31-147,1697529451,data.table,1.14.9,88039186915028ab3c93ccfd8e22c0d1c3534b1a,groupby,G1_1e8_1e1_0_0,1697530173.76002,finish,0,0,c6id.metal
ip-172-31-31-147,1697529451,data.table,1.14.9,88039186915028ab3c93ccfd8e22c0d1c3534b1a,groupby,G1_1e8_2e0_0_0,1697530188.77525,start,,,c6id.metal
ip-172-31-31-147,1697529451,data.table,1.14.9,88039186915028ab3c93ccfd8e22c0d1c3534b1a,groupby,G1_1e8_2e0_0_0,1697531068.06092,finish,0,0,c6id.metal
ip-172-31-31-147,1697529451,data.table,1.14.9,88039186915028ab3c93ccfd8e22c0d1c3534b1a,groupby,G1_1e8_1e2_0_1,1697531083.07616,start,,,c6id.metal
ip-172-31-31-147,1697529451,data.table,1.14.9,88039186915028ab3c93ccfd8e22c0d1c3534b1a,groupby,G1_1e8_1e2_0_1,1697531197.43086,finish,0,0,c6id.metal
ip-172-31-31-147,1697529451,data.table,1.14.9,88039186915028ab3c93ccfd8e22c0d1c3534b1a,groupby,G1_1e8_1e2_5_0,1697531212.44637,start,,,c6id.metal
ip-172-31-31-147,1697529451,data.table,1.14.9,88039186915028ab3c93ccfd8e22c0d1c3534b1a,groupby,G1_1e8_1e2_5_0,1697531350.87979,finish,0,0,c6id.metal
ip-172-31-31-147,1697529451,data.table,1.14.9,88039186915028ab3c93ccfd8e22c0d1c3534b1a,groupby,G1_1e9_1e2_0_0,1697531365.89504,start,,,c6id.metal
ip-172-31-31-147,1697529451,data.table,1.14.9,88039186915028ab3c93ccfd8e22c0d1c3534b1a,groupby,G1_1e9_1e2_0_0,1697533135.42028,finish,0,0,c6id.metal
ip-172-31-31-147,1697529451,data.table,1.14.9,88039186915028ab3c93ccfd8e22c0d1c3534b1a,groupby,G1_1e9_1e1_0_0,1697533150.43546,start,,,c6id.metal
ip-172-31-31-147,1697529451,data.table,1.14.9,88039186915028ab3c93ccfd8e22c0d1c3534b1a,groupby,G1_1e9_1e1_0_0,1697536805.60903,finish,0,0,c6id.metal
ip-172-31-31-147,1697529451,data.table,1.14.9,88039186915028ab3c93ccfd8e22c0d1c3534b1a,groupby,G1_1e9_2e0_0_0,1697536820.62429,start,,,c6id.metal
ip-172-31-31-147,1697529451,data.table,1.14.9,88039186915028ab3c93ccfd8e22c0d1c3534b1a,groupby,G1_1e9_2e0_0_0,1697547640.63063,finish,1,0,c6id.metal
ip-172-31-31-147,1697529451,data.table,1.14.9,88039186915028ab3c93ccfd8e22c0d1c3534b1a,groupby,G1_1e9_1e2_0_1,1697547655.64581,start,,,c6id.metal
ip-172-31-31-147,1697529451,data.table,1.14.9,88039186915028ab3c93ccfd8e22c0d1c3534b1a,groupby,G1_1e9_1e2_0_1,1697549332.11161,finish,0,0,c6id.metal
ip-172-31-31-147,1697529451,data.table,1.14.9,88039186915028ab3c93ccfd8e22c0d1c3534b1a,groupby,G1_1e9_1e2_5_0,1697549347.12679,start,,,c6id.metal
ip-172-31-31-147,1697529451,data.table,1.14.9,88039186915028ab3c93ccfd8e22c0d1c3534b1a,groupby,G1_1e9_1e2_5_0,1697551281.90266,finish,0,0,c6id.metal
ip-172-31-31-147,1697529451,juliads,0.7.18, ,groupby,G1_1e7_1e2_0_0,1697551296.91789,start,,,c6id.metal
ip-172-31-31-147,1697529451,juliads,0.7.18, ,groupby,G1_1e7_1e2_0_0,1697551326.50408,finish,0,0,c6id.metal
ip-172-31-31-147,1697529451,juliads,0.7.18, ,groupby,G1_1e7_1e1_0_0,1697551341.51918,start,,,c6id.metal
ip-172-31-31-147,1697529451,juliads,0.7.18, ,groupby,G1_1e7_1e1_0_0,1697551370.31016,finish,0,0,c6id.metal
ip-172-31-31-147,1697529451,juliads,0.7.18, ,groupby,G1_1e7_2e0_0_0,1697551385.32534,start,,,c6id.metal
ip-172-31-31-147,1697529451,juliads,0.7.18, ,groupby,G1_1e7_2e0_0_0,1697551418.54735,finish,0,0,c6id.metal
ip-172-31-31-147,1697529451,juliads,0.7.18, ,groupby,G1_1e7_1e2_0_1,1697551433.56259,start,,,c6id.metal
ip-172-31-31-147,1697529451,juliads,0.7.18, ,groupby,G1_1e7_1e2_0_1,1697551459.72459,finish,0,0,c6id.metal
ip-172-31-31-147,1697529451,juliads,0.7.18, ,groupby,G1_1e7_1e2_5_0,1697551474.73987,start,,,c6id.metal
ip-172-31-31-147,1697529451,juliads,0.7.18, ,groupby,G1_1e7_1e2_5_0,1697551501.0115,finish,0,0,c6id.metal
ip-172-31-31-147,1697529451,juliads,0.7.18, ,groupby,G1_1e8_1e2_0_0,1697551516.02682,start,,,c6id.metal
ip-172-31-31-147,1697529451,juliads,0.7.18, ,groupby,G1_1e8_1e2_0_0,1697551602.68905,finish,0,0,c6id.metal
ip-172-31-31-147,1697529451,juliads,0.7.18, ,groupby,G1_1e8_1e1_0_0,1697551617.70435,start,,,c6id.metal
ip-172-31-31-147,1697529451,juliads,0.7.18, ,groupby,G1_1e8_1e1_0_0,1697551721.0913,finish,0,0,c6id.metal
ip-172-31-31-147,1697529451,juliads,0.7.18, ,groupby,G1_1e8_2e0_0_0,1697551736.1064,start,,,c6id.metal
ip-172-31-31-147,1697529451,juliads,0.7.18, ,groupby,G1_1e8_2e0_0_0,1697551895.84383,finish,0,0,c6id.metal
ip-172-31-31-147,1697529451,juliads,0.7.18, ,groupby,G1_1e8_1e2_0_1,1697551910.85914,start,,,c6id.metal
ip-172-31-31-147,1697529451,juliads,0.7.18, ,groupby,G1_1e8_1e2_0_1,1697551994.70256,finish,0,0,c6id.metal
ip-172-31-31-147,1697529451,juliads,0.7.18, ,groupby,G1_1e8_1e2_5_0,1697552009.71779,start,,,c6id.metal
ip-172-31-31-147,1697529451,juliads,0.7.18, ,groupby,G1_1e8_1e2_5_0,1697552092.12336,finish,0,0,c6id.metal
ip-172-31-31-147,1697529451,juliads,0.7.18, ,groupby,G1_1e9_1e2_0_0,1697552107.13868,start,,,c6id.metal
ip-172-31-31-147,1697529451,juliads,0.7.18, ,groupby,G1_1e9_1e2_0_0,1697552951.18957,finish,0,0,c6id.metal
ip-172-31-31-147,1697529451,juliads,0.7.18, ,groupby,G1_1e9_1e1_0_0,1697552966.20486,start,,,c6id.metal
ip-172-31-31-147,1697529451,juliads,0.7.18, ,groupby,G1_1e9_1e1_0_0,1697553995.17283,finish,0,0,c6id.metal
ip-172-31-31-147,1697529451,juliads,0.7.18, ,groupby,G1_1e9_2e0_0_0,1697554010.18802,start,,,c6id.metal
ip-172-31-31-147,1697529451,juliads,0.7.18, ,groupby,G1_1e9_2e0_0_0,1697554470.756,finish,32,1,c6id.metal
ip-172-31-31-147,1697529451,juliads,0.7.18, ,groupby,G1_1e9_1e2_0_1,1697554485.77127,start,,,c6id.metal
ip-172-31-31-147,1697529451,juliads,0.7.18, ,groupby,G1_1e9_1e2_0_1,1697555243.37178,finish,0,0,c6id.metal
ip-172-31-31-147,1697529451,juliads,0.7.18, ,groupby,G1_1e9_1e2_5_0,1697555258.38703,start,,,c6id.metal
ip-172-31-31-147,1697529451,juliads,0.7.18, ,groupby,G1_1e9_1e2_5_0,1697556032.48193,finish,0,0,c6id.metal
ip-172-31-31-147,1697529451,juliadf,1.6.1,04c738083f29f86e62c8afc341f0967d8717bdb8,groupby,G1_1e7_1e2_0_0,1697556047.49716,start,,,c6id.metal
ip-172-31-31-147,1697529451,juliadf,1.6.1,04c738083f29f86e62c8afc341f0967d8717bdb8,groupby,G1_1e7_1e2_0_0,1697556070.38281,finish,0,0,c6id.metal
ip-172-31-31-147,1697529451,juliadf,1.6.1,04c738083f29f86e62c8afc341f0967d8717bdb8,groupby,G1_1e7_1e1_0_0,1697556085.39811,start,,,c6id.metal
ip-172-31-31-147,1697529451,juliadf,1.6.1,04c738083f29f86e62c8afc341f0967d8717bdb8,groupby,G1_1e7_1e1_0_0,1697556109.00954,finish,0,0,c6id.metal
ip-172-31-31-147,1697529451,juliadf,1.6.1,04c738083f29f86e62c8afc341f0967d8717bdb8,groupby,G1_1e7_2e0_0_0,1697556124.02471,start,,,c6id.metal
ip-172-31-31-147,1697529451,juliadf,1.6.1,04c738083f29f86e62c8afc341f0967d8717bdb8,groupby,G1_1e7_2e0_0_0,1697556153.36098,finish,0,0,c6id.metal
ip-172-31-31-147,1697529451,juliadf,1.6.1,04c738083f29f86e62c8afc341f0967d8717bdb8,groupby,G1_1e7_1e2_0_1,1697556168.37623,start,,,c6id.metal
ip-172-31-31-147,1697529451,juliadf,1.6.1,04c738083f29f86e62c8afc341f0967d8717bdb8,groupby,G1_1e7_1e2_0_1,1697556190.15271,finish,0,0,c6id.metal
ip-172-31-31-147,1697529451,juliadf,1.6.1,04c738083f29f86e62c8afc341f0967d8717bdb8,groupby,G1_1e7_1e2_5_0,1697556205.16797,start,,,c6id.metal
ip-172-31-31-147,1697529451,juliadf,1.6.1,04c738083f29f86e62c8afc341f0967d8717bdb8,groupby,G1_1e7_1e2_5_0,1697556231.10255,finish,0,0,c6id.metal
ip-172-31-31-147,1697529451,juliadf,1.6.1,04c738083f29f86e62c8afc341f0967d8717bdb8,groupby,G1_1e8_1e2_0_0,1697556246.11777,start,,,c6id.metal
ip-172-31-31-147,1697529451,juliadf,1.6.1,04c738083f29f86e62c8afc341f0967d8717bdb8,groupby,G1_1e8_1e2_0_0,1697556389.8857,finish,0,0,c6id.metal
ip-172-31-31-147,1697529451,juliadf,1.6.1,04c738083f29f86e62c8afc341f0967d8717bdb8,groupby,G1_1e8_1e1_0_0,1697556404.901,start,,,c6id.metal
ip-172-31-31-147,1697529451,juliadf,1.6.1,04c738083f29f86e62c8afc341f0967d8717bdb8,groupby,G1_1e8_1e1_0_0,1697556575.87914,finish,0,0,c6id.metal
ip-172-31-31-147,1697529451,juliadf,1.6.1,04c738083f29f86e62c8afc341f0967d8717bdb8,groupby,G1_1e8_2e0_0_0,1697556590.89426,start,,,c6id.metal
ip-172-31-31-147,1697529451,juliadf,1.6.1,04c738083f29f86e62c8afc341f0967d8717bdb8,groupby,G1_1e8_2e0_0_0,1697556818.69413,finish,0,0,c6id.metal
ip-172-31-31-147,1697529451,juliadf,1.6.1,04c738083f29f86e62c8afc341f0967d8717bdb8,groupby,G1_1e8_1e2_0_1,1697556833.7094,start,,,c6id.metal
ip-172-31-31-147,1697529451,juliadf,1.6.1,04c738083f29f86e62c8afc341f0967d8717bdb8,groupby,G1_1e8_1e2_0_1,1697556968.40507,finish,0,0,c6id.metal
ip-172-31-31-147,1697529451,juliadf,1.6.1,04c738083f29f86e62c8afc341f0967d8717bdb8,groupby,G1_1e8_1e2_5_0,1697556983.42032,start,,,c6id.metal
ip-172-31-31-147,1697529451,juliadf,1.6.1,04c738083f29f86e62c8afc341f0967d8717bdb8,groupby,G1_1e8_1e2_5_0,1697557141.96931,finish,0,0,c6id.metal
ip-172-31-31-147,1697529451,juliadf,1.6.1,04c738083f29f86e62c8afc341f0967d8717bdb8,groupby,G1_1e9_1e2_0_0,1697557156.98459,start,,,c6id.metal
ip-172-31-31-147,1697529451,juliadf,1.6.1,04c738083f29f86e62c8afc341f0967d8717bdb8,groupby,G1_1e9_1e2_0_0,1697558599.30102,finish,0,0,c6id.metal
ip-172-31-31-147,1697529451,juliadf,1.6.1,04c738083f29f86e62c8afc341f0967d8717bdb8,groupby,G1_1e9_1e1_0_0,1697558614.3162,start,,,c6id.metal
ip-172-31-31-147,1697529451,juliadf,1.6.1,04c738083f29f86e62c8afc341f0967d8717bdb8,groupby,G1_1e9_1e1_0_0,1697560486.99164,finish,0,0,c6id.metal
ip-172-31-31-147,1697529451,juliadf,1.6.1,04c738083f29f86e62c8afc341f0967d8717bdb8,groupby,G1_1e9_2e0_0_0,1697560502.00668,start,,,c6id.metal
ip-172-31-31-147,1697529451,juliadf,1.6.1,04c738083f29f86e62c8afc341f0967d8717bdb8,groupby,G1_1e9_2e0_0_0,1697562911.56215,finish,2,0,c6id.metal
ip-172-31-31-147,1697529451,juliadf,1.6.1,04c738083f29f86e62c8afc341f0967d8717bdb8,groupby,G1_1e9_1e2_0_1,1697562926.57553,start,,,c6id.metal
ip-172-31-31-147,1697529451,juliadf,1.6.1,04c738083f29f86e62c8afc341f0967d8717bdb8,groupby,G1_1e9_1e2_0_1,1697564354.66317,finish,0,0,c6id.metal
ip-172-31-31-147,1697529451,juliadf,1.6.1,04c738083f29f86e62c8afc341f0967d8717bdb8,groupby,G1_1e9_1e2_5_0,1697564369.67837,start,,,c6id.metal
ip-172-31-31-147,1697529451,juliadf,1.6.1,04c738083f29f86e62c8afc341f0967d8717bdb8,groupby,G1_1e9_1e2_5_0,1697565410.46579,finish,1,137,c6id.metal
ip-172-31-31-147,1697529451,dplyr,1.1.3,,groupby,G1_1e7_1e2_0_0,1697565425.48083,start,,,c6id.metal
ip-172-31-31-147,1697529451,dplyr,1.1.3,,groupby,G1_1e7_1e2_0_0,1697565612.91955,finish,16,0,c6id.metal
ip-172-31-31-147,1697529451,dplyr,1.1.3,,groupby,G1_1e7_1e1_0_0,1697565627.93479,start,,,c6id.metal
ip-172-31-31-147,1697529451,dplyr,1.1.3,,groupby,G1_1e7_1e1_0_0,1697565881.88,finish,16,0,c6id.metal
ip-172-31-31-147,1697529451,dplyr,1.1.3,,groupby,G1_1e7_2e0_0_0,1697565896.89524,start,,,c6id.metal
ip-172-31-31-147,1697529451,dplyr,1.1.3,,groupby,G1_1e7_2e0_0_0,1697566446.06921,finish,16,0,c6id.metal
ip-172-31-31-147,1697529451,dplyr,1.1.3,,groupby,G1_1e7_1e2_0_1,1697566461.0843,start,,,c6id.metal
ip-172-31-31-147,1697529451,dplyr,1.1.3,,groupby,G1_1e7_1e2_0_1,1697566643.10165,finish,16,0,c6id.metal
ip-172-31-31-147,1697529451,dplyr,1.1.3,,groupby,G1_1e7_1e2_5_0,1697566658.11687,start,,,c6id.metal
ip-172-31-31-147,1697529451,dplyr,1.1.3,,groupby,G1_1e7_1e2_5_0,1697566850.07622,finish,16,0,c6id.metal
ip-172-31-31-147,1697529451,dplyr,1.1.3,,groupby,G1_1e8_1e2_0_0,1697566865.09146,start,,,c6id.metal
ip-172-31-31-147,1697529451,dplyr,1.1.3,,groupby,G1_1e8_1e2_0_0,1697568892.2238,finish,16,0,c6id.metal
ip-172-31-31-147,1697529451,dplyr,1.1.3,,groupby,G1_1e8_1e1_0_0,1697568907.23909,start,,,c6id.metal
ip-172-31-31-147,1697529451,dplyr,1.1.3,,groupby,G1_1e8_1e1_0_0,1697571764.58139,finish,16,0,c6id.metal
ip-172-31-31-147,1697529451,dplyr,1.1.3,,groupby,G1_1e8_2e0_0_0,1697571779.59664,start,,,c6id.metal
ip-172-31-31-147,1697529451,dplyr,1.1.3,,groupby,G1_1e8_2e0_0_0,1697577785.79223,finish,16,0,c6id.metal
ip-172-31-31-147,1697529451,dplyr,1.1.3,,groupby,G1_1e8_1e2_0_1,1697577800.80746,start,,,c6id.metal
ip-172-31-31-147,1697529451,dplyr,1.1.3,,groupby,G1_1e8_1e2_0_1,1697579754.77006,finish,16,0,c6id.metal
ip-172-31-31-147,1697529451,dplyr,1.1.3,,groupby,G1_1e8_1e2_5_0,1697579769.78528,start,,,c6id.metal
ip-172-31-31-147,1697529451,dplyr,1.1.3,,groupby,G1_1e8_1e2_5_0,1697581788.91147,finish,16,0,c6id.metal
ip-172-31-31-147,1697529451,dplyr,1.1.3,,groupby,G1_1e9_1e2_0_0,1697581803.92672,start,,,c6id.metal
ip-172-31-31-147,1697529451,dplyr,1.1.3,,groupby,G1_1e9_1e2_0_0,1697586497.11796,finish,13,137,c6id.metal
ip-172-31-31-147,1697529451,dplyr,1.1.3,,groupby,G1_1e9_1e1_0_0,1697586512.13299,start,,,c6id.metal
ip-172-31-31-147,1697529451,dplyr,1.1.3,,groupby,G1_1e9_1e1_0_0,1697597321.01077,finish,12,137,c6id.metal
ip-172-31-31-147,1697529451,dplyr,1.1.3,,groupby,G1_1e9_2e0_0_0,1697597336.02588,start,,,c6id.metal
ip-172-31-31-147,1697529451,dplyr,1.1.3,,groupby,G1_1e9_2e0_0_0,1697601973.06407,finish,5,137,c6id.metal
ip-172-31-31-147,1697529451,dplyr,1.1.3,,groupby,G1_1e9_1e2_0_1,1697601988.07928,start,,,c6id.metal
ip-172-31-31-147,1697529451,dplyr,1.1.3,,groupby,G1_1e9_1e2_0_1,1697606116.36528,finish,13,137,c6id.metal
ip-172-31-31-147,1697529451,dplyr,1.1.3,,groupby,G1_1e9_1e2_5_0,1697606131.38049,start,,,c6id.metal
ip-172-31-31-147,1697529451,dplyr,1.1.3,,groupby,G1_1e9_1e2_5_0,1697610767.51288,finish,13,137,c6id.metal
ip-172-31-31-147,1697529451,pandas,2.1.1,e86ed377639948c64c429059127bcf5b359ab6be,groupby,G1_1e7_1e2_0_0,1697610782.5279,start,,,c6id.metal
ip-172-31-31-147,1697529451,pandas,2.1.1,e86ed377639948c64c429059127bcf5b359ab6be,groupby,G1_1e7_1e2_0_0,1697610811.66769,finish,0,0,c6id.metal
ip-172-31-31-147,1697529451,pandas,2.1.1,e86ed377639948c64c429059127bcf5b359ab6be,groupby,G1_1e7_1e1_0_0,1697610826.68283,start,,,c6id.metal
ip-172-31-31-147,1697529451,pandas,2.1.1,e86ed377639948c64c429059127bcf5b359ab6be,groupby,G1_1e7_1e1_0_0,1697610857.55788,finish,0,0,c6id.metal
ip-172-31-31-147,1697529451,pandas,2.1.1,e86ed377639948c64c429059127bcf5b359ab6be,groupby,G1_1e7_2e0_0_0,1697610872.57311,start,,,c6id.metal
ip-172-31-31-147,1697529451,pandas,2.1.1,e86ed377639948c64c429059127bcf5b359ab6be,groupby,G1_1e7_2e0_0_0,1697610939.43901,finish,0,0,c6id.metal
ip-172-31-31-147,1697529451,pandas,2.1.1,e86ed377639948c64c429059127bcf5b359ab6be,groupby,G1_1e7_1e2_0_1,1697610954.45408,start,,,c6id.metal
ip-172-31-31-147,1697529451,pandas,2.1.1,e86ed377639948c64c429059127bcf5b359ab6be,groupby,G1_1e7_1e2_0_1,1697610980.43531,finish,0,0,c6id.metal
ip-172-31-31-147,1697529451,pandas,2.1.1,e86ed377639948c64c429059127bcf5b359ab6be,groupby,G1_1e7_1e2_5_0,1697610995.45056,start,,,c6id.metal
ip-172-31-31-147,1697529451,pandas,2.1.1,e86ed377639948c64c429059127bcf5b359ab6be,groupby,G1_1e7_1e2_5_0,1697610995.88722,finish,1,0,c6id.metal
ip-172-31-31-147,1697529451,pandas,2.1.1,e86ed377639948c64c429059127bcf5b359ab6be,groupby,G1_1e8_1e2_0_0,1697611010.90246,start,,,c6id.metal
ip-172-31-31-147,1697529451,pandas,2.1.1,e86ed377639948c64c429059127bcf5b359ab6be,groupby,G1_1e8_1e2_0_0,1697611379.15324,finish,0,0,c6id.metal
ip-172-31-31-147,1697529451,pandas,2.1.1,e86ed377639948c64c429059127bcf5b359ab6be,groupby,G1_1e8_1e1_0_0,1697611394.16845,start,,,c6id.metal
ip-172-31-31-147,1697529451,pandas,2.1.1,e86ed377639948c64c429059127bcf5b359ab6be,groupby,G1_1e8_1e1_0_0,1697611825.50504,finish,0,0,c6id.metal
ip-172-31-31-147,1697529451,pandas,2.1.1,e86ed377639948c64c429059127bcf5b359ab6be,groupby,G1_1e8_2e0_0_0,1697611840.52027,start,,,c6id.metal
ip-172-31-31-147,1697529451,pandas,2.1.1,e86ed377639948c64c429059127bcf5b359ab6be,groupby,G1_1e8_2e0_0_0,1697612692.40671,finish,0,0,c6id.metal
ip-172-31-31-147,1697529451,pandas,2.1.1,e86ed377639948c64c429059127bcf5b359ab6be,groupby,G1_1e8_1e2_0_1,1697612707.42196,start,,,c6id.metal
ip-172-31-31-147,1697529451,pandas,2.1.1,e86ed377639948c64c429059127bcf5b359ab6be,groupby,G1_1e8_1e2_0_1,1697613029.55275,finish,0,0,c6id.metal
ip-172-31-31-147,1697529451,pandas,2.1.1,e86ed377639948c64c429059127bcf5b359ab6be,groupby,G1_1e8_1e2_5_0,1697613044.56798,start,,,c6id.metal
ip-172-31-31-147,1697529451,pandas,2.1.1,e86ed377639948c64c429059127bcf5b359ab6be,groupby,G1_1e8_1e2_5_0,1697613045.0024,finish,1,0,c6id.metal
ip-172-31-31-147,1697529451,pandas,2.1.1,e86ed377639948c64c429059127bcf5b359ab6be,groupby,G1_1e9_1e2_0_0,1697613060.01764,start,,,c6id.metal
ip-172-31-31-147,1697529451,pandas,2.1.1,e86ed377639948c64c429059127bcf5b359ab6be,groupby,G1_1e9_1e2_0_0,1697618990.75855,finish,0,0,c6id.metal
ip-172-31-31-147,1697529451,pandas,2.1.1,e86ed377639948c64c429059127bcf5b359ab6be,groupby,G1_1e9_1e1_0_0,1697619005.77363,start,,,c6id.metal
ip-172-31-31-147,1697529451,pandas,2.1.1,e86ed377639948c64c429059127bcf5b359ab6be,groupby,G1_1e9_1e1_0_0,1697627105.62564,finish,0,0,c6id.metal
ip-172-31-31-147,1697529451,pandas,2.1.1,e86ed377639948c64c429059127bcf5b359ab6be,groupby,G1_1e9_2e0_0_0,1697627120.64073,start,,,c6id.metal
ip-172-31-31-147,1697529451,pandas,2.1.1,e86ed377639948c64c429059127bcf5b359ab6be,groupby,G1_1e9_2e0_0_0,1697637940.64603,finish,1,0,c6id.metal
ip-172-31-31-147,1697529451,pandas,2.1.1,e86ed377639948c64c429059127bcf5b359ab6be,groupby,G1_1e9_1e2_0_1,1697637955.66135,start,,,c6id.metal
ip-172-31-31-147,1697529451,pandas,2.1.1,e86ed377639948c64c429059127bcf5b359ab6be,groupby,G1_1e9_1e2_0_1,1697644250.54517,finish,0,0,c6id.metal
ip-172-31-31-147,1697529451,pandas,2.1.1,e86ed377639948c64c429059127bcf5b359ab6be,groupby,G1_1e9_1e2_5_0,1697644265.56042,start,,,c6id.metal
ip-172-31-31-147,1697529451,pandas,2.1.1,e86ed377639948c64c429059127bcf5b359ab6be,groupby,G1_1e9_1e2_5_0,1697644265.98818,finish,1,0,c6id.metal
ip-172-31-31-147,1697529451,pydatatable,1.1.0a0,cb07f6d3569b4646130dbc69041cc0fde95e40fa,groupby,G1_1e7_1e2_0_0,1697644281.0034,start,,,c6id.metal
ip-172-31-31-147,1697529451,pydatatable,1.1.0a0,cb07f6d3569b4646130dbc69041cc0fde95e40fa,groupby,G1_1e7_1e2_0_0,1697644489.19183,finish,0,0,c6id.metal
ip-172-31-31-147,1697529451,pydatatable,1.1.0a0,cb07f6d3569b4646130dbc69041cc0fde95e40fa,groupby,G1_1e7_1e1_0_0,1697644504.20713,start,,,c6id.metal
ip-172-31-31-147,1697529451,pydatatable,1.1.0a0,cb07f6d3569b4646130dbc69041cc0fde95e40fa,groupby,G1_1e7_1e1_0_0,1697644633.57661,finish,0,0,c6id.metal
ip-172-31-31-147,1697529451,pydatatable,1.1.0a0,cb07f6d3569b4646130dbc69041cc0fde95e40fa,groupby,G1_1e7_2e0_0_0,1697644648.59185,start,,,c6id.metal
ip-172-31-31-147,1697529451,pydatatable,1.1.0a0,cb07f6d3569b4646130dbc69041cc0fde95e40fa,groupby,G1_1e7_2e0_0_0,1697644787.72842,finish,0,0,c6id.metal
ip-172-31-31-147,1697529451,pydatatable,1.1.0a0,cb07f6d3569b4646130dbc69041cc0fde95e40fa,groupby,G1_1e7_1e2_0_1,1697644802.74369,start,,,c6id.metal
ip-172-31-31-147,1697529451,pydatatable,1.1.0a0,cb07f6d3569b4646130dbc69041cc0fde95e40fa,groupby,G1_1e7_1e2_0_1,1697644996.82195,finish,0,0,c6id.metal
ip-172-31-31-147,1697529451,pydatatable,1.1.0a0,cb07f6d3569b4646130dbc69041cc0fde95e40fa,groupby,G1_1e7_1e2_5_0,1697645011.83719,start,,,c6id.metal
ip-172-31-31-147,1697529451,pydatatable,1.1.0a0,cb07f6d3569b4646130dbc69041cc0fde95e40fa,groupby,G1_1e7_1e2_5_0,1697645189.69689,finish,0,0,c6id.metal
ip-172-31-31-147,1697529451,pydatatable,1.1.0a0,cb07f6d3569b4646130dbc69041cc0fde95e40fa,groupby,G1_1e8_1e2_0_0,1697645204.71213,start,,,c6id.metal
ip-172-31-31-147,1697529451,pydatatable,1.1.0a0,cb07f6d3569b4646130dbc69041cc0fde95e40fa,groupby,G1_1e8_1e2_0_0,1697647491.71047,finish,0,0,c6id.metal
ip-172-31-31-147,1697529451,pydatatable,1.1.0a0,cb07f6d3569b4646130dbc69041cc0fde95e40fa,groupby,G1_1e8_1e1_0_0,1697647506.72573,start,,,c6id.metal
ip-172-31-31-147,1697529451,pydatatable,1.1.0a0,cb07f6d3569b4646130dbc69041cc0fde95e40fa,groupby,G1_1e8_1e1_0_0,1697649628.66962,finish,0,0,c6id.metal
ip-172-31-31-147,1697529451,pydatatable,1.1.0a0,cb07f6d3569b4646130dbc69041cc0fde95e40fa,groupby,G1_1e8_2e0_0_0,1697649643.68473,start,,,c6id.metal
ip-172-31-31-147,1697529451,pydatatable,1.1.0a0,cb07f6d3569b4646130dbc69041cc0fde95e40fa,groupby,G1_1e8_2e0_0_0,1697651266.03914,finish,0,0,c6id.metal
ip-172-31-31-147,1697529451,pydatatable,1.1.0a0,cb07f6d3569b4646130dbc69041cc0fde95e40fa,groupby,G1_1e8_1e2_0_1,1697651281.05438,start,,,c6id.metal
ip-172-31-31-147,1697529451,pydatatable,1.1.0a0,cb07f6d3569b4646130dbc69041cc0fde95e40fa,groupby,G1_1e8_1e2_0_1,1697653021.97824,finish,0,0,c6id.metal
ip-172-31-31-147,1697529451,pydatatable,1.1.0a0,cb07f6d3569b4646130dbc69041cc0fde95e40fa,groupby,G1_1e8_1e2_5_0,1697653036.99349,start,,,c6id.metal
ip-172-31-31-147,1697529451,pydatatable,1.1.0a0,cb07f6d3569b4646130dbc69041cc0fde95e40fa,groupby,G1_1e8_1e2_5_0,1697655902.84395,finish,0,0,c6id.metal
ip-172-31-31-147,1697529451,pydatatable,1.1.0a0,cb07f6d3569b4646130dbc69041cc0fde95e40fa,groupby,G1_1e9_1e2_0_0,1697655917.85924,start,,,c6id.metal
ip-172-31-31-147,1697529451,pydatatable,1.1.0a0,cb07f6d3569b4646130dbc69041cc0fde95e40fa,groupby,G1_1e9_1e2_0_0,1697666724.45459,finish,5,0,c6id.metal
ip-172-31-31-147,1697529451,pydatatable,1.1.0a0,cb07f6d3569b4646130dbc69041cc0fde95e40fa,groupby,G1_1e9_1e1_0_0,1697666739.4697,start,,,c6id.metal
ip-172-31-31-147,1697529451,pydatatable,1.1.0a0,cb07f6d3569b4646130dbc69041cc0fde95e40fa,groupby,G1_1e9_1e1_0_0,1697677547.25325,finish,5,0,c6id.metal
ip-172-31-31-147,1697529451,pydatatable,1.1.0a0,cb07f6d3569b4646130dbc69041cc0fde95e40fa,groupby,G1_1e9_2e0_0_0,1697677562.2685,start,,,c6id.metal
ip-172-31-31-147,1697529451,pydatatable,1.1.0a0,cb07f6d3569b4646130dbc69041cc0fde95e40fa,groupby,G1_1e9_2e0_0_0,1697682205.82905,finish,1,137,c6id.metal
ip-172-31-31-147,1697529451,pydatatable,1.1.0a0,cb07f6d3569b4646130dbc69041cc0fde95e40fa,groupby,G1_1e9_1e2_0_1,1697682220.84424,start,,,c6id.metal
ip-172-31-31-147,1697529451,pydatatable,1.1.0a0,cb07f6d3569b4646130dbc69041cc0fde95e40fa,groupby,G1_1e9_1e2_0_1,1697693028.07653,finish,5,137,c6id.metal
ip-172-31-31-147,1697529451,pydatatable,1.1.0a0,cb07f6d3569b4646130dbc69041cc0fde95e40fa,groupby,G1_1e9_1e2_5_0,1697693043.09165,start,,,c6id.metal
ip-172-31-31-147,1697529451,pydatatable,1.1.0a0,cb07f6d3569b4646130dbc69041cc0fde95e40fa,groupby,G1_1e9_1e2_5_0,1697693043.28856,finish,1,0,c6id.metal
ip-172-31-31-147,1697529451,spark,3.5.0,,groupby,G1_1e7_1e2_0_0,1697693058.30378,start,,,c6id.metal
ip-172-31-31-147,1697529451,spark,3.5.0,,groupby,G1_1e7_1e2_0_0,1697693104.73975,finish,3,0,c6id.metal
ip-172-31-31-147,1697529451,spark,3.5.0,,groupby,G1_1e7_1e1_0_0,1697693119.75505,start,,,c6id.metal
ip-172-31-31-147,1697529451,spark,3.5.0,,groupby,G1_1e7_1e1_0_0,1697693162.86696,finish,3,0,c6id.metal
ip-172-31-31-147,1697529451,spark,3.5.0,,groupby,G1_1e7_2e0_0_0,1697693177.88227,start,,,c6id.metal
ip-172-31-31-147,1697529451,spark,3.5.0,,groupby,G1_1e7_2e0_0_0,1697693219.11438,finish,3,0,c6id.metal
ip-172-31-31-147,1697529451,spark,3.5.0,,groupby,G1_1e7_1e2_0_1,1697693234.12969,start,,,c6id.metal
ip-172-31-31-147,1697529451,spark,3.5.0,,groupby,G1_1e7_1e2_0_1,1697693277.39394,finish,3,0,c6id.metal
ip-172-31-31-147,1697529451,spark,3.5.0,,groupby,G1_1e7_1e2_5_0,1697693292.40926,start,,,c6id.metal
ip-172-31-31-147,1697529451,spark,3.5.0,,groupby,G1_1e7_1e2_5_0,1697693336.16142,finish,3,0,c6id.metal
ip-172-31-31-147,1697529451,spark,3.5.0,,groupby,G1_1e8_1e2_0_0,1697693351.17669,start,,,c6id.metal
ip-172-31-31-147,1697529451,spark,3.5.0,,groupby,G1_1e8_1e2_0_0,1697693447.35213,finish,3,0,c6id.metal
ip-172-31-31-147,1697529451,spark,3.5.0,,groupby,G1_1e8_1e1_0_0,1697693462.36746,start,,,c6id.metal
ip-172-31-31-147,1697529451,spark,3.5.0,,groupby,G1_1e8_1e1_0_0,1697693561.55568,finish,3,0,c6id.metal
ip-172-31-31-147,1697529451,spark,3.5.0,,groupby,G1_1e8_2e0_0_0,1697693576.57106,start,,,c6id.metal
ip-172-31-31-147,1697529451,spark,3.5.0,,groupby,G1_1e8_2e0_0_0,1697693697.40098,finish,3,0,c6id.metal
ip-172-31-31-147,1697529451,spark,3.5.0,,groupby,G1_1e8_1e2_0_1,1697693712.41628,start,,,c6id.metal
ip-172-31-31-147,1697529451,spark,3.5.0,,groupby,G1_1e8_1e2_0_1,1697693808.07083,finish,3,0,c6id.metal
ip-172-31-31-147,1697529451,spark,3.5.0,,groupby,G1_1e8_1e2_5_0,1697693823.08594,start,,,c6id.metal
ip-172-31-31-147,1697529451,spark,3.5.0,,groupby,G1_1e8_1e2_5_0,1697693919.24603,finish,3,0,c6id.metal
ip-172-31-31-147,1697529451,spark,3.5.0,,groupby,G1_1e9_1e2_0_0,1697693934.26132,start,,,c6id.metal
ip-172-31-31-147,1697529451,spark,3.5.0,,groupby,G1_1e9_1e2_0_0,1697695680.27695,finish,5369,0,c6id.metal
ip-172-31-31-147,1697529451,spark,3.5.0,,groupby,G1_1e9_1e1_0_0,1697695695.29228,start,,,c6id.metal
ip-172-31-31-147,1697529451,spark,3.5.0,,groupby,G1_1e9_1e1_0_0,1697697548.49546,finish,5225,0,c6id.metal
ip-172-31-31-147,1697529451,spark,3.5.0,,groupby,G1_1e9_2e0_0_0,1697697563.51052,start,,,c6id.metal
ip-172-31-31-147,1697529451,spark,3.5.0,,groupby,G1_1e9_2e0_0_0,1697697606.00908,finish,4348,1,c6id.metal
ip-172-31-31-147,1697529451,spark,3.5.0,,groupby,G1_1e9_1e2_0_1,1697697621.02439,start,,,c6id.metal
ip-172-31-31-147,1697529451,spark,3.5.0,,groupby,G1_1e9_1e2_0_1,1697698838.66265,finish,9568,1,c6id.metal
ip-172-31-31-147,1697529451,spark,3.5.0,,groupby,G1_1e9_1e2_5_0,1697698853.6776,start,,,c6id.metal
ip-172-31-31-147,1697529451,spark,3.5.0,,groupby,G1_1e9_1e2_5_0,1697700360.50796,finish,5385,0,c6id.metal
ip-172-31-31-147,1697529451,dask,2023.10.0,3a8f8248884f8c69b76d610d8a44d9b6501d7a7a,groupby,G1_1e7_1e2_0_0,1697700375.52326,start,,,c6id.metal
ip-172-31-31-147,1697529451,dask,2023.10.0,3a8f8248884f8c69b76d610d8a44d9b6501d7a7a,groupby,G1_1e7_1e2_0_0,1697700386.65341,finish,24,0,c6id.metal
ip-172-31-31-147,1697529451,dask,2023.10.0,3a8f8248884f8c69b76d610d8a44d9b6501d7a7a,groupby,G1_1e7_1e1_0_0,1697700401.66866,start,,,c6id.metal
ip-172-31-31-147,1697529451,dask,2023.10.0,3a8f8248884f8c69b76d610d8a44d9b6501d7a7a,groupby,G1_1e7_1e1_0_0,1697700425.83987,finish,0,0,c6id.metal
ip-172-31-31-147,1697529451,dask,2023.10.0,3a8f8248884f8c69b76d610d8a44d9b6501d7a7a,groupby,G1_1e7_2e0_0_0,1697700440.85516,start,,,c6id.metal
ip-172-31-31-147,1697529451,dask,2023.10.0,3a8f8248884f8c69b76d610d8a44d9b6501d7a7a,groupby,G1_1e7_2e0_0_0,1697700493.44673,finish,0,0,c6id.metal
ip-172-31-31-147,1697529451,dask,2023.10.0,3a8f8248884f8c69b76d610d8a44d9b6501d7a7a,groupby,G1_1e7_1e2_0_1,1697700508.46198,start,,,c6id.metal
ip-172-31-31-147,1697529451,dask,2023.10.0,3a8f8248884f8c69b76d610d8a44d9b6501d7a7a,groupby,G1_1e7_1e2_0_1,1697700518.03824,finish,0,0,c6id.metal
ip-172-31-31-147,1697529451,dask,2023.10.0,3a8f8248884f8c69b76d610d8a44d9b6501d7a7a,groupby,G1_1e7_1e2_5_0,1697700533.05335,start,,,c6id.metal
ip-172-31-31-147,1697529451,dask,2023.10.0,3a8f8248884f8c69b76d610d8a44d9b6501d7a7a,groupby,G1_1e7_1e2_5_0,1697700534.96719,finish,1,0,c6id.metal
ip-172-31-31-147,1697529451,dask,2023.10.0,3a8f8248884f8c69b76d610d8a44d9b6501d7a7a,groupby,G1_1e8_1e2_0_0,1697700549.98242,start,,,c6id.metal
ip-172-31-31-147,1697529451,dask,2023.10.0,3a8f8248884f8c69b76d610d8a44d9b6501d7a7a,groupby,G1_1e8_1e2_0_0,1697700641.56327,finish,0,0,c6id.metal
ip-172-31-31-147,1697529451,dask,2023.10.0,3a8f8248884f8c69b76d610d8a44d9b6501d7a7a,groupby,G1_1e8_1e1_0_0,1697700656.57852,start,,,c6id.metal
ip-172-31-31-147,1697529451,dask,2023.10.0,3a8f8248884f8c69b76d610d8a44d9b6501d7a7a,groupby,G1_1e8_1e1_0_0,1697701066.59998,finish,0,0,c6id.metal
ip-172-31-31-147,1697529451,dask,2023.10.0,3a8f8248884f8c69b76d610d8a44d9b6501d7a7a,groupby,G1_1e8_2e0_0_0,1697701081.61522,start,,,c6id.metal
ip-172-31-31-147,1697529451,dask,2023.10.0,3a8f8248884f8c69b76d610d8a44d9b6501d7a7a,groupby,G1_1e8_2e0_0_0,1697701765.17082,finish,11,1,c6id.metal
ip-172-31-31-147,1697529451,dask,2023.10.0,3a8f8248884f8c69b76d610d8a44d9b6501d7a7a,groupby,G1_1e8_1e2_0_1,1697701780.18607,start,,,c6id.metal
ip-172-31-31-147,1697529451,dask,2023.10.0,3a8f8248884f8c69b76d610d8a44d9b6501d7a7a,groupby,G1_1e8_1e2_0_1,1697701872.58977,finish,0,0,c6id.metal
ip-172-31-31-147,1697529451,dask,2023.10.0,3a8f8248884f8c69b76d610d8a44d9b6501d7a7a,groupby,G1_1e8_1e2_5_0,1697701887.60497,start,,,c6id.metal
ip-172-31-31-147,1697529451,dask,2023.10.0,3a8f8248884f8c69b76d610d8a44d9b6501d7a7a,groupby,G1_1e8_1e2_5_0,1697701889.47746,finish,1,0,c6id.metal
ip-172-31-31-147,1697529451,dask,2023.10.0,3a8f8248884f8c69b76d610d8a44d9b6501d7a7a,groupby,G1_1e9_1e2_0_0,1697701904.49272,start,,,c6id.metal
ip-172-31-31-147,1697529451,dask,2023.10.0,3a8f8248884f8c69b76d610d8a44d9b6501d7a7a,groupby,G1_1e9_1e2_0_0,1697704827.43338,finish,31,1,c6id.metal
ip-172-31-31-147,1697529451,dask,2023.10.0,3a8f8248884f8c69b76d610d8a44d9b6501d7a7a,groupby,G1_1e9_1e1_0_0,1697704842.44843,start,,,c6id.metal
ip-172-31-31-147,1697529451,dask,2023.10.0,3a8f8248884f8c69b76d610d8a44d9b6501d7a7a,groupby,G1_1e9_1e1_0_0,1697715642.81852,finish,1987,1,c6id.metal
ip-172-31-31-147,1697529451,dask,2023.10.0,3a8f8248884f8c69b76d610d8a44d9b6501d7a7a,groupby,G1_1e9_2e0_0_0,1697715657.83377,start,,,c6id.metal
ip-172-31-31-147,1697529451,dask,2023.10.0,3a8f8248884f8c69b76d610d8a44d9b6501d7a7a,groupby,G1_1e9_2e0_0_0,1697726458.11455,finish,51,1,c6id.metal
ip-172-31-31-147,1697529451,dask,2023.10.0,3a8f8248884f8c69b76d610d8a44d9b6501d7a7a,groupby,G1_1e9_1e2_0_1,1697726473.12979,start,,,c6id.metal
ip-172-31-31-147,1697529451,dask,2023.10.0,3a8f8248884f8c69b76d610d8a44d9b6501d7a7a,groupby,G1_1e9_1e2_0_1,1697729109.32177,finish,11,1,c6id.metal
ip-172-31-31-147,1697529451,dask,2023.10.0,3a8f8248884f8c69b76d610d8a44d9b6501d7a7a,groupby,G1_1e9_1e2_5_0,1697729124.33688,start,,,c6id.metal
ip-172-31-31-147,1697529451,dask,2023.10.0,3a8f8248884f8c69b76d610d8a44d9b6501d7a7a,groupby,G1_1e9_1e2_5_0,1697729126.50629,finish,1,0,c6id.metal
ip-172-31-31-147,1697529451,polars,0.19.8,,groupby,G1_1e7_1e2_0_0,1697729141.5214,start,,,c6id.metal
ip-172-31-31-147,1697529451,polars,0.19.8,,groupby,G1_1e7_1e2_0_0,1697729148.35191,finish,40,0,c6id.metal
ip-172-31-31-147,1697529451,polars,0.19.8,,groupby,G1_1e7_1e1_0_0,1697729163.36718,start,,,c6id.metal
ip-172-31-31-147,1697529451,polars,0.19.8,,groupby,G1_1e7_1e1_0_0,1697729173.77798,finish,40,0,c6id.metal
ip-172-31-31-147,1697529451,polars,0.19.8,,groupby,G1_1e7_2e0_0_0,1697729188.79323,start,,,c6id.metal
ip-172-31-31-147,1697529451,polars,0.19.8,,groupby,G1_1e7_2e0_0_0,1697729209.74266,finish,40,0,c6id.metal
ip-172-31-31-147,1697529451,polars,0.19.8,,groupby,G1_1e7_1e2_0_1,1697729224.75791,start,,,c6id.metal
ip-172-31-31-147,1697529451,polars,0.19.8,,groupby,G1_1e7_1e2_0_1,1697729231.64522,finish,40,0,c6id.metal
ip-172-31-31-147,1697529451,polars,0.19.8,,groupby,G1_1e7_1e2_5_0,1697729246.66045,start,,,c6id.metal
ip-172-31-31-147,1697529451,polars,0.19.8,,groupby,G1_1e7_1e2_5_0,1697729254.46548,finish,40,0,c6id.metal
ip-172-31-31-147,1697529451,polars,0.19.8,,groupby,G1_1e8_1e2_0_0,1697729269.48055,start,,,c6id.metal
ip-172-31-31-147,1697529451,polars,0.19.8,,groupby,G1_1e8_1e2_0_0,1697729351.74678,finish,40,0,c6id.metal
ip-172-31-31-147,1697529451,polars,0.19.8,,groupby,G1_1e8_1e1_0_0,1697729366.76186,start,,,c6id.metal
ip-172-31-31-147,1697529451,polars,0.19.8,,groupby,G1_1e8_1e1_0_0,1697729489.99665,finish,40,0,c6id.metal
ip-172-31-31-147,1697529451,polars,0.19.8,,groupby,G1_1e8_2e0_0_0,1697729505.01188,start,,,c6id.metal
ip-172-31-31-147,1697529451,polars,0.19.8,,groupby,G1_1e8_2e0_0_0,1697729736.20528,finish,40,0,c6id.metal
ip-172-31-31-147,1697529451,polars,0.19.8,,groupby,G1_1e8_1e2_0_1,1697729751.22036,start,,,c6id.metal
ip-172-31-31-147,1697529451,polars,0.19.8,,groupby,G1_1e8_1e2_0_1,1697729836.81978,finish,40,0,c6id.metal
ip-172-31-31-147,1697529451,polars,0.19.8,,groupby,G1_1e8_1e2_5_0,1697729851.83503,start,,,c6id.metal
ip-172-31-31-147,1697529451,polars,0.19.8,,groupby,G1_1e8_1e2_5_0,1697729947.99416,finish,40,0,c6id.metal
ip-172-31-31-147,1697529451,polars,0.19.8,,groupby,G1_1e9_1e2_0_0,1697729963.00939,start,,,c6id.metal
ip-172-31-31-147,1697529451,polars,0.19.8,,groupby,G1_1e9_1e2_0_0,1697731058.54753,finish,40,0,c6id.metal
ip-172-31-31-147,1697529451,polars,0.19.8,,groupby,G1_1e9_1e1_0_0,1697731073.56275,start,,,c6id.metal
ip-172-31-31-147,1697529451,polars,0.19.8,,groupby,G1_1e9_1e1_0_0,1697732428.01032,finish,40,0,c6id.metal
ip-172-31-31-147,1697529451,polars,0.19.8,,groupby,G1_1e9_2e0_0_0,1697732443.02554,start,,,c6id.metal
ip-172-31-31-147,1697529451,polars,0.19.8,,groupby,G1_1e9_2e0_0_0,1697734914.62789,finish,40,0,c6id.metal
ip-172-31-31-147,1697529451,polars,0.19.8,,groupby,G1_1e9_1e2_0_1,1697734929.64315,start,,,c6id.metal
ip-172-31-31-147,1697529451,polars,0.19.8,,groupby,G1_1e9_1e2_0_1,1697735954.36647,finish,40,0,c6id.metal
ip-172-31-31-147,1697529451,polars,0.19.8,,groupby,G1_1e9_1e2_5_0,1697735969.38168,start,,,c6id.metal
ip-172-31-31-147,1697529451,polars,0.19.8,,groupby,G1_1e9_1e2_5_0,1697737214.13839,finish,40,0,c6id.metal
ip-172-31-31-147,1697529451,arrow,13.0.0.1,,groupby,G1_1e7_1e2_0_0,1697737229.15372,start,,,c6id.metal
ip-172-31-31-147,1697529451,arrow,13.0.0.1,,groupby,G1_1e7_1e2_0_0,1697737280.90263,finish,3,0,c6id.metal
ip-172-31-31-147,1697529451,arrow,13.0.0.1,,groupby,G1_1e7_1e1_0_0,1697737295.91784,start,,,c6id.metal
ip-172-31-31-147,1697529451,arrow,13.0.0.1,,groupby,G1_1e7_1e1_0_0,1697737332.74764,finish,3,0,c6id.metal
ip-172-31-31-147,1697529451,arrow,13.0.0.1,,groupby,G1_1e7_2e0_0_0,1697737347.7629,start,,,c6id.metal
ip-172-31-31-147,1697529451,arrow,13.0.0.1,,groupby,G1_1e7_2e0_0_0,1697737410.22651,finish,3,0,c6id.metal
ip-172-31-31-147,1697529451,arrow,13.0.0.1,,groupby,G1_1e7_1e2_0_1,1697737425.24176,start,,,c6id.metal
ip-172-31-31-147,1697529451,arrow,13.0.0.1,,groupby,G1_1e7_1e2_0_1,1697737472.45105,finish,3,0,c6id.metal
ip-172-31-31-147,1697529451,arrow,13.0.0.1,,groupby,G1_1e7_1e2_5_0,1697737487.46633,start,,,c6id.metal
ip-172-31-31-147,1697529451,arrow,13.0.0.1,,groupby,G1_1e7_1e2_5_0,1697737534.46797,finish,3,0,c6id.metal
ip-172-31-31-147,1697529451,arrow,13.0.0.1,,groupby,G1_1e8_1e2_0_0,1697737549.48329,start,,,c6id.metal
ip-172-31-31-147,1697529451,arrow,13.0.0.1,,groupby,G1_1e8_1e2_0_0,1697744769.48851,finish,4,0,c6id.metal
ip-172-31-31-147,1697529451,arrow,13.0.0.1,,groupby,G1_1e8_1e1_0_0,1697744784.50376,start,,,c6id.metal
ip-172-31-31-147,1697529451,arrow,13.0.0.1,,groupby,G1_1e8_1e1_0_0,1697752004.50829,finish,4,0,c6id.metal
ip-172-31-31-147,1697529451,arrow,13.0.0.1,,groupby,G1_1e8_2e0_0_0,1697752019.52356,start,,,c6id.metal
ip-172-31-31-147,1697529451,arrow,13.0.0.1,,groupby,G1_1e8_2e0_0_0,1697759239.52888,finish,4,0,c6id.metal
ip-172-31-31-147,1697529451,arrow,13.0.0.1,,groupby,G1_1e8_1e2_0_1,1697759254.54411,start,,,c6id.metal
ip-172-31-31-147,1697529451,arrow,13.0.0.1,,groupby,G1_1e8_1e2_0_1,1697766474.54881,finish,4,0,c6id.metal
ip-172-31-31-147,1697529451,arrow,13.0.0.1,,groupby,G1_1e8_1e2_5_0,1697766489.56412,start,,,c6id.metal
ip-172-31-31-147,1697529451,arrow,13.0.0.1,,groupby,G1_1e8_1e2_5_0,1697768080.56918,finish,10,1,c6id.metal
ip-172-31-31-147,1697529451,arrow,13.0.0.1,,groupby,G1_1e9_1e2_0_0,1697768095.58443,start,,,c6id.metal
ip-172-31-31-147,1697529451,arrow,13.0.0.1,,groupby,G1_1e9_1e2_0_0,1697769053.54827,finish,19,1,c6id.metal
ip-172-31-31-147,1697529451,arrow,13.0.0.1,,groupby,G1_1e9_1e1_0_0,1697769068.56347,start,,,c6id.metal
ip-172-31-31-147,1697529451,arrow,13.0.0.1,,groupby,G1_1e9_1e1_0_0,1697770705.05,finish,19,1,c6id.metal
ip-172-31-31-147,1697529451,arrow,13.0.0.1,,groupby,G1_1e9_2e0_0_0,1697770720.0652,start,,,c6id.metal
ip-172-31-31-147,1697529451,arrow,13.0.0.1,,groupby,G1_1e9_2e0_0_0,1697770743.49558,finish,16,1,c6id.metal
ip-172-31-31-147,1697529451,arrow,13.0.0.1,,groupby,G1_1e9_1e2_0_1,1697770758.51078,start,,,c6id.metal
ip-172-31-31-147,1697529451,arrow,13.0.0.1,,groupby,G1_1e9_1e2_0_1,1697771626.40316,finish,19,1,c6id.metal
ip-172-31-31-147,1697529451,arrow,13.0.0.1,,groupby,G1_1e9_1e2_5_0,1697771641.41838,start,,,c6id.metal
ip-172-31-31-147,1697529451,arrow,13.0.0.1,,groupby,G1_1e9_1e2_5_0,1697772537.93477,finish,19,1,c6id.metal
ip-172-31-31-147,1697529451,duckdb,0.8.1.3,6536a77232,groupby,G1_1e7_1e2_0_0,1697772552.94997,start,,,c6id.metal
ip-172-31-31-147,1697529451,duckdb,0.8.1.3,6536a77232,groupby,G1_1e7_1e2_0_0,1697772560.57145,finish,3,0,c6id.metal
ip-172-31-31-147,1697529451,duckdb,0.8.1.3,6536a77232,groupby,G1_1e7_1e1_0_0,1697772575.58656,start,,,c6id.metal
ip-172-31-31-147,1697529451,duckdb,0.8.1.3,6536a77232,groupby,G1_1e7_1e1_0_0,1697772583.57889,finish,3,0,c6id.metal
ip-172-31-31-147,1697529451,duckdb,0.8.1.3,6536a77232,groupby,G1_1e7_2e0_0_0,1697772598.59396,start,,,c6id.metal
ip-172-31-31-147,1697529451,duckdb,0.8.1.3,6536a77232,groupby,G1_1e7_2e0_0_0,1697772607.12426,finish,3,0,c6id.metal
ip-172-31-31-147,1697529451,duckdb,0.8.1.3,6536a77232,groupby,G1_1e7_1e2_0_1,1697772622.13949,start,,,c6id.metal
ip-172-31-31-147,1697529451,duckdb,0.8.1.3,6536a77232,groupby,G1_1e7_1e2_0_1,1697772628.91928,finish,3,0,c6id.metal
ip-172-31-31-147,1697529451,duckdb,0.8.1.3,6536a77232,groupby,G1_1e7_1e2_5_0,1697772643.93453,start,,,c6id.metal
ip-172-31-31-147,1697529451,duckdb,0.8.1.3,6536a77232,groupby,G1_1e7_1e2_5_0,1697772651.9385,finish,3,0,c6id.metal
ip-172-31-31-147,1697529451,duckdb,0.8.1.3,6536a77232,groupby,G1_1e8_1e2_0_0,1697772666.95362,start,,,c6id.metal
ip-172-31-31-147,1697529451,duckdb,0.8.1.3,6536a77232,groupby,G1_1e8_1e2_0_0,1697772694.92904,finish,3,0,c6id.metal
ip-172-31-31-147,1697529451,duckdb,0.8.1.3,6536a77232,groupby,G1_1e8_1e1_0_0,1697772709.94412,start,,,c6id.metal
ip-172-31-31-147,1697529451,duckdb,0.8.1.3,6536a77232,groupby,G1_1e8_1e1_0_0,1697772742.62924,finish,3,0,c6id.metal
ip-172-31-31-147,1697529451,duckdb,0.8.1.3,6536a77232,groupby,G1_1e8_2e0_0_0,1697772757.64432,start,,,c6id.metal
ip-172-31-31-147,1697529451,duckdb,0.8.1.3,6536a77232,groupby,G1_1e8_2e0_0_0,1697772788.63953,finish,3,0,c6id.metal
ip-172-31-31-147,1697529451,duckdb,0.8.1.3,6536a77232,groupby,G1_1e8_1e2_0_1,1697772803.65465,start,,,c6id.metal
ip-172-31-31-147,1697529451,duckdb,0.8.1.3,6536a77232,groupby,G1_1e8_1e2_0_1,1697772829.48533,finish,3,0,c6id.metal
ip-172-31-31-147,1697529451,duckdb,0.8.1.3,6536a77232,groupby,G1_1e8_1e2_5_0,1697772844.50057,start,,,c6id.metal
ip-172-31-31-147,1697529451,duckdb,0.8.1.3,6536a77232,groupby,G1_1e8_1e2_5_0,1697772871.36917,finish,3,0,c6id.metal
ip-172-31-31-147,1697529451,duckdb,0.8.1.3,6536a77232,groupby,G1_1e9_1e2_0_0,1697772886.38424,start,,,c6id.metal
ip-172-31-31-147,1697529451,duckdb,0.8.1.3,6536a77232,groupby,G1_1e9_1e2_0_0,1697772886.79014,finish,4,1,c6id.metal
ip-172-31-31-147,1697529451,duckdb,0.8.1.3,6536a77232,groupby,G1_1e9_1e1_0_0,1697772901.8054,start,,,c6id.metal
ip-172-31-31-147,1697529451,duckdb,0.8.1.3,6536a77232,groupby,G1_1e9_1e1_0_0,1697772902.20488,finish,4,1,c6id.metal
ip-172-31-31-147,1697529451,duckdb,0.8.1.3,6536a77232,groupby,G1_1e9_2e0_0_0,1697772917.22014,start,,,c6id.metal
ip-172-31-31-147,1697529451,duckdb,0.8.1.3,6536a77232,groupby,G1_1e9_2e0_0_0,1697772917.61609,finish,4,1,c6id.metal
ip-172-31-31-147,1697529451,duckdb,0.8.1.3,6536a77232,groupby,G1_1e9_1e2_0_1,1697772932.63135,start,,,c6id.metal
ip-172-31-31-147,1697529451,duckdb,0.8.1.3,6536a77232,groupby,G1_1e9_1e2_0_1,1697772933.02858,finish,4,1,c6id.metal
ip-172-31-31-147,1697529451,duckdb,0.8.1.3,6536a77232,groupby,G1_1e9_1e2_5_0,1697772948.0437,start,,,c6id.metal
ip-172-31-31-147,1697529451,duckdb,0.8.1.3,6536a77232,groupby,G1_1e9_1e2_5_0,1697772948.44392,finish,4,1,c6id.metal
ip-172-31-31-147,1697790902,duckdb-latest,0.9.1,401c8061c6,groupby,G1_1e7_1e2_0_0,1697790906.76937,start,,,c6id.metal
ip-172-31-31-147,1697790902,duckdb-latest,0.9.1,401c8061c6,groupby,G1_1e7_1e2_0_0,1697790912.52692,finish,3,0,c6id.metal
ip-172-31-31-147,1697790902,duckdb-latest,0.9.1,401c8061c6,groupby,G1_1e7_1e1_0_0,1697790927.54214,start,,,c6id.metal
ip-172-31-31-147,1697790902,duckdb-latest,0.9.1,401c8061c6,groupby,G1_1e7_1e1_0_0,1697790934.04563,finish,3,0,c6id.metal
ip-172-31-31-147,1697790902,duckdb-latest,0.9.1,401c8061c6,groupby,G1_1e7_2e0_0_0,1697790949.0607,start,,,c6id.metal
ip-172-31-31-147,1697790902,duckdb-latest,0.9.1,401c8061c6,groupby,G1_1e7_2e0_0_0,1697790956.63866,finish,3,0,c6id.metal
ip-172-31-31-147,1697790902,duckdb-latest,0.9.1,401c8061c6,groupby,G1_1e7_1e2_0_1,1697790971.65389,start,,,c6id.metal
ip-172-31-31-147,1697790902,duckdb-latest,0.9.1,401c8061c6,groupby,G1_1e7_1e2_0_1,1697790977.0535,finish,3,0,c6id.metal
ip-172-31-31-147,1697790902,duckdb-latest,0.9.1,401c8061c6,groupby,G1_1e7_1e2_5_0,1697790992.06855,start,,,c6id.metal
ip-172-31-31-147,1697790902,duckdb-latest,0.9.1,401c8061c6,groupby,G1_1e7_1e2_5_0,1697790996.8166,finish,3,0,c6id.metal
ip-172-31-31-147,1697790902,duckdb-latest,0.9.1,401c8061c6,groupby,G1_1e8_1e2_0_0,1697791011.83169,start,,,c6id.metal
ip-172-31-31-147,1697790902,duckdb-latest,0.9.1,401c8061c6,groupby,G1_1e8_1e2_0_0,1697791036.34735,finish,3,0,c6id.metal
ip-172-31-31-147,1697790902,duckdb-latest,0.9.1,401c8061c6,groupby,G1_1e8_1e1_0_0,1697791051.36258,start,,,c6id.metal
ip-172-31-31-147,1697790902,duckdb-latest,0.9.1,401c8061c6,groupby,G1_1e8_1e1_0_0,1697791086.24248,finish,3,0,c6id.metal
ip-172-31-31-147,1697790902,duckdb-latest,0.9.1,401c8061c6,groupby,G1_1e8_2e0_0_0,1697791101.25755,start,,,c6id.metal
ip-172-31-31-147,1697790902,duckdb-latest,0.9.1,401c8061c6,groupby,G1_1e8_2e0_0_0,1697791155.18202,finish,3,0,c6id.metal
ip-172-31-31-147,1697790902,duckdb-latest,0.9.1,401c8061c6,groupby,G1_1e8_1e2_0_1,1697791170.19727,start,,,c6id.metal
ip-172-31-31-147,1697790902,duckdb-latest,0.9.1,401c8061c6,groupby,G1_1e8_1e2_0_1,1697791191.92176,finish,3,0,c6id.metal
ip-172-31-31-147,1697790902,duckdb-latest,0.9.1,401c8061c6,groupby,G1_1e8_1e2_5_0,1697791206.93686,start,,,c6id.metal
ip-172-31-31-147,1697790902,duckdb-latest,0.9.1,401c8061c6,groupby,G1_1e8_1e2_5_0,1697791226.23695,finish,3,0,c6id.metal
ip-172-31-31-147,1697790902,duckdb-latest,0.9.1,401c8061c6,groupby,G1_1e9_1e2_0_0,1697791241.25205,start,,,c6id.metal
ip-172-31-31-147,1697790902,duckdb-latest,0.9.1,401c8061c6,groupby,G1_1e9_1e2_0_0,1697792016.81413,finish,5,0,c6id.metal
ip-172-31-31-147,1697790902,duckdb-latest,0.9.1,401c8061c6,groupby,G1_1e9_1e1_0_0,1697792031.82935,start,,,c6id.metal
ip-172-31-31-147,1697790902,duckdb-latest,0.9.1,401c8061c6,groupby,G1_1e9_1e1_0_0,1697792888.85355,finish,5,0,c6id.metal
ip-172-31-31-147,1697793057,duckdb-latest,0.9.1,401c8061c6,groupby,G1_1e9_1e2_0_0,1697793060.44544,start,,,c6id.metal
ip-172-31-31-147,1697793057,duckdb-latest,0.9.1,401c8061c6,groupby,G1_1e9_1e2_0_0,1697793485.99026,finish,5,0,c6id.metal
ip-172-31-31-147,1697793057,duckdb,0.8.1.3,6536a77232,groupby,G1_1e9_1e2_0_0,1697793501.00546,start,,,c6id.metal
ip-172-31-31-147,1697793057,duckdb,0.8.1.3,6536a77232,groupby,G1_1e9_1e2_0_0,1697793501.41801,finish,4,1,c6id.metal
ip-172-31-31-147,1697793844,duckdb,0.8.1.3,6536a77232,groupby,G1_1e9_1e2_0_0,1697793844.83725,start,,,c6id.metal
ip-172-31-31-147,1697793844,duckdb,0.8.1.3,6536a77232,groupby,G1_1e9_1e2_0_0,1697794286.72761,finish,5,0,c6id.metal
ip-172-31-31-147,1697795182,duckdb,0.8.1.3,6536a77232,groupby,G1_1e9_1e2_0_0,1697795183.67242,start,,,c6id.metal
ip-172-31-31-147,1697795182,duckdb,0.8.1.3,6536a77232,groupby,G1_1e9_1e2_0_0,1697795619.76323,finish,5,0,c6id.metal
ip-172-31-31-147,1697795182,duckdb,0.8.1.3,6536a77232,groupby,G1_1e9_1e1_0_0,1697795634.77846,start,,,c6id.metal
ip-172-31-31-147,1697795182,duckdb,0.8.1.3,6536a77232,groupby,G1_1e9_1e1_0_0,1697796121.7,finish,5,0,c6id.metal
ip-172-31-31-147,1697795182,duckdb,0.8.1.3,6536a77232,groupby,G1_1e9_2e0_0_0,1697796136.7152,start,,,c6id.metal
ip-172-31-31-147,1697795182,duckdb,0.8.1.3,6536a77232,groupby,G1_1e9_2e0_0_0,1697796198.4309,finish,7,1,c6id.metal
ip-172-31-31-147,1697795182,duckdb,0.8.1.3,6536a77232,groupby,G1_1e9_1e2_0_1,1697796213.44616,start,,,c6id.metal
ip-172-31-31-147,1697795182,duckdb,0.8.1.3,6536a77232,groupby,G1_1e9_1e2_0_1,1697796636.62871,finish,5,0,c6id.metal
ip-172-31-31-147,1697795182,duckdb,0.8.1.3,6536a77232,groupby,G1_1e9_1e2_5_0,1697796651.64379,start,,,c6id.metal
ip-172-31-31-147,1697795182,duckdb,0.8.1.3,6536a77232,groupby,G1_1e9_1e2_5_0,1697797006.98676,finish,5,0,c6id.metal
ip-172-31-31-147,1697795182,duckdb-latest,0.9.1,401c8061c6,groupby,G1_1e9_1e2_0_0,1697797022.00194,start,,,c6id.metal
ip-172-31-31-147,1697795182,duckdb-latest,0.9.1,401c8061c6,groupby,G1_1e9_1e2_0_0,1697797455.58894,finish,5,0,c6id.metal
ip-172-31-31-147,1697795182,duckdb-latest,0.9.1,401c8061c6,groupby,G1_1e9_1e1_0_0,1697797470.60418,start,,,c6id.metal
ip-172-31-31-147,1697795182,duckdb-latest,0.9.1,401c8061c6,groupby,G1_1e9_1e1_0_0,1697797983.99074,finish,5,0,c6id.metal
ip-172-31-31-147,1697795182,duckdb-latest,0.9.1,401c8061c6,groupby,G1_1e9_2e0_0_0,1697797999.00598,start,,,c6id.metal
ip-172-31-31-147,1697795182,duckdb-latest,0.9.1,401c8061c6,groupby,G1_1e9_2e0_0_0,1697798065.92432,finish,7,1,c6id.metal
ip-172-31-31-147,1697795182,duckdb-latest,0.9.1,401c8061c6,groupby,G1_1e9_1e2_0_1,1697798080.93939,start,,,c6id.metal
ip-172-31-31-147,1697795182,duckdb-latest,0.9.1,401c8061c6,groupby,G1_1e9_1e2_0_1,1697798486.83257,finish,5,0,c6id.metal
ip-172-31-31-147,1697795182,duckdb-latest,0.9.1,401c8061c6,groupby,G1_1e9_1e2_5_0,1697798501.84782,start,,,c6id.metal
ip-172-31-31-147,1697795182,duckdb-latest,0.9.1,401c8061c6,groupby,G1_1e9_1e2_5_0,1697798820.6555,finish,5,0,c6id.metal
ip-172-31-31-147,1697799278,duckdb,0.8.1.3,6536a77232,join,J1_1e9_NA_0_0,1697799280.5926,start,,,c6id.metal
ip-172-31-31-147,1697799278,duckdb,0.8.1.3,6536a77232,join,J1_1e9_NA_0_0,1697799281.04944,finish,7,1,c6id.metal
ip-172-31-31-147,1697799278,duckdb-latest,0.9.1,401c8061c6,join,J1_1e9_NA_0_0,1697799296.06465,start,,,c6id.metal
ip-172-31-31-147,1697799278,duckdb-latest,0.9.1,401c8061c6,join,J1_1e9_NA_0_0,1697799296.50118,finish,7,1,c6id.metal
ip-172-31-31-147,1697800133,duckdb,0.8.1.3,6536a77232,join,J1_1e9_NA_0_0,1697800134.33639,start,,,c6id.metal
ip-172-31-31-147,1697800133,duckdb,0.8.1.3,6536a77232,join,J1_1e9_NA_0_0,1697800748.8324,finish,8,1,c6id.metal
ip-172-31-31-147,1697800133,duckdb-latest,0.9.1,401c8061c6,join,J1_1e9_NA_0_0,1697800763.84745,start,,,c6id.metal
ip-172-31-31-147,1697800133,duckdb-latest,0.9.1,401c8061c6,join,J1_1e9_NA_0_0,1697802159.88991,finish,4,0,c6id.metal
ip-172-31-31-147,1697802367,data.table,1.14.9,88039186915028ab3c93ccfd8e22c0d1c3534b1a,join,J1_1e7_NA_0_0,1697802369.03828,start,,,c6id.metal
ip-172-31-31-147,1697802367,data.table,1.14.9,88039186915028ab3c93ccfd8e22c0d1c3534b1a,join,J1_1e7_NA_0_0,1697802485.47956,finish,0,0,c6id.metal
ip-172-31-31-147,1697802367,data.table,1.14.9,88039186915028ab3c93ccfd8e22c0d1c3534b1a,join,J1_1e7_NA_5_0,1697802500.49482,start,,,c6id.metal
ip-172-31-31-147,1697802367,data.table,1.14.9,88039186915028ab3c93ccfd8e22c0d1c3534b1a,join,J1_1e7_NA_5_0,1697802617.08335,finish,0,0,c6id.metal
ip-172-31-31-147,1697802367,data.table,1.14.9,88039186915028ab3c93ccfd8e22c0d1c3534b1a,join,J1_1e7_NA_0_1,1697802632.09844,start,,,c6id.metal
ip-172-31-31-147,1697802367,data.table,1.14.9,88039186915028ab3c93ccfd8e22c0d1c3534b1a,join,J1_1e7_NA_0_1,1697802749.29254,finish,0,0,c6id.metal
ip-172-31-31-147,1697802367,data.table,1.14.9,88039186915028ab3c93ccfd8e22c0d1c3534b1a,join,J1_1e8_NA_0_0,1697802764.30777,start,,,c6id.metal
ip-172-31-31-147,1697802367,data.table,1.14.9,88039186915028ab3c93ccfd8e22c0d1c3534b1a,join,J1_1e8_NA_0_0,1697804153.36435,finish,0,0,c6id.metal
ip-172-31-31-147,1697802367,data.table,1.14.9,88039186915028ab3c93ccfd8e22c0d1c3534b1a,join,J1_1e8_NA_5_0,1697804168.37958,start,,,c6id.metal
ip-172-31-31-147,1697802367,data.table,1.14.9,88039186915028ab3c93ccfd8e22c0d1c3534b1a,join,J1_1e8_NA_5_0,1697805427.92236,finish,0,0,c6id.metal
ip-172-31-31-147,1697802367,data.table,1.14.9,88039186915028ab3c93ccfd8e22c0d1c3534b1a,join,J1_1e8_NA_0_1,1697805442.9376,start,,,c6id.metal
ip-172-31-31-147,1697802367,data.table,1.14.9,88039186915028ab3c93ccfd8e22c0d1c3534b1a,join,J1_1e8_NA_0_1,1697806643.63827,finish,0,0,c6id.metal
ip-172-31-31-147,1697802367,juliads,0.7.18, ,join,J1_1e7_NA_0_0,1697806658.6535,start,,,c6id.metal
ip-172-31-31-147,1697802367,juliads,0.7.18, ,join,J1_1e7_NA_0_0,1697806709.54679,finish,0,0,c6id.metal
ip-172-31-31-147,1697802367,juliads,0.7.18, ,join,J1_1e7_NA_5_0,1697806724.5619,start,,,c6id.metal
ip-172-31-31-147,1697802367,juliads,0.7.18, ,join,J1_1e7_NA_5_0,1697806772.84029,finish,0,0,c6id.metal
ip-172-31-31-147,1697802367,juliads,0.7.18, ,join,J1_1e7_NA_0_1,1697806787.85555,start,,,c6id.metal
ip-172-31-31-147,1697802367,juliads,0.7.18, ,join,J1_1e7_NA_0_1,1697806836.0926,finish,0,0,c6id.metal
ip-172-31-31-147,1697802367,juliads,0.7.18, ,join,J1_1e8_NA_0_0,1697806851.10786,start,,,c6id.metal
ip-172-31-31-147,1697802367,juliads,0.7.18, ,join,J1_1e8_NA_0_0,1697806936.49222,finish,0,0,c6id.metal
ip-172-31-31-147,1697802367,juliads,0.7.18, ,join,J1_1e8_NA_5_0,1697806951.50748,start,,,c6id.metal
ip-172-31-31-147,1697802367,juliads,0.7.18, ,join,J1_1e8_NA_5_0,1697807039.25454,finish,0,0,c6id.metal
ip-172-31-31-147,1697802367,juliads,0.7.18, ,join,J1_1e8_NA_0_1,1697807054.26979,start,,,c6id.metal
ip-172-31-31-147,1697802367,juliads,0.7.18, ,join,J1_1e8_NA_0_1,1697807136.71299,finish,0,0,c6id.metal
ip-172-31-31-147,1697802367,juliadf,1.6.1,04c738083f29f86e62c8afc341f0967d8717bdb8,join,J1_1e7_NA_0_0,1697807151.72822,start,,,c6id.metal
ip-172-31-31-147,1697802367,juliadf,1.6.1,04c738083f29f86e62c8afc341f0967d8717bdb8,join,J1_1e7_NA_0_0,1697807178.01787,finish,0,0,c6id.metal
ip-172-31-31-147,1697802367,juliadf,1.6.1,04c738083f29f86e62c8afc341f0967d8717bdb8,join,J1_1e7_NA_5_0,1697807193.03309,start,,,c6id.metal
ip-172-31-31-147,1697802367,juliadf,1.6.1,04c738083f29f86e62c8afc341f0967d8717bdb8,join,J1_1e7_NA_5_0,1697807221.66246,finish,0,0,c6id.metal
ip-172-31-31-147,1697802367,juliadf,1.6.1,04c738083f29f86e62c8afc341f0967d8717bdb8,join,J1_1e7_NA_0_1,1697807236.67768,start,,,c6id.metal
ip-172-31-31-147,1697802367,juliadf,1.6.1,04c738083f29f86e62c8afc341f0967d8717bdb8,join,J1_1e7_NA_0_1,1697807260.93237,finish,0,0,c6id.metal
ip-172-31-31-147,1697802367,juliadf,1.6.1,04c738083f29f86e62c8afc341f0967d8717bdb8,join,J1_1e8_NA_0_0,1697807275.9476,start,,,c6id.metal
ip-172-31-31-147,1697802367,juliadf,1.6.1,04c738083f29f86e62c8afc341f0967d8717bdb8,join,J1_1e8_NA_0_0,1697807514.9506,finish,0,0,c6id.metal
ip-172-31-31-147,1697802367,juliadf,1.6.1,04c738083f29f86e62c8afc341f0967d8717bdb8,join,J1_1e8_NA_5_0,1697807529.96586,start,,,c6id.metal
ip-172-31-31-147,1697802367,juliadf,1.6.1,04c738083f29f86e62c8afc341f0967d8717bdb8,join,J1_1e8_NA_5_0,1697807790.42668,finish,0,0,c6id.metal
ip-172-31-31-147,1697802367,juliadf,1.6.1,04c738083f29f86e62c8afc341f0967d8717bdb8,join,J1_1e8_NA_0_1,1697807805.44193,start,,,c6id.metal
ip-172-31-31-147,1697802367,juliadf,1.6.1,04c738083f29f86e62c8afc341f0967d8717bdb8,join,J1_1e8_NA_0_1,1697808020.3344,finish,0,0,c6id.metal
ip-172-31-31-147,1697802367,dplyr,1.1.3,,join,J1_1e7_NA_0_0,1697808035.34966,start,,,c6id.metal
ip-172-31-31-147,1697802367,dplyr,1.1.3,,join,J1_1e7_NA_0_0,1697808154.6107,finish,0,0,c6id.metal
ip-172-31-31-147,1697802367,dplyr,1.1.3,,join,J1_1e7_NA_5_0,1697808169.62598,start,,,c6id.metal
ip-172-31-31-147,1697802367,dplyr,1.1.3,,join,J1_1e7_NA_5_0,1697808285.21395,finish,0,0,c6id.metal
ip-172-31-31-147,1697802367,dplyr,1.1.3,,join,J1_1e7_NA_0_1,1697808300.22917,start,,,c6id.metal
ip-172-31-31-147,1697802367,dplyr,1.1.3,,join,J1_1e7_NA_0_1,1697808409.88801,finish,0,0,c6id.metal
ip-172-31-31-147,1697802367,dplyr,1.1.3,,join,J1_1e8_NA_0_0,1697808424.90322,start,,,c6id.metal
ip-172-31-31-147,1697802367,dplyr,1.1.3,,join,J1_1e8_NA_0_0,1697809858.74366,finish,0,0,c6id.metal
ip-172-31-31-147,1697802367,dplyr,1.1.3,,join,J1_1e8_NA_5_0,1697809873.75893,start,,,c6id.metal
ip-172-31-31-147,1697802367,dplyr,1.1.3,,join,J1_1e8_NA_5_0,1697811264.96752,finish,0,0,c6id.metal
ip-172-31-31-147,1697802367,dplyr,1.1.3,,join,J1_1e8_NA_0_1,1697811279.98275,start,,,c6id.metal
ip-172-31-31-147,1697802367,dplyr,1.1.3,,join,J1_1e8_NA_0_1,1697812595.96283,finish,0,0,c6id.metal
ip-172-31-31-147,1697802367,pandas,2.1.1,e86ed377639948c64c429059127bcf5b359ab6be,join,J1_1e7_NA_0_0,1697812610.97807,start,,,c6id.metal
ip-172-31-31-147,1697802367,pandas,2.1.1,e86ed377639948c64c429059127bcf5b359ab6be,join,J1_1e7_NA_0_0,1697812657.05694,finish,0,0,c6id.metal
ip-172-31-31-147,1697802367,pandas,2.1.1,e86ed377639948c64c429059127bcf5b359ab6be,join,J1_1e7_NA_5_0,1697812672.07217,start,,,c6id.metal
ip-172-31-31-147,1697802367,pandas,2.1.1,e86ed377639948c64c429059127bcf5b359ab6be,join,J1_1e7_NA_5_0,1697812719.58389,finish,0,0,c6id.metal
ip-172-31-31-147,1697802367,pandas,2.1.1,e86ed377639948c64c429059127bcf5b359ab6be,join,J1_1e7_NA_0_1,1697812734.59916,start,,,c6id.metal
ip-172-31-31-147,1697802367,pandas,2.1.1,e86ed377639948c64c429059127bcf5b359ab6be,join,J1_1e7_NA_0_1,1697812771.41369,finish,0,0,c6id.metal
ip-172-31-31-147,1697802367,pandas,2.1.1,e86ed377639948c64c429059127bcf5b359ab6be,join,J1_1e8_NA_0_0,1697812786.42893,start,,,c6id.metal
ip-172-31-31-147,1697802367,pandas,2.1.1,e86ed377639948c64c429059127bcf5b359ab6be,join,J1_1e8_NA_0_0,1697813372.01827,finish,0,0,c6id.metal
ip-172-31-31-147,1697802367,pandas,2.1.1,e86ed377639948c64c429059127bcf5b359ab6be,join,J1_1e8_NA_5_0,1697813387.03335,start,,,c6id.metal
ip-172-31-31-147,1697802367,pandas,2.1.1,e86ed377639948c64c429059127bcf5b359ab6be,join,J1_1e8_NA_5_0,1697814015.02179,finish,0,0,c6id.metal
ip-172-31-31-147,1697802367,pandas,2.1.1,e86ed377639948c64c429059127bcf5b359ab6be,join,J1_1e8_NA_0_1,1697814030.03705,start,,,c6id.metal
ip-172-31-31-147,1697802367,pandas,2.1.1,e86ed377639948c64c429059127bcf5b359ab6be,join,J1_1e8_NA_0_1,1697814495.65353,finish,0,0,c6id.metal
ip-172-31-31-147,1697802367,pydatatable,1.1.0a0,cb07f6d3569b4646130dbc69041cc0fde95e40fa,join,J1_1e7_NA_0_0,1697814510.66877,start,,,c6id.metal
ip-172-31-31-147,1697802367,pydatatable,1.1.0a0,cb07f6d3569b4646130dbc69041cc0fde95e40fa,join,J1_1e7_NA_0_0,1697815949.23106,finish,0,0,c6id.metal
ip-172-31-31-147,1697802367,pydatatable,1.1.0a0,cb07f6d3569b4646130dbc69041cc0fde95e40fa,join,J1_1e7_NA_5_0,1697815964.24629,start,,,c6id.metal
ip-172-31-31-147,1697802367,pydatatable,1.1.0a0,cb07f6d3569b4646130dbc69041cc0fde95e40fa,join,J1_1e7_NA_5_0,1697816608.61904,finish,0,0,c6id.metal
ip-172-31-31-147,1697802367,pydatatable,1.1.0a0,cb07f6d3569b4646130dbc69041cc0fde95e40fa,join,J1_1e7_NA_0_1,1697816623.63428,start,,,c6id.metal
ip-172-31-31-147,1697802367,pydatatable,1.1.0a0,cb07f6d3569b4646130dbc69041cc0fde95e40fa,join,J1_1e7_NA_0_1,1697818905.40292,finish,0,0,c6id.metal
ip-172-31-31-147,1697802367,pydatatable,1.1.0a0,cb07f6d3569b4646130dbc69041cc0fde95e40fa,join,J1_1e8_NA_0_0,1697818920.41813,start,,,c6id.metal
ip-172-31-31-147,1697802367,pydatatable,1.1.0a0,cb07f6d3569b4646130dbc69041cc0fde95e40fa,join,J1_1e8_NA_0_0,1697825812.25926,finish,0,0,c6id.metal
ip-172-31-31-147,1697802367,pydatatable,1.1.0a0,cb07f6d3569b4646130dbc69041cc0fde95e40fa,join,J1_1e8_NA_5_0,1697825827.2745,start,,,c6id.metal
ip-172-31-31-147,1697802367,pydatatable,1.1.0a0,cb07f6d3569b4646130dbc69041cc0fde95e40fa,join,J1_1e8_NA_5_0,1697839003.52886,finish,0,0,c6id.metal
ip-172-31-31-147,1697802367,pydatatable,1.1.0a0,cb07f6d3569b4646130dbc69041cc0fde95e40fa,join,J1_1e8_NA_0_1,1697839018.54397,start,,,c6id.metal
ip-172-31-31-147,1697802367,pydatatable,1.1.0a0,cb07f6d3569b4646130dbc69041cc0fde95e40fa,join,J1_1e8_NA_0_1,1697853419.74483,finish,5,0,c6id.metal
ip-172-31-31-147,1697802367,spark,3.5.0,,join,J1_1e7_NA_0_0,1697853434.76006,start,,,c6id.metal
ip-172-31-31-147,1697802367,spark,3.5.0,,join,J1_1e7_NA_0_0,1697853477.23203,finish,3,0,c6id.metal
ip-172-31-31-147,1697802367,spark,3.5.0,,join,J1_1e7_NA_5_0,1697853492.24734,start,,,c6id.metal
ip-172-31-31-147,1697802367,spark,3.5.0,,join,J1_1e7_NA_5_0,1697853529.34349,finish,3,0,c6id.metal
ip-172-31-31-147,1697802367,spark,3.5.0,,join,J1_1e7_NA_0_1,1697853544.35879,start,,,c6id.metal
ip-172-31-31-147,1697802367,spark,3.5.0,,join,J1_1e7_NA_0_1,1697853580.09049,finish,3,0,c6id.metal
ip-172-31-31-147,1697802367,spark,3.5.0,,join,J1_1e8_NA_0_0,1697853595.10579,start,,,c6id.metal
ip-172-31-31-147,1697802367,spark,3.5.0,,join,J1_1e8_NA_0_0,1697853763.97664,finish,3,0,c6id.metal
ip-172-31-31-147,1697802367,spark,3.5.0,,join,J1_1e8_NA_5_0,1697853778.99174,start,,,c6id.metal
ip-172-31-31-147,1697802367,spark,3.5.0,,join,J1_1e8_NA_5_0,1697853965.86266,finish,3,0,c6id.metal
ip-172-31-31-147,1697802367,spark,3.5.0,,join,J1_1e8_NA_0_1,1697853980.87798,start,,,c6id.metal
ip-172-31-31-147,1697802367,spark,3.5.0,,join,J1_1e8_NA_0_1,1697854129.19984,finish,3,0,c6id.metal
ip-172-31-31-147,1697802367,dask,2023.10.0,3a8f8248884f8c69b76d610d8a44d9b6501d7a7a,join,J1_1e7_NA_0_0,1697854144.21492,start,,,c6id.metal
ip-172-31-31-147,1697802367,dask,2023.10.0,3a8f8248884f8c69b76d610d8a44d9b6501d7a7a,join,J1_1e7_NA_0_0,1697854480.5094,finish,0,0,c6id.metal
ip-172-31-31-147,1697802367,dask,2023.10.0,3a8f8248884f8c69b76d610d8a44d9b6501d7a7a,join,J1_1e7_NA_5_0,1697854495.52464,start,,,c6id.metal
ip-172-31-31-147,1697802367,dask,2023.10.0,3a8f8248884f8c69b76d610d8a44d9b6501d7a7a,join,J1_1e7_NA_5_0,1697854496.15248,finish,1,0,c6id.metal
ip-172-31-31-147,1697802367,dask,2023.10.0,3a8f8248884f8c69b76d610d8a44d9b6501d7a7a,join,J1_1e7_NA_0_1,1697854511.16756,start,,,c6id.metal
ip-172-31-31-147,1697802367,dask,2023.10.0,3a8f8248884f8c69b76d610d8a44d9b6501d7a7a,join,J1_1e7_NA_0_1,1697854511.79489,finish,1,0,c6id.metal
ip-172-31-31-147,1697802367,dask,2023.10.0,3a8f8248884f8c69b76d610d8a44d9b6501d7a7a,join,J1_1e8_NA_0_0,1697854526.81013,start,,,c6id.metal
ip-172-31-31-147,1697802367,dask,2023.10.0,3a8f8248884f8c69b76d610d8a44d9b6501d7a7a,join,J1_1e8_NA_0_0,1697858656.11237,finish,1,137,c6id.metal
ip-172-31-31-147,1697802367,dask,2023.10.0,3a8f8248884f8c69b76d610d8a44d9b6501d7a7a,join,J1_1e8_NA_5_0,1697858671.12742,start,,,c6id.metal
ip-172-31-31-147,1697802367,dask,2023.10.0,3a8f8248884f8c69b76d610d8a44d9b6501d7a7a,join,J1_1e8_NA_5_0,1697858673.21731,finish,1,0,c6id.metal
ip-172-31-31-147,1697802367,dask,2023.10.0,3a8f8248884f8c69b76d610d8a44d9b6501d7a7a,join,J1_1e8_NA_0_1,1697858688.23259,start,,,c6id.metal
ip-172-31-31-147,1697802367,dask,2023.10.0,3a8f8248884f8c69b76d610d8a44d9b6501d7a7a,join,J1_1e8_NA_0_1,1697858688.87339,finish,1,0,c6id.metal
ip-172-31-31-147,1697802367,polars,0.19.8,,join,J1_1e7_NA_0_0,1697858703.88865,start,,,c6id.metal
ip-172-31-31-147,1697802367,polars,0.19.8,,join,J1_1e7_NA_0_0,1697858722.35726,finish,0,0,c6id.metal
ip-172-31-31-147,1697802367,polars,0.19.8,,join,J1_1e7_NA_5_0,1697858737.37239,start,,,c6id.metal
ip-172-31-31-147,1697802367,polars,0.19.8,,join,J1_1e7_NA_5_0,1697858764.81404,finish,0,0,c6id.metal
ip-172-31-31-147,1697802367,polars,0.19.8,,join,J1_1e7_NA_0_1,1697858779.82931,start,,,c6id.metal
ip-172-31-31-147,1697802367,polars,0.19.8,,join,J1_1e7_NA_0_1,1697858802.3014,finish,0,0,c6id.metal
ip-172-31-31-147,1697802367,polars,0.19.8,,join,J1_1e8_NA_0_0,1697858817.31668,start,,,c6id.metal
ip-172-31-31-147,1697802367,polars,0.19.8,,join,J1_1e8_NA_0_0,1697859120.21412,finish,0,0,c6id.metal
ip-172-31-31-147,1697802367,polars,0.19.8,,join,J1_1e8_NA_5_0,1697859135.22935,start,,,c6id.metal
ip-172-31-31-147,1697802367,polars,0.19.8,,join,J1_1e8_NA_5_0,1697859429.91379,finish,0,0,c6id.metal
ip-172-31-31-147,1697802367,polars,0.19.8,,join,J1_1e8_NA_0_1,1697859444.929,start,,,c6id.metal
ip-172-31-31-147,1697802367,polars,0.19.8,,join,J1_1e8_NA_0_1,1697859733.99165,finish,0,0,c6id.metal
ip-172-31-31-147,1697802367,arrow,13.0.0.1,,join,J1_1e7_NA_0_0,1697859749.00672,start,,,c6id.metal
ip-172-31-31-147,1697802367,arrow,13.0.0.1,,join,J1_1e7_NA_0_0,1697859793.86953,finish,0,0,c6id.metal
ip-172-31-31-147,1697802367,arrow,13.0.0.1,,join,J1_1e7_NA_5_0,1697859808.88461,start,,,c6id.metal
ip-172-31-31-147,1697802367,arrow,13.0.0.1,,join,J1_1e7_NA_5_0,1697859852.73617,finish,0,0,c6id.metal
ip-172-31-31-147,1697802367,arrow,13.0.0.1,,join,J1_1e7_NA_0_1,1697859867.75141,start,,,c6id.metal
ip-172-31-31-147,1697802367,arrow,13.0.0.1,,join,J1_1e7_NA_0_1,1697859909.98778,finish,0,0,c6id.metal
ip-172-31-31-147,1697802367,arrow,13.0.0.1,,join,J1_1e8_NA_0_0,1697859925.00304,start,,,c6id.metal
ip-172-31-31-147,1697802367,arrow,13.0.0.1,,join,J1_1e8_NA_0_0,1697860358.16073,finish,16,1,c6id.metal
ip-172-31-31-147,1697802367,arrow,13.0.0.1,,join,J1_1e8_NA_5_0,1697860373.17581,start,,,c6id.metal
ip-172-31-31-147,1697802367,arrow,13.0.0.1,,join,J1_1e8_NA_5_0,1697860791.34945,finish,16,1,c6id.metal
ip-172-31-31-147,1697802367,arrow,13.0.0.1,,join,J1_1e8_NA_0_1,1697860806.36471,start,,,c6id.metal
ip-172-31-31-147,1697802367,arrow,13.0.0.1,,join,J1_1e8_NA_0_1,1697861190.01076,finish,16,1,c6id.metal
ip-172-31-31-147,1697802367,duckdb,0.8.1.3,6536a77232,join,J1_1e7_NA_0_0,1697861205.02584,start,,,c6id.metal
ip-172-31-31-147,1697802367,duckdb,0.8.1.3,6536a77232,join,J1_1e7_NA_0_0,1697861220.76688,finish,0,0,c6id.metal
ip-172-31-31-147,1697802367,duckdb,0.8.1.3,6536a77232,join,J1_1e7_NA_5_0,1697861235.78198,start,,,c6id.metal
ip-172-31-31-147,1697802367,duckdb,0.8.1.3,6536a77232,join,J1_1e7_NA_5_0,1697861259.75569,finish,0,0,c6id.metal
ip-172-31-31-147,1697802367,duckdb,0.8.1.3,6536a77232,join,J1_1e7_NA_0_1,1697861274.77095,start,,,c6id.metal
ip-172-31-31-147,1697802367,duckdb,0.8.1.3,6536a77232,join,J1_1e7_NA_0_1,1697861288.31899,finish,0,0,c6id.metal
ip-172-31-31-147,1697802367,duckdb,0.8.1.3,6536a77232,join,J1_1e8_NA_0_0,1697861303.33423,start,,,c6id.metal
ip-172-31-31-147,1697802367,duckdb,0.8.1.3,6536a77232,join,J1_1e8_NA_0_0,1697861346.22369,finish,0,0,c6id.metal
ip-172-31-31-147,1697802367,duckdb,0.8.1.3,6536a77232,join,J1_1e8_NA_5_0,1697861361.23877,start,,,c6id.metal
ip-172-31-31-147,1697802367,duckdb,0.8.1.3,6536a77232,join,J1_1e8_NA_5_0,1697861396.95435,finish,0,0,c6id.metal
ip-172-31-31-147,1697802367,duckdb,0.8.1.3,6536a77232,join,J1_1e8_NA_0_1,1697861411.96959,start,,,c6id.metal
ip-172-31-31-147,1697802367,duckdb,0.8.1.3,6536a77232,join,J1_1e8_NA_0_1,1697861451.09681,finish,0,0,c6id.metal
ip-172-31-31-147,1697802367,datafusion,31.0.0,,join,J1_1e7_NA_0_0,1697861466.11206,start,,,c6id.metal
ip-172-31-31-147,1697802367,datafusion,31.0.0,,join,J1_1e7_NA_0_0,1697861471.21139,finish,0,0,c6id.metal
ip-172-31-31-147,1697802367,datafusion,31.0.0,,join,J1_1e7_NA_5_0,1697861486.2265,start,,,c6id.metal
ip-172-31-31-147,1697802367,datafusion,31.0.0,,join,J1_1e7_NA_5_0,1697861491.1906,finish,0,0,c6id.metal
ip-172-31-31-147,1697802367,datafusion,31.0.0,,join,J1_1e7_NA_0_1,1697861506.20585,start,,,c6id.metal
ip-172-31-31-147,1697802367,datafusion,31.0.0,,join,J1_1e7_NA_0_1,1697861510.83972,finish,0,0,c6id.metal
ip-172-31-31-147,1697802367,datafusion,31.0.0,,join,J1_1e8_NA_0_0,1697861525.855,start,,,c6id.metal
ip-172-31-31-147,1697802367,datafusion,31.0.0,,join,J1_1e8_NA_0_0,1697861566.40201,finish,0,0,c6id.metal
ip-172-31-31-147,1697802367,datafusion,31.0.0,,join,J1_1e8_NA_5_0,1697861581.41728,start,,,c6id.metal
ip-172-31-31-147,1697802367,datafusion,31.0.0,,join,J1_1e8_NA_5_0,1697861622.83408,finish,0,0,c6id.metal
ip-172-31-31-147,1697802367,datafusion,31.0.0,,join,J1_1e8_NA_0_1,1697861637.84934,start,,,c6id.metal
ip-172-31-31-147,1697802367,datafusion,31.0.0,,join,J1_1e8_NA_0_1,1697861678.98598,finish,0,0,c6id.metal
ip-172-31-31-147,1698158169,datafusion,31.0.0,,groupby,G1_1e7_1e2_0_0,1698158170.00359,start,,,c6id.metal
ip-172-31-31-147,1698158169,datafusion,31.0.0,,groupby,G1_1e7_1e2_0_0,1698158176.57391,finish,0,0,c6id.metal
ip-172-31-31-147,1698158169,datafusion,31.0.0,,groupby,G1_1e7_1e1_0_0,1698158191.58902,start,,,c6id.metal
ip-172-31-31-147,1698158169,datafusion,31.0.0,,groupby,G1_1e7_1e1_0_0,1698158198.73761,finish,0,0,c6id.metal
ip-172-31-31-147,1698158169,datafusion,31.0.0,,groupby,G1_1e7_2e0_0_0,1698158213.7529,start,,,c6id.metal
ip-172-31-31-147,1698158169,datafusion,31.0.0,,groupby,G1_1e7_2e0_0_0,1698158224.32567,finish,0,0,c6id.metal
ip-172-31-31-147,1698158169,datafusion,31.0.0,,groupby,G1_1e7_1e2_0_1,1698158239.34097,start,,,c6id.metal
ip-172-31-31-147,1698158169,datafusion,31.0.0,,groupby,G1_1e7_1e2_0_1,1698158245.1432,finish,0,0,c6id.metal
ip-172-31-31-147,1698158169,datafusion,31.0.0,,groupby,G1_1e7_1e2_5_0,1698158260.15845,start,,,c6id.metal
ip-172-31-31-147,1698158169,datafusion,31.0.0,,groupby,G1_1e7_1e2_5_0,1698158266.79095,finish,0,0,c6id.metal
ip-172-31-31-147,1698158169,datafusion,31.0.0,,groupby,G1_1e8_1e2_0_0,1698158281.80619,start,,,c6id.metal
ip-172-31-31-147,1698158169,datafusion,31.0.0,,groupby,G1_1e8_1e2_0_0,1698158333.83538,finish,0,0,c6id.metal
ip-172-31-31-147,1698158169,datafusion,31.0.0,,groupby,G1_1e8_1e1_0_0,1698158348.85064,start,,,c6id.metal
ip-172-31-31-147,1698158169,datafusion,31.0.0,,groupby,G1_1e8_1e1_0_0,1698158409.9183,finish,0,0,c6id.metal
ip-172-31-31-147,1698158169,datafusion,31.0.0,,groupby,G1_1e8_2e0_0_0,1698158424.93356,start,,,c6id.metal
ip-172-31-31-147,1698158169,datafusion,31.0.0,,groupby,G1_1e8_2e0_0_0,1698158518.54935,finish,0,0,c6id.metal
ip-172-31-31-147,1698158169,datafusion,31.0.0,,groupby,G1_1e8_1e2_0_1,1698158533.5646,start,,,c6id.metal
ip-172-31-31-147,1698158169,datafusion,31.0.0,,groupby,G1_1e8_1e2_0_1,1698158578.67254,finish,0,0,c6id.metal
ip-172-31-31-147,1698158169,datafusion,31.0.0,,groupby,G1_1e8_1e2_5_0,1698158593.69007,start,,,c6id.metal
ip-172-31-31-147,1698158169,datafusion,31.0.0,,groupby,G1_1e8_1e2_5_0,1698158644.84865,finish,0,0,c6id.metal
ip-172-31-31-147,1698158169,datafusion,31.0.0,,groupby,G1_1e9_1e2_0_0,1698158659.8639,start,,,c6id.metal
ip-172-31-31-147,1698158169,datafusion,31.0.0,,groupby,G1_1e9_1e2_0_0,1698159013.57751,finish,1,137,c6id.metal
ip-172-31-31-147,1698158169,datafusion,31.0.0,,groupby,G1_1e9_1e1_0_0,1698159028.59272,start,,,c6id.metal
ip-172-31-31-147,1698158169,datafusion,31.0.0,,groupby,G1_1e9_1e1_0_0,1698159499.59909,finish,1,137,c6id.metal
ip-172-31-31-147,1698158169,datafusion,31.0.0,,groupby,G1_1e9_2e0_0_0,1698159514.61431,start,,,c6id.metal
ip-172-31-31-147,1698158169,datafusion,31.0.0,,groupby,G1_1e9_2e0_0_0,1698159545.79089,finish,8,1,c6id.metal
ip-172-31-31-147,1698158169,datafusion,31.0.0,,groupby,G1_1e9_1e2_0_1,1698159560.80616,start,,,c6id.metal
ip-172-31-31-147,1698158169,datafusion,31.0.0,,groupby,G1_1e9_1e2_0_1,1698159892.78046,finish,1,137,c6id.metal
ip-172-31-31-147,1698158169,datafusion,31.0.0,,groupby,G1_1e9_1e2_5_0,1698159907.79554,start,,,c6id.metal
ip-172-31-31-147,1698158169,datafusion,31.0.0,,groupby,G1_1e9_1e2_5_0,1698160301.41872,finish,1,137,c6id.metal
ip-172-31-31-147,1698162420,clickhouse,23.9.1.1854,,groupby,G1_1e7_1e2_0_0,1698162420.69969,start,,,c6id.metal
ip-172-31-31-147,1698162420,clickhouse,23.9.1.1854,,groupby,G1_1e7_1e2_0_0,1698162439.44878,finish,3,60,c6id.metal
ip-172-31-31-147,1698162420,clickhouse,23.9.1.1854,,groupby,G1_1e7_1e1_0_0,1698162454.46404,start,,,c6id.metal
ip-172-31-31-147,1698162420,clickhouse,23.9.1.1854,,groupby,G1_1e7_1e1_0_0,1698162615.49581,finish,0,0,c6id.metal
ip-172-31-31-147,1698162420,clickhouse,23.9.1.1854,,groupby,G1_1e7_2e0_0_0,1698162630.51107,start,,,c6id.metal
ip-172-31-31-147,1698162420,clickhouse,23.9.1.1854,,groupby,G1_1e7_2e0_0_0,1698162792.50672,finish,0,0,c6id.metal
ip-172-31-31-147,1698162420,clickhouse,23.9.1.1854,,groupby,G1_1e7_1e2_0_1,1698162807.52198,start,,,c6id.metal
ip-172-31-31-147,1698162420,clickhouse,23.9.1.1854,,groupby,G1_1e7_1e2_0_1,1698162969.48584,finish,0,0,c6id.metal
ip-172-31-31-147,1698162420,clickhouse,23.9.1.1854,,groupby,G1_1e7_1e2_5_0,1698162984.50111,start,,,c6id.metal
ip-172-31-31-147,1698162420,clickhouse,23.9.1.1854,,groupby,G1_1e7_1e2_5_0,1698163147.44565,finish,0,0,c6id.metal
ip-172-31-31-147,1698162420,clickhouse,23.9.1.1854,,groupby,G1_1e8_1e2_0_0,1698163162.46092,start,,,c6id.metal
ip-172-31-31-147,1698162420,clickhouse,23.9.1.1854,,groupby,G1_1e8_1e2_0_0,1698163374.59059,finish,0,0,c6id.metal
ip-172-31-31-147,1698162420,clickhouse,23.9.1.1854,,groupby,G1_1e8_1e1_0_0,1698163389.60585,start,,,c6id.metal
ip-172-31-31-147,1698162420,clickhouse,23.9.1.1854,,groupby,G1_1e8_1e1_0_0,1698163602.28804,finish,0,0,c6id.metal
ip-172-31-31-147,1698162420,clickhouse,23.9.1.1854,,groupby,G1_1e8_2e0_0_0,1698163617.30331,start,,,c6id.metal
ip-172-31-31-147,1698162420,clickhouse,23.9.1.1854,,groupby,G1_1e8_2e0_0_0,1698163833.8356,finish,0,0,c6id.metal
ip-172-31-31-147,1698162420,clickhouse,23.9.1.1854,,groupby,G1_1e8_1e2_0_1,1698163848.85073,start,,,c6id.metal
ip-172-31-31-147,1698162420,clickhouse,23.9.1.1854,,groupby,G1_1e8_1e2_0_1,1698164056.27127,finish,0,0,c6id.metal
ip-172-31-31-147,1698162420,clickhouse,23.9.1.1854,,groupby,G1_1e8_1e2_5_0,1698164071.28653,start,,,c6id.metal
ip-172-31-31-147,1698162420,clickhouse,23.9.1.1854,,groupby,G1_1e8_1e2_5_0,1698164286.81432,finish,0,0,c6id.metal
ip-172-31-31-147,1698162420,clickhouse,23.9.1.1854,,groupby,G1_1e9_1e2_0_0,1698164301.82956,start,,,c6id.metal
ip-172-31-31-147,1698162420,clickhouse,23.9.1.1854,,groupby,G1_1e9_1e2_0_0,1698166075.6259,finish,0,0,c6id.metal
ip-172-31-31-147,1698162420,clickhouse,23.9.1.1854,,groupby,G1_1e9_1e1_0_0,1698166090.64116,start,,,c6id.metal
ip-172-31-31-147,1698162420,clickhouse,23.9.1.1854,,groupby,G1_1e9_1e1_0_0,1698167891.65622,finish,0,0,c6id.metal
ip-172-31-31-147,1698162420,clickhouse,23.9.1.1854,,groupby,G1_1e9_2e0_0_0,1698167906.67147,start,,,c6id.metal
ip-172-31-31-147,1698162420,clickhouse,23.9.1.1854,,groupby,G1_1e9_2e0_0_0,1698168116.10297,finish,2,1,c6id.metal
ip-172-31-31-147,1698162420,clickhouse,23.9.1.1854,,groupby,G1_1e9_1e2_0_1,1698168131.11827,start,,,c6id.metal
ip-172-31-31-147,1698162420,clickhouse,23.9.1.1854,,groupby,G1_1e9_1e2_0_1,1698169887.3792,finish,0,0,c6id.metal
ip-172-31-31-147,1698162420,clickhouse,23.9.1.1854,,groupby,G1_1e9_1e2_5_0,1698169902.39444,start,,,c6id.metal
ip-172-31-31-147,1698162420,clickhouse,23.9.1.1854,,groupby,G1_1e9_1e2_5_0,1698171687.68154,finish,0,0,c6id.metal
ip-172-31-31-147,1698162420,clickhouse,23.9.1.1854,,join,J1_1e7_NA_0_0,1698171702.69668,start,,,c6id.metal
ip-172-31-31-147,1698162420,clickhouse,23.9.1.1854,,join,J1_1e7_NA_0_0,1698171873.66355,finish,0,0,c6id.metal
ip-172-31-31-147,1698162420,clickhouse,23.9.1.1854,,join,J1_1e7_NA_5_0,1698171888.67881,start,,,c6id.metal
ip-172-31-31-147,1698162420,clickhouse,23.9.1.1854,,join,J1_1e7_NA_5_0,1698172058.82732,finish,0,0,c6id.metal
ip-172-31-31-147,1698162420,clickhouse,23.9.1.1854,,join,J1_1e7_NA_0_1,1698172073.84258,start,,,c6id.metal
ip-172-31-31-147,1698162420,clickhouse,23.9.1.1854,,join,J1_1e7_NA_0_1,1698172243.91341,finish,0,0,c6id.metal
ip-172-31-31-147,1698162420,clickhouse,23.9.1.1854,,join,J1_1e8_NA_0_0,1698172258.92853,start,,,c6id.metal
ip-172-31-31-147,1698162420,clickhouse,23.9.1.1854,,join,J1_1e8_NA_0_0,1698172564.11306,finish,0,0,c6id.metal
ip-172-31-31-147,1698162420,clickhouse,23.9.1.1854,,join,J1_1e8_NA_5_0,1698172579.12819,start,,,c6id.metal
ip-172-31-31-147,1698162420,clickhouse,23.9.1.1854,,join,J1_1e8_NA_5_0,1698172882.54898,finish,0,0,c6id.metal
ip-172-31-31-147,1698162420,clickhouse,23.9.1.1854,,join,J1_1e8_NA_0_1,1698172897.56423,start,,,c6id.metal
ip-172-31-31-147,1698162420,clickhouse,23.9.1.1854,,join,J1_1e8_NA_0_1,1698173200.4365,finish,0,0,c6id.metal
ip-172-31-31-147,1698162420,clickhouse,23.9.1.1854,,join,J1_1e9_NA_0_0,1698173215.45175,start,,,c6id.metal
ip-172-31-31-147,1698162420,clickhouse,23.9.1.1854,,join,J1_1e9_NA_0_0,1698174699.60836,finish,3,0,c6id.metal
ip-172-31-31-147,1698162420,spark,3.5.0,,groupby,G1_1e7_1e2_0_0,1698174714.62355,start,,,c6id.metal
ip-172-31-31-147,1698162420,spark,3.5.0,,groupby,G1_1e7_1e2_0_0,1698174762.5521,finish,3,0,c6id.metal
ip-172-31-31-147,1698162420,spark,3.5.0,,groupby,G1_1e7_1e1_0_0,1698174777.56728,start,,,c6id.metal
ip-172-31-31-147,1698162420,spark,3.5.0,,groupby,G1_1e7_1e1_0_0,1698174823.26943,finish,3,0,c6id.metal
ip-172-31-31-147,1698162420,spark,3.5.0,,groupby,G1_1e7_2e0_0_0,1698174838.28477,start,,,c6id.metal
ip-172-31-31-147,1698162420,spark,3.5.0,,groupby,G1_1e7_2e0_0_0,1698174879.49945,finish,3,0,c6id.metal
ip-172-31-31-147,1698162420,spark,3.5.0,,groupby,G1_1e7_1e2_0_1,1698174894.51474,start,,,c6id.metal
ip-172-31-31-147,1698162420,spark,3.5.0,,groupby,G1_1e7_1e2_0_1,1698174936.24246,finish,3,0,c6id.metal
ip-172-31-31-147,1698162420,spark,3.5.0,,groupby,G1_1e7_1e2_5_0,1698174951.25763,start,,,c6id.metal
ip-172-31-31-147,1698162420,spark,3.5.0,,groupby,G1_1e7_1e2_5_0,1698174994.38109,finish,3,0,c6id.metal
ip-172-31-31-147,1698162420,spark,3.5.0,,groupby,G1_1e8_1e2_0_0,1698175009.39624,start,,,c6id.metal
ip-172-31-31-147,1698162420,spark,3.5.0,,groupby,G1_1e8_1e2_0_0,1698175112.06346,finish,3,0,c6id.metal
ip-172-31-31-147,1698162420,spark,3.5.0,,groupby,G1_1e8_1e1_0_0,1698175127.07878,start,,,c6id.metal
ip-172-31-31-147,1698162420,spark,3.5.0,,groupby,G1_1e8_1e1_0_0,1698175242.88088,finish,3,0,c6id.metal
ip-172-31-31-147,1698162420,spark,3.5.0,,groupby,G1_1e8_2e0_0_0,1698175257.89615,start,,,c6id.metal
ip-172-31-31-147,1698162420,spark,3.5.0,,groupby,G1_1e8_2e0_0_0,1698175379.72176,finish,3,0,c6id.metal
ip-172-31-31-147,1698162420,spark,3.5.0,,groupby,G1_1e8_1e2_0_1,1698175394.73705,start,,,c6id.metal
ip-172-31-31-147,1698162420,spark,3.5.0,,groupby,G1_1e8_1e2_0_1,1698175485.00293,finish,3,0,c6id.metal
ip-172-31-31-147,1698162420,spark,3.5.0,,groupby,G1_1e8_1e2_5_0,1698175500.01826,start,,,c6id.metal
ip-172-31-31-147,1698162420,spark,3.5.0,,groupby,G1_1e8_1e2_5_0,1698175589.78582,finish,3,0,c6id.metal
ip-172-31-31-147,1698162420,spark,3.5.0,,groupby,G1_1e9_1e2_0_0,1698175604.80111,start,,,c6id.metal
ip-172-31-31-147,1698162420,spark,3.5.0,,groupby,G1_1e9_1e2_0_0,1698177536.83254,finish,3,0,c6id.metal
ip-172-31-31-147,1698162420,spark,3.5.0,,groupby,G1_1e9_1e1_0_0,1698177551.84771,start,,,c6id.metal
ip-172-31-31-147,1698162420,spark,3.5.0,,groupby,G1_1e9_1e1_0_0,1698179446.01695,finish,3,0,c6id.metal
ip-172-31-31-147,1698162420,spark,3.5.0,,groupby,G1_1e9_2e0_0_0,1698179461.03226,start,,,c6id.metal
ip-172-31-31-147,1698162420,spark,3.5.0,,groupby,G1_1e9_2e0_0_0,1698179503.03183,finish,4724,1,c6id.metal
ip-172-31-31-147,1698162420,spark,3.5.0,,groupby,G1_1e9_1e2_0_1,1698179518.04715,start,,,c6id.metal
ip-172-31-31-147,1698162420,spark,3.5.0,,groupby,G1_1e9_1e2_0_1,1698181227.6943,finish,3,0,c6id.metal
ip-172-31-31-147,1698162420,spark,3.5.0,,groupby,G1_1e9_1e2_5_0,1698181242.70959,start,,,c6id.metal
ip-172-31-31-147,1698162420,spark,3.5.0,,groupby,G1_1e9_1e2_5_0,1698183091.38705,finish,3,0,c6id.metal
ip-172-31-31-147,1698162420,spark,3.5.0,,join,J1_1e7_NA_0_0,1698183106.40232,start,,,c6id.metal
ip-172-31-31-147,1698162420,spark,3.5.0,,join,J1_1e7_NA_0_0,1698183147.38962,finish,3,0,c6id.metal
ip-172-31-31-147,1698162420,spark,3.5.0,,join,J1_1e7_NA_5_0,1698183162.40489,start,,,c6id.metal
ip-172-31-31-147,1698162420,spark,3.5.0,,join,J1_1e7_NA_5_0,1698183202.61519,finish,3,0,c6id.metal
ip-172-31-31-147,1698162420,spark,3.5.0,,join,J1_1e7_NA_0_1,1698183217.63046,start,,,c6id.metal
ip-172-31-31-147,1698162420,spark,3.5.0,,join,J1_1e7_NA_0_1,1698183256.71555,finish,3,0,c6id.metal
ip-172-31-31-147,1698162420,spark,3.5.0,,join,J1_1e8_NA_0_0,1698183271.73082,start,,,c6id.metal
ip-172-31-31-147,1698162420,spark,3.5.0,,join,J1_1e8_NA_0_0,1698183451.4905,finish,3,0,c6id.metal
ip-172-31-31-147,1698162420,spark,3.5.0,,join,J1_1e8_NA_5_0,1698183466.50578,start,,,c6id.metal
ip-172-31-31-147,1698162420,spark,3.5.0,,join,J1_1e8_NA_5_0,1698183625.72406,finish,3,0,c6id.metal
ip-172-31-31-147,1698162420,spark,3.5.0,,join,J1_1e8_NA_0_1,1698183640.73939,start,,,c6id.metal
ip-172-31-31-147,1698162420,spark,3.5.0,,join,J1_1e8_NA_0_1,1698183780.43242,finish,3,0,c6id.metal
ip-172-31-31-147,1698162420,spark,3.5.0,,join,J1_1e9_NA_0_0,1698183795.44769,start,,,c6id.metal
ip-172-31-31-147,1698162420,spark,3.5.0,,join,J1_1e9_NA_0_0,1698189669.23527,finish,57,1,c6id.metal
ip-172-31-31-147,1698213628,duckdb,0.8.1.3,6536a77232,groupby,G1_1e9_1e2_0_0,1698213628.47544,start,,,c6id.metal
ip-172-31-31-147,1698213628,duckdb,0.8.1.3,6536a77232,groupby,G1_1e9_1e2_0_0,1698213890.55936,finish,3,0,c6id.metal
ip-172-31-31-147,1698213628,duckdb,0.8.1.3,6536a77232,groupby,G1_1e9_1e1_0_0,1698213905.57461,start,,,c6id.metal
ip-172-31-31-147,1698213628,duckdb,0.8.1.3,6536a77232,groupby,G1_1e9_1e1_0_0,1698214196.73366,finish,3,0,c6id.metal
ip-172-31-31-147,1698213628,duckdb,0.8.1.3,6536a77232,groupby,G1_1e9_2e0_0_0,1698214211.74895,start,,,c6id.metal
ip-172-31-31-147,1698213628,duckdb,0.8.1.3,6536a77232,groupby,G1_1e9_2e0_0_0,1698214263.95005,finish,6,1,c6id.metal
ip-172-31-31-147,1698213628,duckdb,0.8.1.3,6536a77232,groupby,G1_1e9_1e2_0_1,1698214278.9653,start,,,c6id.metal
ip-172-31-31-147,1698213628,duckdb,0.8.1.3,6536a77232,groupby,G1_1e9_1e2_0_1,1698214520.71971,finish,3,0,c6id.metal
ip-172-31-31-147,1698213628,duckdb,0.8.1.3,6536a77232,groupby,G1_1e9_1e2_5_0,1698214535.73495,start,,,c6id.metal
ip-172-31-31-147,1698213628,duckdb,0.8.1.3,6536a77232,groupby,G1_1e9_1e2_5_0,1698214764.22206,finish,12,1,c6id.metal
ip-172-31-31-147,1698213628,duckdb,0.8.1.3,6536a77232,join,J1_1e9_NA_0_0,1698214779.23727,start,,,c6id.metal
ip-172-31-31-147,1698213628,duckdb,0.8.1.3,6536a77232,join,J1_1e9_NA_0_0,1698216179.86741,finish,2,0,c6id.metal
ip-172-31-31-147,1698213628,duckdb-latest,0.9.1.1,401c8061c6,groupby,G1_1e9_1e2_0_0,1698216194.8825,start,,,c6id.metal
ip-172-31-31-147,1698213628,duckdb-latest,0.9.1.1,401c8061c6,groupby,G1_1e9_1e2_0_0,1698216430.25249,finish,3,0,c6id.metal
ip-172-31-31-147,1698213628,duckdb-latest,0.9.1.1,401c8061c6,groupby,G1_1e9_1e1_0_0,1698216445.2676,start,,,c6id.metal
ip-172-31-31-147,1698213628,duckdb-latest,0.9.1.1,401c8061c6,groupby,G1_1e9_1e1_0_0,1698216777.59047,finish,3,0,c6id.metal
ip-172-31-31-147,1698213628,duckdb-latest,0.9.1.1,401c8061c6,groupby,G1_1e9_2e0_0_0,1698216792.60572,start,,,c6id.metal
ip-172-31-31-147,1698213628,duckdb-latest,0.9.1.1,401c8061c6,groupby,G1_1e9_2e0_0_0,1698216851.38046,finish,6,1,c6id.metal
ip-172-31-31-147,1698213628,duckdb-latest,0.9.1.1,401c8061c6,groupby,G1_1e9_1e2_0_1,1698216866.39571,start,,,c6id.metal
ip-172-31-31-147,1698213628,duckdb-latest,0.9.1.1,401c8061c6,groupby,G1_1e9_1e2_0_1,1698217088.66672,finish,3,0,c6id.metal
ip-172-31-31-147,1698213628,duckdb-latest,0.9.1.1,401c8061c6,groupby,G1_1e9_1e2_5_0,1698217103.68199,start,,,c6id.metal
ip-172-31-31-147,1698213628,duckdb-latest,0.9.1.1,401c8061c6,groupby,G1_1e9_1e2_5_0,1698217332.35157,finish,3,0,c6id.metal
ip-172-31-31-147,1698213628,duckdb-latest,0.9.1.1,401c8061c6,join,J1_1e9_NA_0_0,1698217347.36683,start,,,c6id.metal
ip-172-31-31-147,1698213628,duckdb-latest,0.9.1.1,401c8061c6,join,J1_1e9_NA_0_0,1698218762.51011,finish,4,0,c6id.metal
ip-172-31-31-147,1698220059,datafusion,31.0.0,,join,J1_1e9_NA_0_0,1698220061.88399,start,,,c6id.metal
ip-172-31-31-147,1698220059,datafusion,31.0.0,,join,J1_1e9_NA_0_0,1698220166.49806,finish,1,137,c6id.metal
ip-172-31-31-147,1698231172,datafusion,31.0.0,,join,J1_1e7_NA_0_0,1698231175.45469,start,,,c6id.metal
ip-172-31-31-147,1698231172,datafusion,31.0.0,,join,J1_1e7_NA_0_0,1698231180.24811,finish,0,0,c6id.metal
ip-172-31-31-147,1698231172,datafusion,31.0.0,,join,J1_1e7_NA_5_0,1698231195.26323,start,,,c6id.metal
ip-172-31-31-147,1698231172,datafusion,31.0.0,,join,J1_1e7_NA_5_0,1698231200.01199,finish,0,0,c6id.metal
ip-172-31-31-147,1698231172,datafusion,31.0.0,,join,J1_1e7_NA_0_1,1698231215.02724,start,,,c6id.metal
ip-172-31-31-147,1698231172,datafusion,31.0.0,,join,J1_1e7_NA_0_1,1698231219.51784,finish,0,0,c6id.metal
ip-172-31-31-147,1698231172,datafusion,31.0.0,,join,J1_1e8_NA_0_0,1698231234.53311,start,,,c6id.metal
ip-172-31-31-147,1698231172,datafusion,31.0.0,,join,J1_1e8_NA_0_0,1698231275.16548,finish,0,0,c6id.metal
ip-172-31-31-147,1698231172,datafusion,31.0.0,,join,J1_1e8_NA_5_0,1698231290.18072,start,,,c6id.metal
ip-172-31-31-147,1698231172,datafusion,31.0.0,,join,J1_1e8_NA_5_0,1698231330.24906,finish,0,0,c6id.metal
ip-172-31-31-147,1698231172,datafusion,31.0.0,,join,J1_1e8_NA_0_1,1698231345.26432,start,,,c6id.metal
ip-172-31-31-147,1698231172,datafusion,31.0.0,,join,J1_1e8_NA_0_1,1698231384.2135,finish,0,0,c6id.metal
ip-172-31-31-147,1698231172,datafusion,31.0.0,,join,J1_1e9_NA_0_0,1698231399.22864,start,,,c6id.metal
ip-172-31-31-147,1698231172,datafusion,31.0.0,,join,J1_1e9_NA_0_0,1698231503.44945,finish,1,137,c6id.metal
ip-172-31-31-147,1698235053,duckdb-latest,0.9.1.1,401c8061c6,join,J1_1e7_NA_0_0,1698235055.41198,start,,,c6id.metal
ip-172-31-31-147,1698235053,duckdb-latest,0.9.1.1,401c8061c6,join,J1_1e7_NA_0_0,1698235071.05053,finish,0,0,c6id.metal
ip-172-31-31-147,1698235053,duckdb-latest,0.9.1.1,401c8061c6,join,J1_1e7_NA_5_0,1698235086.06564,start,,,c6id.metal
ip-172-31-31-147,1698235053,duckdb-latest,0.9.1.1,401c8061c6,join,J1_1e7_NA_5_0,1698235109.2901,finish,0,0,c6id.metal
ip-172-31-31-147,1698235053,duckdb-latest,0.9.1.1,401c8061c6,join,J1_1e7_NA_0_1,1698235124.30534,start,,,c6id.metal
ip-172-31-31-147,1698235053,duckdb-latest,0.9.1.1,401c8061c6,join,J1_1e7_NA_0_1,1698235138.25298,finish,0,0,c6id.metal
ip-172-31-31-147,1698235053,duckdb-latest,0.9.1.1,401c8061c6,join,J1_1e8_NA_0_0,1698235153.26823,start,,,c6id.metal
ip-172-31-31-147,1698235053,duckdb-latest,0.9.1.1,401c8061c6,join,J1_1e8_NA_0_0,1698235199.52829,finish,0,0,c6id.metal
ip-172-31-31-147,1698235053,duckdb-latest,0.9.1.1,401c8061c6,join,J1_1e8_NA_5_0,1698235214.54341,start,,,c6id.metal
ip-172-31-31-147,1698235053,duckdb-latest,0.9.1.1,401c8061c6,join,J1_1e8_NA_5_0,1698235248.41264,finish,0,0,c6id.metal
ip-172-31-31-147,1698235053,duckdb-latest,0.9.1.1,401c8061c6,join,J1_1e8_NA_0_1,1698235263.42789,start,,,c6id.metal
ip-172-31-31-147,1698235053,duckdb-latest,0.9.1.1,401c8061c6,join,J1_1e8_NA_0_1,1698235307.74632,finish,0,0,c6id.metal
ip-172-31-31-147,1698247110,juliads,0.7.18, ,groupby,G1_1e9_2e0_0_0,1698247112.95875,start,,,c6id.metal
ip-172-31-31-147,1698247110,juliads,0.7.18, ,groupby,G1_1e9_2e0_0_0,1698248877.27012,finish,0,0,c6id.metal
ip-172-31-31-147,1698247110,juliadf,1.6.1,04c738083f29f86e62c8afc341f0967d8717bdb8,groupby,G1_1e9_2e0_0_0,1698248892.28535,start,,,c6id.metal
ip-172-31-31-147,1698247110,juliadf,1.6.1,04c738083f29f86e62c8afc341f0967d8717bdb8,groupby,G1_1e9_2e0_0_0,1698250336.79398,finish,1,137,c6id.metal
ip-172-31-31-147,1698247110,dplyr,1.1.3,,groupby,G1_1e9_2e0_0_0,1698250351.80913,start,,,c6id.metal
ip-172-31-31-147,1698247110,dplyr,1.1.3,,groupby,G1_1e9_2e0_0_0,1698255497.59459,finish,5,137,c6id.metal
ip-172-31-31-147,1698247110,pandas,2.1.1,e86ed377639948c64c429059127bcf5b359ab6be,groupby,G1_1e9_2e0_0_0,1698255512.60973,start,,,c6id.metal
ip-172-31-31-147,1698247110,pandas,2.1.1,e86ed377639948c64c429059127bcf5b359ab6be,groupby,G1_1e9_2e0_0_0,1698266332.61586,finish,1,137,c6id.metal
ip-172-31-31-147,1698247110,pydatatable,1.1.0a0,cb07f6d3569b4646130dbc69041cc0fde95e40fa,groupby,G1_1e9_2e0_0_0,1698266347.6311,start,,,c6id.metal
ip-172-31-31-147,1698247110,pydatatable,1.1.0a0,cb07f6d3569b4646130dbc69041cc0fde95e40fa,groupby,G1_1e9_2e0_0_0,1698277154.94476,finish,5,137,c6id.metal
ip-172-31-31-147,1698247110,spark,3.5.0,,groupby,G1_1e9_2e0_0_0,1698277169.95999,start,,,c6id.metal
ip-172-31-31-147,1698247110,spark,3.5.0,,groupby,G1_1e9_2e0_0_0,1698279341.87216,finish,3,0,c6id.metal
ip-172-31-31-147,1698247110,dask,2023.10.0,3a8f8248884f8c69b76d610d8a44d9b6501d7a7a,groupby,G1_1e9_2e0_0_0,1698279356.88742,start,,,c6id.metal
ip-172-31-31-147,1698247110,dask,2023.10.0,3a8f8248884f8c69b76d610d8a44d9b6501d7a7a,groupby,G1_1e9_2e0_0_0,1698290157.31601,finish,1767,0,c6id.metal
ip-172-31-31-147,1698247110,clickhouse,23.9.1.1854,,groupby,G1_1e9_2e0_0_0,1698290172.33125,start,,,c6id.metal
ip-172-31-31-147,1698247110,clickhouse,23.9.1.1854,,groupby,G1_1e9_2e0_0_0,1698290672.91141,finish,3,0,c6id.metal
ip-172-31-31-147,1698247110,polars,0.19.11,,groupby,G1_1e9_2e0_0_0,1698290687.92652,start,,,c6id.metal
ip-172-31-31-147,1698247110,polars,0.19.11,,groupby,G1_1e9_2e0_0_0,1698293098.59208,finish,0,0,c6id.metal
ip-172-31-31-147,1698247110,arrow,13.0.0.1,,groupby,G1_1e9_2e0_0_0,1698293113.60735,start,,,c6id.metal
ip-172-31-31-147,1698247110,arrow,13.0.0.1,,groupby,G1_1e9_2e0_0_0,1698293234.77955,finish,16,1,c6id.metal
ip-172-31-31-147,1698247110,duckdb,0.8.1.3,6536a77232,groupby,G1_1e9_2e0_0_0,1698293249.79481,start,,,c6id.metal
ip-172-31-31-147,1698247110,duckdb,0.8.1.3,6536a77232,groupby,G1_1e9_2e0_0_0,1698293547.63105,finish,3,0,c6id.metal
ip-172-31-31-147,1698247110,duckdb-latest,0.9.1.1,401c8061c6,groupby,G1_1e9_2e0_0_0,1698293562.64631,start,,,c6id.metal
ip-172-31-31-147,1698247110,duckdb-latest,0.9.1.1,401c8061c6,groupby,G1_1e9_2e0_0_0,1698294088.73292,finish,3,0,c6id.metal
ip-172-31-31-147,1698247110,datafusion,31.0.0,,groupby,G1_1e9_2e0_0_0,1698294103.74817,start,,,c6id.metal
ip-172-31-31-147,1698247110,datafusion,31.0.0,,groupby,G1_1e9_2e0_0_0,1698294411.4043,finish,1,137,c6id.metal
ip-172-31-31-147,1698309071,duckdb,0.8.1.3,6536a77232,join,J1_1e7_NA_0_0,1698309074.85346,start,,,c6id.metal
ip-172-31-31-147,1698309071,duckdb,0.8.1.3,6536a77232,join,J1_1e7_NA_0_0,1698309075.27042,finish,2,1,c6id.metal
ip-172-31-31-147,1698309071,duckdb,0.8.1.3,6536a77232,join,J1_1e7_NA_5_0,1698309090.28554,start,,,c6id.metal
ip-172-31-31-147,1698309071,duckdb,0.8.1.3,6536a77232,join,J1_1e7_NA_5_0,1698309090.67727,finish,2,1,c6id.metal
ip-172-31-31-147,1698309071,duckdb,0.8.1.3,6536a77232,join,J1_1e7_NA_0_1,1698309105.69251,start,,,c6id.metal
ip-172-31-31-147,1698309071,duckdb,0.8.1.3,6536a77232,join,J1_1e7_NA_0_1,1698309106.06999,finish,2,1,c6id.metal
ip-172-31-31-147,1698309071,duckdb-latest,0.9.1.1,401c8061c6,join,J1_1e7_NA_0_0,1698309121.08508,start,,,c6id.metal
ip-172-31-31-147,1698309071,duckdb-latest,0.9.1.1,401c8061c6,join,J1_1e7_NA_0_0,1698309121.49061,finish,2,1,c6id.metal
ip-172-31-31-147,1698309071,duckdb-latest,0.9.1.1,401c8061c6,join,J1_1e7_NA_5_0,1698309136.50587,start,,,c6id.metal
ip-172-31-31-147,1698309071,duckdb-latest,0.9.1.1,401c8061c6,join,J1_1e7_NA_5_0,1698309136.88305,finish,2,1,c6id.metal
ip-172-31-31-147,1698309071,duckdb-latest,0.9.1.1,401c8061c6,join,J1_1e7_NA_0_1,1698309151.89831,start,,,c6id.metal
ip-172-31-31-147,1698309071,duckdb-latest,0.9.1.1,401c8061c6,join,J1_1e7_NA_0_1,1698309152.27539,finish,2,1,c6id.metal
ip-172-31-31-147,1698309290,duckdb,0.8.1.3,6536a77232,join,J1_1e7_NA_0_0,1698309290.75411,start,,,c6id.metal
ip-172-31-31-147,1698309290,duckdb,0.8.1.3,6536a77232,join,J1_1e7_NA_0_0,1698309291.14105,finish,2,1,c6id.metal
ip-172-31-31-147,1698309290,duckdb,0.8.1.3,6536a77232,join,J1_1e7_NA_5_0,1698309306.15632,start,,,c6id.metal
ip-172-31-31-147,1698309290,duckdb,0.8.1.3,6536a77232,join,J1_1e7_NA_5_0,1698309306.54675,finish,2,1,c6id.metal
ip-172-31-31-147,1698309290,duckdb,0.8.1.3,6536a77232,join,J1_1e7_NA_0_1,1698309321.56199,start,,,c6id.metal
ip-172-31-31-147,1698309290,duckdb,0.8.1.3,6536a77232,join,J1_1e7_NA_0_1,1698309321.94374,finish,2,1,c6id.metal
ip-172-31-31-147,1698309290,duckdb-latest,0.9.1.1,401c8061c6,join,J1_1e7_NA_0_0,1698309336.95897,start,,,c6id.metal
ip-172-31-31-147,1698309290,duckdb-latest,0.9.1.1,401c8061c6,join,J1_1e7_NA_0_0,1698309337.34013,finish,2,1,c6id.metal
ip-172-31-31-147,1698309290,duckdb-latest,0.9.1.1,401c8061c6,join,J1_1e7_NA_5_0,1698309352.35524,start,,,c6id.metal
ip-172-31-31-147,1698309290,duckdb-latest,0.9.1.1,401c8061c6,join,J1_1e7_NA_5_0,1698309352.73542,finish,2,1,c6id.metal
ip-172-31-31-147,1698309290,duckdb-latest,0.9.1.1,401c8061c6,join,J1_1e7_NA_0_1,1698309367.75067,start,,,c6id.metal
ip-172-31-31-147,1698309290,duckdb-latest,0.9.1.1,401c8061c6,join,J1_1e7_NA_0_1,1698309368.13201,finish,2,1,c6id.metal
ip-172-31-31-147,1698309507,duckdb,0.8.1.3,6536a77232,join,J1_1e7_NA_0_0,1698309508.07335,start,,,c6id.metal
ip-172-31-31-147,1698309507,duckdb,0.8.1.3,6536a77232,join,J1_1e7_NA_0_0,1698309514.74152,finish,0,0,c6id.metal
ip-172-31-31-147,1698309507,duckdb,0.8.1.3,6536a77232,join,J1_1e7_NA_5_0,1698309529.75678,start,,,c6id.metal
ip-172-31-31-147,1698309507,duckdb,0.8.1.3,6536a77232,join,J1_1e7_NA_5_0,1698309534.87196,finish,0,0,c6id.metal
ip-172-31-31-147,1698309507,duckdb,0.8.1.3,6536a77232,join,J1_1e7_NA_0_1,1698309549.8872,start,,,c6id.metal
ip-172-31-31-147,1698309507,duckdb,0.8.1.3,6536a77232,join,J1_1e7_NA_0_1,1698309556.05467,finish,0,0,c6id.metal
ip-172-31-31-147,1698309507,duckdb-latest,0.9.1.1,401c8061c6,join,J1_1e7_NA_0_0,1698309571.06991,start,,,c6id.metal
ip-172-31-31-147,1698309507,duckdb-latest,0.9.1.1,401c8061c6,join,J1_1e7_NA_0_0,1698309577.54767,finish,0,0,c6id.metal
ip-172-31-31-147,1698309507,duckdb-latest,0.9.1.1,401c8061c6,join,J1_1e7_NA_5_0,1698309592.56292,start,,,c6id.metal
ip-172-31-31-147,1698309507,duckdb-latest,0.9.1.1,401c8061c6,join,J1_1e7_NA_5_0,1698309597.63983,finish,0,0,c6id.metal
ip-172-31-31-147,1698309507,duckdb-latest,0.9.1.1,401c8061c6,join,J1_1e7_NA_0_1,1698309612.65509,start,,,c6id.metal
ip-172-31-31-147,1698309507,duckdb-latest,0.9.1.1,401c8061c6,join,J1_1e7_NA_0_1,1698309618.93831,finish,0,0,c6id.metal
ip-172-31-31-147,1698310579,duckdb,0.8.1.3,6536a77232,groupby,G1_1e7_1e2_0_0,1698310579.99364,start,,,c6id.metal
ip-172-31-31-147,1698310579,duckdb,0.8.1.3,6536a77232,groupby,G1_1e7_1e2_0_0,1698310586.5483,finish,3,0,c6id.metal
ip-172-31-31-147,1698310579,duckdb,0.8.1.3,6536a77232,groupby,G1_1e7_1e1_0_0,1698310601.56356,start,,,c6id.metal
ip-172-31-31-147,1698310579,duckdb,0.8.1.3,6536a77232,groupby,G1_1e7_1e1_0_0,1698310608.9138,finish,3,0,c6id.metal
ip-172-31-31-147,1698310579,duckdb,0.8.1.3,6536a77232,groupby,G1_1e7_2e0_0_0,1698310623.92905,start,,,c6id.metal
ip-172-31-31-147,1698310579,duckdb,0.8.1.3,6536a77232,groupby,G1_1e7_2e0_0_0,1698310632.75206,finish,3,0,c6id.metal
ip-172-31-31-147,1698310579,duckdb,0.8.1.3,6536a77232,groupby,G1_1e7_1e2_0_1,1698310647.76732,start,,,c6id.metal
ip-172-31-31-147,1698310579,duckdb,0.8.1.3,6536a77232,groupby,G1_1e7_1e2_0_1,1698310654.24471,finish,3,0,c6id.metal
ip-172-31-31-147,1698310579,duckdb,0.8.1.3,6536a77232,groupby,G1_1e7_1e2_5_0,1698310669.25997,start,,,c6id.metal
ip-172-31-31-147,1698310579,duckdb,0.8.1.3,6536a77232,groupby,G1_1e7_1e2_5_0,1698310677.40149,finish,3,0,c6id.metal
ip-172-31-31-147,1698310579,duckdb,0.8.1.3,6536a77232,groupby,G1_1e8_1e2_0_0,1698310692.41675,start,,,c6id.metal
ip-172-31-31-147,1698310579,duckdb,0.8.1.3,6536a77232,groupby,G1_1e8_1e2_0_0,1698310720.09923,finish,3,0,c6id.metal
ip-172-31-31-147,1698310579,duckdb,0.8.1.3,6536a77232,groupby,G1_1e8_1e1_0_0,1698310735.11448,start,,,c6id.metal
ip-172-31-31-147,1698310579,duckdb,0.8.1.3,6536a77232,groupby,G1_1e8_1e1_0_0,1698310767.44864,finish,3,0,c6id.metal
ip-172-31-31-147,1698310579,duckdb,0.8.1.3,6536a77232,groupby,G1_1e8_2e0_0_0,1698310782.46388,start,,,c6id.metal
ip-172-31-31-147,1698310579,duckdb,0.8.1.3,6536a77232,groupby,G1_1e8_2e0_0_0,1698310812.41346,finish,3,0,c6id.metal
ip-172-31-31-147,1698310579,duckdb,0.8.1.3,6536a77232,groupby,G1_1e8_1e2_0_1,1698310827.42873,start,,,c6id.metal
ip-172-31-31-147,1698310579,duckdb,0.8.1.3,6536a77232,groupby,G1_1e8_1e2_0_1,1698310854.12272,finish,3,0,c6id.metal
ip-172-31-31-147,1698310579,duckdb,0.8.1.3,6536a77232,groupby,G1_1e8_1e2_5_0,1698310869.13783,start,,,c6id.metal
ip-172-31-31-147,1698310579,duckdb,0.8.1.3,6536a77232,groupby,G1_1e8_1e2_5_0,1698310896.68625,finish,3,0,c6id.metal
ip-172-31-31-147,1698310579,duckdb,0.8.1.3,6536a77232,groupby,G1_1e9_1e2_0_0,1698310911.70136,start,,,c6id.metal
ip-172-31-31-147,1698310579,duckdb,0.8.1.3,6536a77232,groupby,G1_1e9_1e2_0_0,1698311178.91261,finish,3,0,c6id.metal
ip-172-31-31-147,1698310579,duckdb,0.8.1.3,6536a77232,groupby,G1_1e9_1e1_0_0,1698311193.92782,start,,,c6id.metal
ip-172-31-31-147,1698310579,duckdb,0.8.1.3,6536a77232,groupby,G1_1e9_1e1_0_0,1698311481.6573,finish,3,0,c6id.metal
ip-172-31-31-147,1698310579,duckdb,0.8.1.3,6536a77232,groupby,G1_1e9_2e0_0_0,1698311496.67254,start,,,c6id.metal
ip-172-31-31-147,1698310579,duckdb,0.8.1.3,6536a77232,groupby,G1_1e9_2e0_0_0,1698311803.1176,finish,3,0,c6id.metal
ip-172-31-31-147,1698310579,duckdb,0.8.1.3,6536a77232,groupby,G1_1e9_1e2_0_1,1698311818.13278,start,,,c6id.metal
ip-172-31-31-147,1698310579,duckdb,0.8.1.3,6536a77232,groupby,G1_1e9_1e2_0_1,1698312062.9628,finish,3,0,c6id.metal
ip-172-31-31-147,1698310579,duckdb,0.8.1.3,6536a77232,groupby,G1_1e9_1e2_5_0,1698312077.97798,start,,,c6id.metal
ip-172-31-31-147,1698310579,duckdb,0.8.1.3,6536a77232,groupby,G1_1e9_1e2_5_0,1698312311.06149,finish,12,1,c6id.metal
ip-172-31-31-147,1698310579,duckdb-latest,0.9.1.1,401c8061c6,groupby,G1_1e7_1e2_0_0,1698312326.07661,start,,,c6id.metal
ip-172-31-31-147,1698310579,duckdb-latest,0.9.1.1,401c8061c6,groupby,G1_1e7_1e2_0_0,1698312331.91479,finish,3,0,c6id.metal
ip-172-31-31-147,1698310579,duckdb-latest,0.9.1.1,401c8061c6,groupby,G1_1e7_1e1_0_0,1698312346.93004,start,,,c6id.metal
ip-172-31-31-147,1698310579,duckdb-latest,0.9.1.1,401c8061c6,groupby,G1_1e7_1e1_0_0,1698312352.9232,finish,3,0,c6id.metal
ip-172-31-31-147,1698310579,duckdb-latest,0.9.1.1,401c8061c6,groupby,G1_1e7_2e0_0_0,1698312367.93846,start,,,c6id.metal
ip-172-31-31-147,1698310579,duckdb-latest,0.9.1.1,401c8061c6,groupby,G1_1e7_2e0_0_0,1698312374.25587,finish,3,0,c6id.metal
ip-172-31-31-147,1698310579,duckdb-latest,0.9.1.1,401c8061c6,groupby,G1_1e7_1e2_0_1,1698312389.27113,start,,,c6id.metal
ip-172-31-31-147,1698310579,duckdb-latest,0.9.1.1,401c8061c6,groupby,G1_1e7_1e2_0_1,1698312394.2859,finish,3,0,c6id.metal
ip-172-31-31-147,1698310579,duckdb-latest,0.9.1.1,401c8061c6,groupby,G1_1e7_1e2_5_0,1698312409.30117,start,,,c6id.metal
ip-172-31-31-147,1698310579,duckdb-latest,0.9.1.1,401c8061c6,groupby,G1_1e7_1e2_5_0,1698312413.81054,finish,3,0,c6id.metal
ip-172-31-31-147,1698310579,duckdb-latest,0.9.1.1,401c8061c6,groupby,G1_1e8_1e2_0_0,1698312428.8258,start,,,c6id.metal
ip-172-31-31-147,1698310579,duckdb-latest,0.9.1.1,401c8061c6,groupby,G1_1e8_1e2_0_0,1698312453.13129,finish,3,0,c6id.metal
ip-172-31-31-147,1698310579,duckdb-latest,0.9.1.1,401c8061c6,groupby,G1_1e8_1e1_0_0,1698312468.14641,start,,,c6id.metal
ip-172-31-31-147,1698310579,duckdb-latest,0.9.1.1,401c8061c6,groupby,G1_1e8_1e1_0_0,1698312498.13011,finish,3,0,c6id.metal
ip-172-31-31-147,1698310579,duckdb-latest,0.9.1.1,401c8061c6,groupby,G1_1e8_2e0_0_0,1698312513.14536,start,,,c6id.metal
ip-172-31-31-147,1698310579,duckdb-latest,0.9.1.1,401c8061c6,groupby,G1_1e8_2e0_0_0,1698312538.84744,finish,3,0,c6id.metal
ip-172-31-31-147,1698310579,duckdb-latest,0.9.1.1,401c8061c6,groupby,G1_1e8_1e2_0_1,1698312553.8627,start,,,c6id.metal
ip-172-31-31-147,1698310579,duckdb-latest,0.9.1.1,401c8061c6,groupby,G1_1e8_1e2_0_1,1698312576.65572,finish,3,0,c6id.metal
ip-172-31-31-147,1698310579,duckdb-latest,0.9.1.1,401c8061c6,groupby,G1_1e8_1e2_5_0,1698312591.67098,start,,,c6id.metal
ip-172-31-31-147,1698310579,duckdb-latest,0.9.1.1,401c8061c6,groupby,G1_1e8_1e2_5_0,1698312611.75193,finish,3,0,c6id.metal
ip-172-31-31-147,1698310579,duckdb-latest,0.9.1.1,401c8061c6,groupby,G1_1e9_1e2_0_0,1698312626.76718,start,,,c6id.metal
ip-172-31-31-147,1698310579,duckdb-latest,0.9.1.1,401c8061c6,groupby,G1_1e9_1e2_0_0,1698312851.66575,finish,3,0,c6id.metal
ip-172-31-31-147,1698310579,duckdb-latest,0.9.1.1,401c8061c6,groupby,G1_1e9_1e1_0_0,1698312866.68104,start,,,c6id.metal
ip-172-31-31-147,1698310579,duckdb-latest,0.9.1.1,401c8061c6,groupby,G1_1e9_1e1_0_0,1698313117.12408,finish,3,0,c6id.metal
ip-172-31-31-147,1698310579,duckdb-latest,0.9.1.1,401c8061c6,groupby,G1_1e9_2e0_0_0,1698313132.13917,start,,,c6id.metal
ip-172-31-31-147,1698310579,duckdb-latest,0.9.1.1,401c8061c6,groupby,G1_1e9_2e0_0_0,1698313377.98056,finish,3,0,c6id.metal
ip-172-31-31-147,1698310579,duckdb-latest,0.9.1.1,401c8061c6,groupby,G1_1e9_1e2_0_1,1698313392.99567,start,,,c6id.metal
ip-172-31-31-147,1698310579,duckdb-latest,0.9.1.1,401c8061c6,groupby,G1_1e9_1e2_0_1,1698313597.05345,finish,3,0,c6id.metal
ip-172-31-31-147,1698310579,duckdb-latest,0.9.1.1,401c8061c6,groupby,G1_1e9_1e2_5_0,1698313612.06876,start,,,c6id.metal
ip-172-31-31-147,1698310579,duckdb-latest,0.9.1.1,401c8061c6,groupby,G1_1e9_1e2_5_0,1698313808.47325,finish,3,0,c6id.metal
ip-172-31-31-147,1698326473,collapse,2.0.3,,join,J1_1e7_NA_0_0,1698326474.34805,start,,,c6id.metal
ip-172-31-31-147,1698326473,collapse,2.0.3,,join,J1_1e7_NA_0_0,1698326591.42987,finish,0,0,c6id.metal
ip-172-31-31-147,1698326654,collapse,2.0.3,,groupby,G1_1e7_1e1_0_0,1698326655.55559,start,,,c6id.metal
ip-172-31-31-147,1698326654,collapse,2.0.3,,groupby,G1_1e7_1e1_0_0,1698326673.79035,finish,0,0,c6id.metal
ip-172-31-31-147,1698326654,collapse,2.0.3,,join,J1_1e7_NA_0_0,1698326688.80546,start,,,c6id.metal
ip-172-31-31-147,1698326654,collapse,2.0.3,,join,J1_1e7_NA_0_0,1698326798.50053,finish,0,0,c6id.metal
ip-172-31-31-147,1698326993,collapse,2.0.3,,groupby,G1_1e7_1e2_0_0,1698326994.21482,start,,,c6id.metal
ip-172-31-31-147,1698326993,collapse,2.0.3,,groupby,G1_1e7_1e2_0_0,1698327003.36244,finish,0,0,c6id.metal
ip-172-31-31-147,1698326993,collapse,2.0.3,,groupby,G1_1e7_1e1_0_0,1698327018.37769,start,,,c6id.metal
ip-172-31-31-147,1698326993,collapse,2.0.3,,groupby,G1_1e7_1e1_0_0,1698327036.31159,finish,0,0,c6id.metal
ip-172-31-31-147,1698326993,collapse,2.0.3,,groupby,G1_1e7_2e0_0_0,1698327051.32684,start,,,c6id.metal
ip-172-31-31-147,1698326993,collapse,2.0.3,,groupby,G1_1e7_2e0_0_0,1698327106.59669,finish,0,0,c6id.metal
ip-172-31-31-147,1698326993,collapse,2.0.3,,groupby,G1_1e7_1e2_0_1,1698327121.61194,start,,,c6id.metal
ip-172-31-31-147,1698326993,collapse,2.0.3,,groupby,G1_1e7_1e2_0_1,1698327129.64142,finish,0,0,c6id.metal
ip-172-31-31-147,1698326993,collapse,2.0.3,,groupby,G1_1e7_1e2_5_0,1698327144.65653,start,,,c6id.metal
ip-172-31-31-147,1698326993,collapse,2.0.3,,groupby,G1_1e7_1e2_5_0,1698327154.39315,finish,0,0,c6id.metal
ip-172-31-31-147,1698326993,collapse,2.0.3,,groupby,G1_1e8_1e2_0_0,1698327169.4084,start,,,c6id.metal
ip-172-31-31-147,1698326993,collapse,2.0.3,,groupby,G1_1e8_1e2_0_0,1698327282.1274,finish,0,0,c6id.metal
ip-172-31-31-147,1698326993,collapse,2.0.3,,groupby,G1_1e8_1e1_0_0,1698327297.14265,start,,,c6id.metal
ip-172-31-31-147,1698326993,collapse,2.0.3,,groupby,G1_1e8_1e1_0_0,1698327538.62724,finish,0,0,c6id.metal
ip-172-31-31-147,1698326993,collapse,2.0.3,,groupby,G1_1e8_2e0_0_0,1698327553.64248,start,,,c6id.metal
ip-172-31-31-147,1698326993,collapse,2.0.3,,groupby,G1_1e8_2e0_0_0,1698328183.01384,finish,0,0,c6id.metal
ip-172-31-31-147,1698326993,collapse,2.0.3,,groupby,G1_1e8_1e2_0_1,1698328198.02908,start,,,c6id.metal
ip-172-31-31-147,1698326993,collapse,2.0.3,,groupby,G1_1e8_1e2_0_1,1698328304.74154,finish,0,0,c6id.metal
ip-172-31-31-147,1698326993,collapse,2.0.3,,groupby,G1_1e8_1e2_5_0,1698328319.75679,start,,,c6id.metal
ip-172-31-31-147,1698326993,collapse,2.0.3,,groupby,G1_1e8_1e2_5_0,1698328434.2086,finish,0,0,c6id.metal
ip-172-31-31-147,1698326993,collapse,2.0.3,,groupby,G1_1e9_1e2_0_0,1698328449.22385,start,,,c6id.metal
ip-172-31-31-147,1698326993,collapse,2.0.3,,groupby,G1_1e9_1e2_0_0,1698330221.66423,finish,0,0,c6id.metal
ip-172-31-31-147,1698326993,collapse,2.0.3,,groupby,G1_1e9_1e1_0_0,1698330236.67949,start,,,c6id.metal
ip-172-31-31-147,1698326993,collapse,2.0.3,,groupby,G1_1e9_1e1_0_0,1698333575.3077,finish,0,0,c6id.metal
ip-172-31-31-147,1698326993,collapse,2.0.3,,groupby,G1_1e9_2e0_0_0,1698333590.32302,start,,,c6id.metal
ip-172-31-31-147,1698326993,collapse,2.0.3,,groupby,G1_1e9_2e0_0_0,1698342283.76872,finish,0,0,c6id.metal
ip-172-31-31-147,1698326993,collapse,2.0.3,,groupby,G1_1e9_1e2_0_1,1698342298.78404,start,,,c6id.metal
ip-172-31-31-147,1698326993,collapse,2.0.3,,groupby,G1_1e9_1e2_0_1,1698343777.46392,finish,0,0,c6id.metal
ip-172-31-31-147,1698326993,collapse,2.0.3,,groupby,G1_1e9_1e2_5_0,1698343792.47912,start,,,c6id.metal
ip-172-31-31-147,1698326993,collapse,2.0.3,,groupby,G1_1e9_1e2_5_0,1698345623.88659,finish,0,0,c6id.metal
ip-172-31-31-147,1698326993,collapse,2.0.3,,join,J1_1e7_NA_0_0,1698345638.90183,start,,,c6id.metal
ip-172-31-31-147,1698326993,collapse,2.0.3,,join,J1_1e7_NA_0_0,1698345751.72367,finish,0,0,c6id.metal
ip-172-31-31-147,1698326993,collapse,2.0.3,,join,J1_1e7_NA_5_0,1698345766.73879,start,,,c6id.metal
ip-172-31-31-147,1698326993,collapse,2.0.3,,join,J1_1e7_NA_5_0,1698345868.5092,finish,0,0,c6id.metal
ip-172-31-31-147,1698326993,collapse,2.0.3,,join,J1_1e7_NA_0_1,1698345883.52454,start,,,c6id.metal
ip-172-31-31-147,1698326993,collapse,2.0.3,,join,J1_1e7_NA_0_1,1698345987.50946,finish,0,0,c6id.metal
ip-172-31-31-147,1698326993,collapse,2.0.3,,join,J1_1e8_NA_0_0,1698346002.52471,start,,,c6id.metal
ip-172-31-31-147,1698326993,collapse,2.0.3,,join,J1_1e8_NA_0_0,1698347301.00292,finish,0,0,c6id.metal
ip-172-31-31-147,1698326993,collapse,2.0.3,,join,J1_1e8_NA_5_0,1698347316.01818,start,,,c6id.metal
ip-172-31-31-147,1698326993,collapse,2.0.3,,join,J1_1e8_NA_5_0,1698348622.07315,finish,0,0,c6id.metal
ip-172-31-31-147,1698326993,collapse,2.0.3,,join,J1_1e8_NA_0_1,1698348637.08848,start,,,c6id.metal
ip-172-31-31-147,1698326993,collapse,2.0.3,,join,J1_1e8_NA_0_1,1698349833.44723,finish,0,0,c6id.metal
ip-172-31-31-147,1698326993,collapse,2.0.3,,join,J1_1e9_NA_0_0,1698349848.46256,start,,,c6id.metal
ip-172-31-31-147,1698326993,collapse,2.0.3,,join,J1_1e9_NA_0_0,1698370827.50361,finish,0,0,c6id.metal
ip-172-31-31-147,1699266597,data.table,1.14.9,88039186915028ab3c93ccfd8e22c0d1c3534b1a,join,J1_1e9_NA_0_0,1699266602.09238,start,,,c6id.metal
ip-172-31-31-147,1699266597,data.table,1.14.9,88039186915028ab3c93ccfd8e22c0d1c3534b1a,join,J1_1e9_NA_0_0,1699270995.54609,finish,2,2,c6id.metal
ip-172-31-31-147,1699289348,juliads,0.7.18, ,join,J1_1e9_NA_0_0,1699289354.28059,start,,,c6id.metal
ip-172-31-31-147,1699289348,juliads,0.7.18, ,join,J1_1e9_NA_0_0,1699289905.26854,finish,0,0,c6id.metal
ip-172-31-31-147,1699289348,juliadf,1.6.1,04c738083f29f86e62c8afc341f0967d8717bdb8,join,J1_1e9_NA_0_0,1699289920.28361,start,,,c6id.metal
ip-172-31-31-147,1699289348,juliadf,1.6.1,04c738083f29f86e62c8afc341f0967d8717bdb8,join,J1_1e9_NA_0_0,1699290895.10819,finish,1,137,c6id.metal
ip-172-31-31-147,1699289348,dplyr,1.1.3,,join,J1_1e9_NA_0_0,1699290910.12338,start,,,c6id.metal
ip-172-31-31-147,1699289348,dplyr,1.1.3,,join,J1_1e9_NA_0_0,1699301730.12933,finish,1,137,c6id.metal
ip-172-31-31-147,1699289348,pandas,2.1.1,e86ed377639948c64c429059127bcf5b359ab6be,join,J1_1e9_NA_0_0,1699301745.14452,start,,,c6id.metal
ip-172-31-31-147,1699289348,pandas,2.1.1,e86ed377639948c64c429059127bcf5b359ab6be,join,J1_1e9_NA_0_0,1699301939.6746,finish,31,1,c6id.metal
ip-172-31-31-147,1699289348,dask,2023.10.1,4884d56ce751f0691cdee3b6db4a8bcf05c474df,join,J1_1e9_NA_0_0,1699301954.68981,start,,,c6id.metal
ip-172-31-31-147,1699289348,dask,2023.10.1,4884d56ce751f0691cdee3b6db4a8bcf05c474df,join,J1_1e9_NA_0_0,1699308552.08238,finish,1,137,c6id.metal
ip-172-31-31-147,1699289348,polars,0.19.11,,join,J1_1e9_NA_0_0,1699308567.0974,start,,,c6id.metal
ip-172-31-31-147,1699289348,polars,0.19.11,,join,J1_1e9_NA_0_0,1699309310.23003,finish,1,137,c6id.metal
ip-172-31-31-147,1699289348,arrow,13.0.0.1,,join,J1_1e9_NA_0_0,1699309325.24506,start,,,c6id.metal
ip-172-31-31-147,1699289348,arrow,13.0.0.1,,join,J1_1e9_NA_0_0,1699309934.66574,finish,1,137,c6id.metal
ip-172-31-31-147,1699437325,data.table,1.14.9,88039186915028ab3c93ccfd8e22c0d1c3534b1a,join,J1_1e9_NA_0_0,1699437325.61783,start,,,c6id.metal
ip-172-31-31-147,1699437325,data.table,1.14.9,88039186915028ab3c93ccfd8e22c0d1c3534b1a,join,J1_1e9_NA_0_0,1699451725.72193,finish,,,c6id.metal
ip-172-31-38-198,1700587790,clickhouse,23.10.2.13,,groupby,G1_1e7_1e2_0_0,1700587791.42537,start,,,c6id.metal
ip-172-31-38-198,1700587790,clickhouse,23.10.2.13,,groupby,G1_1e7_1e2_0_0,1700587938.58807,finish,131,0,c6id.metal
ip-172-31-38-198,1700587790,clickhouse,23.10.2.13,,groupby,G1_1e7_1e1_0_0,1700587953.60331,start,,,c6id.metal
ip-172-31-38-198,1700587790,clickhouse,23.10.2.13,,groupby,G1_1e7_1e1_0_0,1700588100.60355,finish,131,0,c6id.metal
ip-172-31-38-198,1700587790,clickhouse,23.10.2.13,,groupby,G1_1e7_2e0_0_0,1700588115.61882,start,,,c6id.metal
ip-172-31-38-198,1700587790,clickhouse,23.10.2.13,,groupby,G1_1e7_2e0_0_0,1700588261.57888,finish,131,0,c6id.metal
ip-172-31-38-198,1700587790,clickhouse,23.10.2.13,,groupby,G1_1e7_1e2_0_1,1700588276.59411,start,,,c6id.metal
ip-172-31-38-198,1700587790,clickhouse,23.10.2.13,,groupby,G1_1e7_1e2_0_1,1700588423.54863,finish,131,0,c6id.metal
ip-172-31-38-198,1700587790,clickhouse,23.10.2.13,,groupby,G1_1e7_1e2_5_0,1700588438.56387,start,,,c6id.metal
ip-172-31-38-198,1700587790,clickhouse,23.10.2.13,,groupby,G1_1e7_1e2_5_0,1700588585.52743,finish,131,0,c6id.metal
ip-172-31-38-198,1700587790,clickhouse,23.10.2.13,,groupby,G1_1e8_1e2_0_0,1700588600.54268,start,,,c6id.metal
ip-172-31-38-198,1700587790,clickhouse,23.10.2.13,,groupby,G1_1e8_1e2_0_0,1700588768.08545,finish,131,0,c6id.metal
ip-172-31-38-198,1700587790,clickhouse,23.10.2.13,,groupby,G1_1e8_1e1_0_0,1700588783.10067,start,,,c6id.metal
ip-172-31-38-198,1700587790,clickhouse,23.10.2.13,,groupby,G1_1e8_1e1_0_0,1700588953.42058,finish,131,0,c6id.metal
ip-172-31-38-198,1700587790,clickhouse,23.10.2.13,,groupby,G1_1e8_2e0_0_0,1700588968.43582,start,,,c6id.metal
ip-172-31-38-198,1700587790,clickhouse,23.10.2.13,,groupby,G1_1e8_2e0_0_0,1700589140.05388,finish,131,0,c6id.metal
ip-172-31-38-198,1700587790,clickhouse,23.10.2.13,,groupby,G1_1e8_1e2_0_1,1700589155.06912,start,,,c6id.metal
ip-172-31-38-198,1700587790,clickhouse,23.10.2.13,,groupby,G1_1e8_1e2_0_1,1700589323.62503,finish,131,0,c6id.metal
ip-172-31-38-198,1700587790,clickhouse,23.10.2.13,,groupby,G1_1e8_1e2_5_0,1700589338.64027,start,,,c6id.metal
ip-172-31-38-198,1700587790,clickhouse,23.10.2.13,,groupby,G1_1e8_1e2_5_0,1700589511.2378,finish,131,0,c6id.metal
ip-172-31-38-198,1700587790,clickhouse,23.10.2.13,,groupby,G1_1e9_1e2_0_0,1700589526.25303,start,,,c6id.metal
ip-172-31-38-198,1700587790,clickhouse,23.10.2.13,,groupby,G1_1e9_1e2_0_0,1700589923.66532,finish,131,0,c6id.metal
ip-172-31-38-198,1700587790,clickhouse,23.10.2.13,,groupby,G1_1e9_1e1_0_0,1700589938.68043,start,,,c6id.metal
ip-172-31-38-198,1700587790,clickhouse,23.10.2.13,,groupby,G1_1e9_1e1_0_0,1700590367.76374,finish,131,0,c6id.metal
ip-172-31-38-198,1700587790,clickhouse,23.10.2.13,,groupby,G1_1e9_2e0_0_0,1700590382.77899,start,,,c6id.metal
ip-172-31-38-198,1700587790,clickhouse,23.10.2.13,,groupby,G1_1e9_2e0_0_0,1700590849.19496,finish,131,0,c6id.metal
ip-172-31-38-198,1700587790,clickhouse,23.10.2.13,,groupby,G1_1e9_1e2_0_1,1700590864.2102,start,,,c6id.metal
ip-172-31-38-198,1700587790,clickhouse,23.10.2.13,,groupby,G1_1e9_1e2_0_1,1700591277.14579,finish,131,0,c6id.metal
ip-172-31-38-198,1700587790,clickhouse,23.10.2.13,,groupby,G1_1e9_1e2_5_0,1700591292.16105,start,,,c6id.metal
ip-172-31-38-198,1700587790,clickhouse,23.10.2.13,,groupby,G1_1e9_1e2_5_0,1700591759.14913,finish,131,0,c6id.metal
ip-172-31-38-198,1700600133,clickhouse,23.10.2.13,,join,J1_1e7_NA_0_0,1700600133.70651,start,,,c6id.metal
ip-172-31-38-198,1700600133,clickhouse,23.10.2.13,,join,J1_1e7_NA_0_0,1700600286.62925,finish,374,0,c6id.metal
ip-172-31-38-198,1700600133,clickhouse,23.10.2.13,,join,J1_1e7_NA_5_0,1700600301.64177,start,,,c6id.metal
ip-172-31-38-198,1700600133,clickhouse,23.10.2.13,,join,J1_1e7_NA_5_0,1700600454.73575,finish,374,0,c6id.metal
ip-172-31-38-198,1700600133,clickhouse,23.10.2.13,,join,J1_1e7_NA_0_1,1700600469.75086,start,,,c6id.metal
ip-172-31-38-198,1700600133,clickhouse,23.10.2.13,,join,J1_1e7_NA_0_1,1700600619.6822,finish,374,0,c6id.metal
ip-172-31-38-198,1700600133,clickhouse,23.10.2.13,,join,J1_1e8_NA_0_0,1700600634.69741,start,,,c6id.metal
ip-172-31-38-198,1700600133,clickhouse,23.10.2.13,,join,J1_1e8_NA_0_0,1700600898.70815,finish,374,0,c6id.metal
ip-172-31-38-198,1700600133,clickhouse,23.10.2.13,,join,J1_1e8_NA_5_0,1700600913.72327,start,,,c6id.metal
ip-172-31-38-198,1700600133,clickhouse,23.10.2.13,,join,J1_1e8_NA_5_0,1700601185.09986,finish,374,0,c6id.metal
ip-172-31-38-198,1700600133,clickhouse,23.10.2.13,,join,J1_1e8_NA_0_1,1700601200.1151,start,,,c6id.metal
ip-172-31-38-198,1700600133,clickhouse,23.10.2.13,,join,J1_1e8_NA_0_1,1700601443.93793,finish,374,0,c6id.metal
ip-172-31-38-198,1700600133,clickhouse,23.10.2.13,,join,J1_1e9_NA_0_0,1700601458.95318,start,,,c6id.metal
ip-172-31-38-198,1700600133,clickhouse,23.10.2.13,,join,J1_1e9_NA_0_0,1700603770.91887,finish,384,0,c6id.metal
ip-172-31-38-198,1701369994,clickhouse,23.10.4.25,,groupby,G1_1e7_1e2_0_0,1701369994.69405,start,,,c6id.metal
ip-172-31-38-198,1701369994,clickhouse,23.10.4.25,,groupby,G1_1e7_1e2_0_0,1701370140.62271,finish,0,0,c6id.metal
ip-172-31-38-198,1701369994,clickhouse,23.10.4.25,,groupby,G1_1e7_1e1_0_0,1701370155.63795,start,,,c6id.metal
ip-172-31-38-198,1701369994,clickhouse,23.10.4.25,,groupby,G1_1e7_1e1_0_0,1701370301.55549,finish,0,0,c6id.metal
ip-172-31-38-198,1701369994,clickhouse,23.10.4.25,,groupby,G1_1e7_2e0_0_0,1701370316.57071,start,,,c6id.metal
ip-172-31-38-198,1701369994,clickhouse,23.10.4.25,,groupby,G1_1e7_2e0_0_0,1701370462.4764,finish,0,0,c6id.metal
ip-172-31-38-198,1701369994,clickhouse,23.10.4.25,,groupby,G1_1e7_1e2_0_1,1701370477.49151,start,,,c6id.metal
ip-172-31-38-198,1701369994,clickhouse,23.10.4.25,,groupby,G1_1e7_1e2_0_1,1701370623.14652,finish,0,0,c6id.metal
ip-172-31-38-198,1701369994,clickhouse,23.10.4.25,,groupby,G1_1e7_1e2_5_0,1701370638.16158,start,,,c6id.metal
ip-172-31-38-198,1701369994,clickhouse,23.10.4.25,,groupby,G1_1e7_1e2_5_0,1701370785.08764,finish,0,0,c6id.metal
ip-172-31-38-198,1701369994,clickhouse,23.10.4.25,,groupby,G1_1e8_1e2_0_0,1701370800.10274,start,,,c6id.metal
ip-172-31-38-198,1701369994,clickhouse,23.10.4.25,,groupby,G1_1e8_1e2_0_0,1701370969.27411,finish,0,0,c6id.metal
ip-172-31-38-198,1701369994,clickhouse,23.10.4.25,,groupby,G1_1e8_1e1_0_0,1701370984.28933,start,,,c6id.metal
ip-172-31-38-198,1701369994,clickhouse,23.10.4.25,,groupby,G1_1e8_1e1_0_0,1701371155.42928,finish,0,0,c6id.metal
ip-172-31-38-198,1701369994,clickhouse,23.10.4.25,,groupby,G1_1e8_2e0_0_0,1701371170.44446,start,,,c6id.metal
ip-172-31-38-198,1701369994,clickhouse,23.10.4.25,,groupby,G1_1e8_2e0_0_0,1701371345.68965,finish,0,0,c6id.metal
ip-172-31-38-198,1701369994,clickhouse,23.10.4.25,,groupby,G1_1e8_1e2_0_1,1701371360.70485,start,,,c6id.metal
ip-172-31-38-198,1701369994,clickhouse,23.10.4.25,,groupby,G1_1e8_1e2_0_1,1701371532.18096,finish,0,0,c6id.metal
ip-172-31-38-198,1701369994,clickhouse,23.10.4.25,,groupby,G1_1e8_1e2_5_0,1701371547.19619,start,,,c6id.metal
ip-172-31-38-198,1701369994,clickhouse,23.10.4.25,,groupby,G1_1e8_1e2_5_0,1701371722.46219,finish,0,0,c6id.metal
ip-172-31-38-198,1701369994,clickhouse,23.10.4.25,,groupby,G1_1e9_1e2_0_0,1701371737.4773,start,,,c6id.metal
ip-172-31-38-198,1701369994,clickhouse,23.10.4.25,,groupby,G1_1e9_1e2_0_0,1701372148.63957,finish,0,0,c6id.metal
ip-172-31-38-198,1701369994,clickhouse,23.10.4.25,,groupby,G1_1e9_1e1_0_0,1701372163.65481,start,,,c6id.metal
ip-172-31-38-198,1701369994,clickhouse,23.10.4.25,,groupby,G1_1e9_1e1_0_0,1701372615.23127,finish,0,0,c6id.metal
ip-172-31-38-198,1701369994,clickhouse,23.10.4.25,,groupby,G1_1e9_2e0_0_0,1701372630.24634,start,,,c6id.metal
ip-172-31-38-198,1701369994,clickhouse,23.10.4.25,,groupby,G1_1e9_2e0_0_0,1701373120.45832,finish,0,0,c6id.metal
ip-172-31-38-198,1701369994,clickhouse,23.10.4.25,,groupby,G1_1e9_1e2_0_1,1701373135.46556,start,,,c6id.metal
ip-172-31-38-198,1701369994,clickhouse,23.10.4.25,,groupby,G1_1e9_1e2_0_1,1701373553.48765,finish,0,0,c6id.metal
ip-172-31-38-198,1701369994,clickhouse,23.10.4.25,,groupby,G1_1e9_1e2_5_0,1701373568.50278,start,,,c6id.metal
ip-172-31-38-198,1701369994,clickhouse,23.10.4.25,,groupby,G1_1e9_1e2_5_0,1701374072.93384,finish,0,0,c6id.metal
ip-172-31-38-198,1701369994,clickhouse,23.10.4.25,,join,J1_1e7_NA_0_0,1701374087.94907,start,,,c6id.metal
ip-172-31-38-198,1701369994,clickhouse,23.10.4.25,,join,J1_1e7_NA_0_0,1701374240.11203,finish,0,0,c6id.metal
ip-172-31-38-198,1701369994,clickhouse,23.10.4.25,,join,J1_1e7_NA_5_0,1701374255.1273,start,,,c6id.metal
ip-172-31-38-198,1701369994,clickhouse,23.10.4.25,,join,J1_1e7_NA_5_0,1701374407.09062,finish,0,0,c6id.metal
ip-172-31-38-198,1701369994,clickhouse,23.10.4.25,,join,J1_1e7_NA_0_1,1701374422.10581,start,,,c6id.metal
ip-172-31-38-198,1701369994,clickhouse,23.10.4.25,,join,J1_1e7_NA_0_1,1701374573.05233,finish,0,0,c6id.metal
ip-172-31-38-198,1701369994,clickhouse,23.10.4.25,,join,J1_1e8_NA_0_0,1701374588.06756,start,,,c6id.metal
ip-172-31-38-198,1701369994,clickhouse,23.10.4.25,,join,J1_1e8_NA_0_0,1701374853.35387,finish,0,0,c6id.metal
ip-172-31-38-198,1701369994,clickhouse,23.10.4.25,,join,J1_1e8_NA_5_0,1701374868.36894,start,,,c6id.metal
ip-172-31-38-198,1701369994,clickhouse,23.10.4.25,,join,J1_1e8_NA_5_0,1701375139.58052,finish,0,0,c6id.metal
ip-172-31-38-198,1701369994,clickhouse,23.10.4.25,,join,J1_1e8_NA_0_1,1701375154.58548,start,,,c6id.metal
ip-172-31-38-198,1701369994,clickhouse,23.10.4.25,,join,J1_1e8_NA_0_1,1701375400.56497,finish,0,0,c6id.metal
ip-172-31-38-198,1701369994,clickhouse,23.10.4.25,,join,J1_1e9_NA_0_0,1701375415.58009,start,,,c6id.metal
ip-172-31-38-198,1701369994,clickhouse,23.10.4.25,,join,J1_1e9_NA_0_0,1701377769.12339,finish,0,0,c6id.metal
ip-172-31-31-147,1701270373,dask,2023.10.0,3a8f8248884f8c69b76d610d8a44d9b6501d7a7a,groupby,G1_1e7_1e2_0_0,1701270373.98008,start,,,c6id.metal
ip-172-31-31-147,1701270373,dask,2023.10.0,3a8f8248884f8c69b76d610d8a44d9b6501d7a7a,groupby,G1_1e7_1e2_0_0,1701270419.69202,finish,0,0,c6id.metal
ip-172-31-31-147,1701270373,dask,2023.10.0,3a8f8248884f8c69b76d610d8a44d9b6501d7a7a,groupby,G1_1e7_1e1_0_0,1701270434.7073,start,,,c6id.metal
ip-172-31-31-147,1701270373,dask,2023.10.0,3a8f8248884f8c69b76d610d8a44d9b6501d7a7a,groupby,G1_1e7_1e1_0_0,1701270696.40654,finish,0,0,c6id.metal
ip-172-31-31-147,1701270373,dask,2023.10.0,3a8f8248884f8c69b76d610d8a44d9b6501d7a7a,groupby,G1_1e7_2e0_0_0,1701270711.42164,start,,,c6id.metal
ip-172-31-31-147,1701270373,dask,2023.10.0,3a8f8248884f8c69b76d610d8a44d9b6501d7a7a,groupby,G1_1e7_2e0_0_0,1701271665.05859,finish,0,0,c6id.metal
ip-172-31-31-147,1701270373,dask,2023.10.0,3a8f8248884f8c69b76d610d8a44d9b6501d7a7a,groupby,G1_1e7_1e2_0_1,1701271680.07383,start,,,c6id.metal
ip-172-31-31-147,1701270373,dask,2023.10.0,3a8f8248884f8c69b76d610d8a44d9b6501d7a7a,groupby,G1_1e7_1e2_0_1,1701271724.90644,finish,0,0,c6id.metal
ip-172-31-31-147,1701270373,dask,2023.10.0,3a8f8248884f8c69b76d610d8a44d9b6501d7a7a,groupby,G1_1e7_1e2_5_0,1701271739.92167,start,,,c6id.metal
ip-172-31-31-147,1701270373,dask,2023.10.0,3a8f8248884f8c69b76d610d8a44d9b6501d7a7a,groupby,G1_1e7_1e2_5_0,1701271741.80487,finish,1,0,c6id.metal
ip-172-31-31-147,1701270373,dask,2023.10.0,3a8f8248884f8c69b76d610d8a44d9b6501d7a7a,groupby,G1_1e8_1e2_0_0,1701271756.82011,start,,,c6id.metal
ip-172-31-31-147,1701270373,dask,2023.10.0,3a8f8248884f8c69b76d610d8a44d9b6501d7a7a,groupby,G1_1e8_1e2_0_0,1701272323.32654,finish,0,0,c6id.metal
ip-172-31-31-147,1701270373,dask,2023.10.0,3a8f8248884f8c69b76d610d8a44d9b6501d7a7a,groupby,G1_1e8_1e1_0_0,1701272338.34178,start,,,c6id.metal
ip-172-31-31-147,1701270373,dask,2023.10.0,3a8f8248884f8c69b76d610d8a44d9b6501d7a7a,groupby,G1_1e8_1e1_0_0,1701279538.71904,finish,5477,0,c6id.metal
ip-172-31-31-147,1701270373,dask,2023.10.0,3a8f8248884f8c69b76d610d8a44d9b6501d7a7a,groupby,G1_1e8_2e0_0_0,1701279553.73412,start,,,c6id.metal
ip-172-31-31-147,1701270373,dask,2023.10.0,3a8f8248884f8c69b76d610d8a44d9b6501d7a7a,groupby,G1_1e8_2e0_0_0,1701286773.73856,finish,1053,0,c6id.metal
ip-172-31-31-147,1701270373,dask,2023.10.0,3a8f8248884f8c69b76d610d8a44d9b6501d7a7a,groupby,G1_1e8_1e2_0_1,1701286788.7538,start,,,c6id.metal
ip-172-31-31-147,1701270373,dask,2023.10.0,3a8f8248884f8c69b76d610d8a44d9b6501d7a7a,groupby,G1_1e8_1e2_0_1,1701287351.43274,finish,0,0,c6id.metal
ip-172-31-31-147,1701270373,dask,2023.10.0,3a8f8248884f8c69b76d610d8a44d9b6501d7a7a,groupby,G1_1e8_1e2_5_0,1701287366.44798,start,,,c6id.metal
ip-172-31-31-147,1701270373,dask,2023.10.0,3a8f8248884f8c69b76d610d8a44d9b6501d7a7a,groupby,G1_1e8_1e2_5_0,1701287368.35025,finish,1,0,c6id.metal
ip-172-31-31-147,1701270373,dask,2023.10.0,3a8f8248884f8c69b76d610d8a44d9b6501d7a7a,groupby,G1_1e9_1e2_0_0,1701287383.3655,start,,,c6id.metal
ip-172-31-31-147,1701270373,dask,2023.10.0,3a8f8248884f8c69b76d610d8a44d9b6501d7a7a,groupby,G1_1e9_1e2_0_0,1701298184.22329,finish,16301,0,c6id.metal
ip-172-31-31-147,1701270373,dask,2023.10.0,3a8f8248884f8c69b76d610d8a44d9b6501d7a7a,groupby,G1_1e9_1e1_0_0,1701298199.23849,start,,,c6id.metal
ip-172-31-31-147,1701270373,dask,2023.10.0,3a8f8248884f8c69b76d610d8a44d9b6501d7a7a,groupby,G1_1e9_1e1_0_0,1701308999.66472,finish,3388,0,c6id.metal
ip-172-31-31-147,1701270373,dask,2023.10.0,3a8f8248884f8c69b76d610d8a44d9b6501d7a7a,groupby,G1_1e9_2e0_0_0,1701309014.67983,start,,,c6id.metal
ip-172-31-31-147,1701270373,dask,2023.10.0,3a8f8248884f8c69b76d610d8a44d9b6501d7a7a,groupby,G1_1e9_2e0_0_0,1701319814.99198,finish,2416,0,c6id.metal
ip-172-31-31-147,1701270373,dask,2023.10.0,3a8f8248884f8c69b76d610d8a44d9b6501d7a7a,groupby,G1_1e9_1e2_0_1,1701319830.00705,start,,,c6id.metal
ip-172-31-31-147,1701270373,dask,2023.10.0,3a8f8248884f8c69b76d610d8a44d9b6501d7a7a,groupby,G1_1e9_1e2_0_1,1701330630.76343,finish,30812,0,c6id.metal
ip-172-31-31-147,1701270373,dask,2023.10.0,3a8f8248884f8c69b76d610d8a44d9b6501d7a7a,groupby,G1_1e9_1e2_5_0,1701330645.77865,start,,,c6id.metal
ip-172-31-31-147,1701270373,dask,2023.10.0,3a8f8248884f8c69b76d610d8a44d9b6501d7a7a,groupby,G1_1e9_1e2_5_0,1701330648.18685,finish,1,0,c6id.metal
ip-172-31-31-147,1701270373,dask,2023.10.0,3a8f8248884f8c69b76d610d8a44d9b6501d7a7a,join,J1_1e7_NA_0_0,1701330663.20195,start,,,c6id.metal
ip-172-31-31-147,1701270373,dask,2023.10.0,3a8f8248884f8c69b76d610d8a44d9b6501d7a7a,join,J1_1e7_NA_0_0,1701330684.53032,finish,0,0,c6id.metal
ip-172-31-31-147,1701270373,dask,2023.10.0,3a8f8248884f8c69b76d610d8a44d9b6501d7a7a,join,J1_1e7_NA_5_0,1701330699.54542,start,,,c6id.metal
ip-172-31-31-147,1701270373,dask,2023.10.0,3a8f8248884f8c69b76d610d8a44d9b6501d7a7a,join,J1_1e7_NA_5_0,1701330700.17275,finish,1,0,c6id.metal
ip-172-31-31-147,1701270373,dask,2023.10.0,3a8f8248884f8c69b76d610d8a44d9b6501d7a7a,join,J1_1e7_NA_0_1,1701330715.18799,start,,,c6id.metal
ip-172-31-31-147,1701270373,dask,2023.10.0,3a8f8248884f8c69b76d610d8a44d9b6501d7a7a,join,J1_1e7_NA_0_1,1701330715.81832,finish,1,0,c6id.metal
ip-172-31-31-147,1701270373,dask,2023.10.0,3a8f8248884f8c69b76d610d8a44d9b6501d7a7a,join,J1_1e8_NA_0_0,1701330730.83357,start,,,c6id.metal
ip-172-31-31-147,1701270373,dask,2023.10.0,3a8f8248884f8c69b76d610d8a44d9b6501d7a7a,join,J1_1e8_NA_0_0,1701331031.18587,finish,0,0,c6id.metal
ip-172-31-31-147,1701270373,dask,2023.10.0,3a8f8248884f8c69b76d610d8a44d9b6501d7a7a,join,J1_1e8_NA_5_0,1701331046.19362,start,,,c6id.metal
ip-172-31-31-147,1701270373,dask,2023.10.0,3a8f8248884f8c69b76d610d8a44d9b6501d7a7a,join,J1_1e8_NA_5_0,1701331046.8236,finish,1,0,c6id.metal
ip-172-31-31-147,1701270373,dask,2023.10.0,3a8f8248884f8c69b76d610d8a44d9b6501d7a7a,join,J1_1e8_NA_0_1,1701331061.83881,start,,,c6id.metal
ip-172-31-31-147,1701270373,dask,2023.10.0,3a8f8248884f8c69b76d610d8a44d9b6501d7a7a,join,J1_1e8_NA_0_1,1701331062.46537,finish,1,0,c6id.metal
ip-172-31-31-147,1701270373,dask,2023.10.0,3a8f8248884f8c69b76d610d8a44d9b6501d7a7a,join,J1_1e9_NA_0_0,1701331077.48058,start,,,c6id.metal
ip-172-31-31-147,1701270373,dask,2023.10.0,3a8f8248884f8c69b76d610d8a44d9b6501d7a7a,join,J1_1e9_NA_0_0,1701332733.02768,finish,1,137,c6id.metal
ip-172-31-31-147,1717777895,collapse,2.0.14,,groupby,G1_1e7_1e2_0_0,1717777897.62596,start,,,c6id.metal
ip-172-31-31-147,1717777895,collapse,2.0.14,,groupby,G1_1e7_1e2_0_0,1717777907.89878,finish,0,0,c6id.metal
ip-172-31-31-147,1717777895,collapse,2.0.14,,groupby,G1_1e7_1e1_0_0,1717777922.91405,start,,,c6id.metal
ip-172-31-31-147,1717777895,collapse,2.0.14,,groupby,G1_1e7_1e1_0_0,1717777942.83825,finish,0,0,c6id.metal
ip-172-31-31-147,1717777895,collapse,2.0.14,,groupby,G1_1e7_2e0_0_0,1717777957.85351,start,,,c6id.metal
ip-172-31-31-147,1717777895,collapse,2.0.14,,groupby,G1_1e7_2e0_0_0,1717778018.27958,finish,0,0,c6id.metal
ip-172-31-31-147,1717777895,collapse,2.0.14,,groupby,G1_1e7_1e2_0_1,1717778033.29482,start,,,c6id.metal
ip-172-31-31-147,1717777895,collapse,2.0.14,,groupby,G1_1e7_1e2_0_1,1717778042.29982,finish,0,0,c6id.metal
ip-172-31-31-147,1717778127,collapse,2.0.14,,groupby,G1_1e7_1e2_0_0,1717778129.53338,start,,,c6id.metal
ip-172-31-31-147,1717778127,collapse,2.0.14,,groupby,G1_1e7_1e2_0_0,1717778139.90596,finish,0,0,c6id.metal
ip-172-31-31-147,1717778127,collapse,2.0.14,,join,J1_1e7_NA_0_0,1717778154.92109,start,,,c6id.metal
ip-172-31-31-147,1717778127,collapse,2.0.14,,join,J1_1e7_NA_0_0,1717778260.67507,finish,0,0,c6id.metal
ip-172-31-31-147,1717778127,data.table,1.15.99,ca815babe422621724a52507c00c378090843f1e,groupby,G1_1e7_1e2_0_0,1717778275.69035,start,,,c6id.metal
ip-172-31-31-147,1717778127,data.table,1.15.99,ca815babe422621724a52507c00c378090843f1e,groupby,G1_1e7_1e2_0_0,1717778291.46867,finish,0,0,c6id.metal
ip-172-31-31-147,1717778127,data.table,1.15.99,ca815babe422621724a52507c00c378090843f1e,join,J1_1e7_NA_0_0,1717778306.48383,start,,,c6id.metal
ip-172-31-31-147,1717778127,data.table,1.15.99,ca815babe422621724a52507c00c378090843f1e,join,J1_1e7_NA_0_0,1717778421.40455,finish,0,0,c6id.metal
ip-172-31-31-147,1717778127,juliadf,1.6.1,04c738083f29f86e62c8afc341f0967d8717bdb8,groupby,G1_1e7_1e2_0_0,1717778436.41984,start,,,c6id.metal
ip-172-31-31-147,1717778127,juliadf,1.6.1,04c738083f29f86e62c8afc341f0967d8717bdb8,groupby,G1_1e7_1e2_0_0,1717778458.90007,finish,0,0,c6id.metal
ip-172-31-31-147,1717778127,juliadf,1.6.1,04c738083f29f86e62c8afc341f0967d8717bdb8,join,J1_1e7_NA_0_0,1717778473.91531,start,,,c6id.metal
ip-172-31-31-147,1717778127,juliadf,1.6.1,04c738083f29f86e62c8afc341f0967d8717bdb8,join,J1_1e7_NA_0_0,1717778500.14336,finish,0,0,c6id.metal
ip-172-31-31-147,1717778127,dplyr,1.1.4,,groupby,G1_1e7_1e2_0_0,1717778515.15847,start,,,c6id.metal
ip-172-31-31-147,1717778127,dplyr,1.1.4,,groupby,G1_1e7_1e2_0_0,1717778713.13609,finish,16,0,c6id.metal
ip-172-31-31-147,1717778127,dplyr,1.1.4,,join,J1_1e7_NA_0_0,1717778728.15121,start,,,c6id.metal
ip-172-31-31-147,1717778127,dplyr,1.1.4,,join,J1_1e7_NA_0_0,1717778848.68501,finish,0,0,c6id.metal
ip-172-31-31-147,1717778127,pandas,2.2.2,d9cdd2ee5a58015ef6f4d15c7226110c9aab8140,groupby,G1_1e7_1e2_0_0,1717778863.70024,start,,,c6id.metal
ip-172-31-31-147,1717778127,pandas,2.2.2,d9cdd2ee5a58015ef6f4d15c7226110c9aab8140,groupby,G1_1e7_1e2_0_0,1717778890.76414,finish,4,0,c6id.metal
ip-172-31-31-147,1717778127,pandas,2.2.2,d9cdd2ee5a58015ef6f4d15c7226110c9aab8140,join,J1_1e7_NA_0_0,1717778905.77939,start,,,c6id.metal
ip-172-31-31-147,1717778127,pandas,2.2.2,d9cdd2ee5a58015ef6f4d15c7226110c9aab8140,join,J1_1e7_NA_0_0,1717778951.02141,finish,0,0,c6id.metal
ip-172-31-31-147,1717778127,pydatatable,1.2.0a0,b1a87103c55433dc2069df28a460f3ad15450025,groupby,G1_1e7_1e2_0_0,1717778966.03666,start,,,c6id.metal
ip-172-31-31-147,1717778127,pydatatable,1.2.0a0,b1a87103c55433dc2069df28a460f3ad15450025,groupby,G1_1e7_1e2_0_0,1717779133.95093,finish,0,0,c6id.metal
ip-172-31-31-147,1717778127,pydatatable,1.2.0a0,b1a87103c55433dc2069df28a460f3ad15450025,join,J1_1e7_NA_0_0,1717779148.96618,start,,,c6id.metal
ip-172-31-31-147,1717778127,pydatatable,1.2.0a0,b1a87103c55433dc2069df28a460f3ad15450025,join,J1_1e7_NA_0_0,1717780137.36118,finish,0,0,c6id.metal
ip-172-31-31-147,1717778127,spark,3.5.1,,groupby,G1_1e7_1e2_0_0,1717780152.37643,start,,,c6id.metal
ip-172-31-31-147,1717778127,spark,3.5.1,,groupby,G1_1e7_1e2_0_0,1717780201.33658,finish,3,0,c6id.metal
ip-172-31-31-147,1717778127,spark,3.5.1,,join,J1_1e7_NA_0_0,1717780216.35189,start,,,c6id.metal
ip-172-31-31-147,1717778127,spark,3.5.1,,join,J1_1e7_NA_0_0,1717780254.97334,finish,3,0,c6id.metal
ip-172-31-31-147,1717778127,dask,2024.5.2,05a04aafa0cab80b3287b59a9358f16919202db1,groupby,G1_1e7_1e2_0_0,1717780269.98851,start,,,c6id.metal
ip-172-31-31-147,1717778127,dask,2024.5.2,05a04aafa0cab80b3287b59a9358f16919202db1,groupby,G1_1e7_1e2_0_0,1717780307.32124,finish,20,1,c6id.metal
ip-172-31-31-147,1717778127,dask,2024.5.2,05a04aafa0cab80b3287b59a9358f16919202db1,join,J1_1e7_NA_0_0,1717780322.33648,start,,,c6id.metal
ip-172-31-31-147,1717778127,dask,2024.5.2,05a04aafa0cab80b3287b59a9358f16919202db1,join,J1_1e7_NA_0_0,1717780388.08404,finish,0,0,c6id.metal
ip-172-31-31-147,1717778127,clickhouse,24.5.1.1763,,groupby,G1_1e7_1e2_0_0,1717780403.09928,start,,,c6id.metal
ip-172-31-31-147,1717778127,clickhouse,24.5.1.1763,,groupby,G1_1e7_1e2_0_0,1717780551.56812,finish,0,0,c6id.metal
ip-172-31-31-147,1717778127,clickhouse,24.5.1.1763,,join,J1_1e7_NA_0_0,1717780566.58336,start,,,c6id.metal
ip-172-31-31-147,1717778127,clickhouse,24.5.1.1763,,join,J1_1e7_NA_0_0,1717780719.51691,finish,0,0,c6id.metal
ip-172-31-31-147,1717778127,polars,0.20.31,,groupby,G1_1e7_1e2_0_0,1717780734.53215,start,,,c6id.metal
ip-172-31-31-147,1717778127,polars,0.20.31,,groupby,G1_1e7_1e2_0_0,1717780740.61905,finish,2,0,c6id.metal
ip-172-31-31-147,1717778127,polars,0.20.31,,join,J1_1e7_NA_0_0,1717780755.63415,start,,,c6id.metal
ip-172-31-31-147,1717778127,polars,0.20.31,,join,J1_1e7_NA_0_0,1717781419.78869,finish,12,0,c6id.metal
ip-172-31-31-147,1717778127,R-arrow,16.1.0,,groupby,G1_1e7_1e2_0_0,1717781434.80393,start,,,c6id.metal
ip-172-31-31-147,1717778127,R-arrow,16.1.0,,groupby,G1_1e7_1e2_0_0,1717781459.65731,finish,3,0,c6id.metal
ip-172-31-31-147,1717778127,R-arrow,16.1.0,,join,J1_1e7_NA_0_0,1717781474.67255,start,,,c6id.metal
ip-172-31-31-147,1717778127,R-arrow,16.1.0,,join,J1_1e7_NA_0_0,1717781520.19992,finish,0,0,c6id.metal
ip-172-31-31-147,1717778127,duckdb,1.0.0,1f98600c2c,groupby,G1_1e7_1e2_0_0,1717781535.21515,start,,,c6id.metal
ip-172-31-31-147,1717778127,duckdb,1.0.0,1f98600c2c,groupby,G1_1e7_1e2_0_0,1717781539.43749,finish,2,0,c6id.metal
ip-172-31-31-147,1717778127,duckdb,1.0.0,1f98600c2c,join,J1_1e7_NA_0_0,1717781554.45274,start,,,c6id.metal
ip-172-31-31-147,1717778127,duckdb,1.0.0,1f98600c2c,join,J1_1e7_NA_0_0,1717781559.37975,finish,0,0,c6id.metal
ip-172-31-31-147,1717778127,duckdb-latest,1.0.0.9000,c3903e44e0,groupby,G1_1e7_1e2_0_0,1717781574.39484,start,,,c6id.metal
ip-172-31-31-147,1717778127,duckdb-latest,1.0.0.9000,c3903e44e0,groupby,G1_1e7_1e2_0_0,1717781578.81515,finish,2,0,c6id.metal
ip-172-31-31-147,1717778127,duckdb-latest,1.0.0.9000,c3903e44e0,join,J1_1e7_NA_0_0,1717781593.83026,start,,,c6id.metal
ip-172-31-31-147,1717778127,duckdb-latest,1.0.0.9000,c3903e44e0,join,J1_1e7_NA_0_0,1717781598.84273,finish,0,0,c6id.metal
ip-172-31-31-147,1717778127,datafusion,38.0.1,,groupby,G1_1e7_1e2_0_0,1717781613.85797,start,,,c6id.metal
ip-172-31-31-147,1717778127,datafusion,38.0.1,,groupby,G1_1e7_1e2_0_0,1717781617.14944,finish,0,0,c6id.metal
ip-172-31-31-147,1717778127,datafusion,38.0.1,,join,J1_1e7_NA_0_0,1717781632.16469,start,,,c6id.metal
ip-172-31-31-147,1717778127,datafusion,38.0.1,,join,J1_1e7_NA_0_0,1717781635.68134,finish,0,0,c6id.metal
ip-172-31-31-147,1717788597,collapse,2.0.14,,groupby,G1_1e7_1e2_0_0,1717788599.18732,start,,,c6id.metal
ip-172-31-31-147,1717788597,collapse,2.0.14,,groupby,G1_1e7_1e2_0_0,1717788609.44381,finish,0,0,c6id.metal
ip-172-31-31-147,1717788597,collapse,2.0.14,,groupby,G1_1e7_1e1_0_0,1717788624.45907,start,,,c6id.metal
ip-172-31-31-147,1717788597,collapse,2.0.14,,groupby,G1_1e7_1e1_0_0,1717788644.42987,finish,0,0,c6id.metal
ip-172-31-31-147,1717788597,collapse,2.0.14,,groupby,G1_1e7_2e0_0_0,1717788659.4451,start,,,c6id.metal
ip-172-31-31-147,1717788597,collapse,2.0.14,,groupby,G1_1e7_2e0_0_0,1717788719.49124,finish,0,0,c6id.metal
ip-172-31-31-147,1717788597,collapse,2.0.14,,groupby,G1_1e7_1e2_0_1,1717788734.50651,start,,,c6id.metal
ip-172-31-31-147,1717788597,collapse,2.0.14,,groupby,G1_1e7_1e2_0_1,1717788743.56361,finish,0,0,c6id.metal
ip-172-31-31-147,1717788597,collapse,2.0.14,,groupby,G1_1e7_1e2_5_0,1717788758.57885,start,,,c6id.metal
ip-172-31-31-147,1717788597,collapse,2.0.14,,groupby,G1_1e7_1e2_5_0,1717788769.69854,finish,0,0,c6id.metal
ip-172-31-31-147,1717788597,collapse,2.0.14,,groupby,G1_1e8_1e2_0_0,1717788784.71379,start,,,c6id.metal
ip-172-31-31-147,1717788597,collapse,2.0.14,,groupby,G1_1e8_1e2_0_0,1717788915.34498,finish,0,0,c6id.metal
ip-172-31-31-147,1717788597,collapse,2.0.14,,groupby,G1_1e8_1e1_0_0,1717788930.36022,start,,,c6id.metal
ip-172-31-31-147,1717788597,collapse,2.0.14,,groupby,G1_1e8_1e1_0_0,1717789202.0431,finish,0,0,c6id.metal
ip-172-31-31-147,1717788597,collapse,2.0.14,,groupby,G1_1e8_2e0_0_0,1717789217.05835,start,,,c6id.metal
ip-172-31-31-147,1717788597,collapse,2.0.14,,groupby,G1_1e8_2e0_0_0,1717789875.75819,finish,0,0,c6id.metal
ip-172-31-31-147,1717788597,collapse,2.0.14,,groupby,G1_1e8_1e2_0_1,1717789890.77342,start,,,c6id.metal
ip-172-31-31-147,1717788597,collapse,2.0.14,,groupby,G1_1e8_1e2_0_1,1717790006.54244,finish,0,0,c6id.metal
ip-172-31-31-147,1717788597,collapse,2.0.14,,groupby,G1_1e8_1e2_5_0,1717790021.55754,start,,,c6id.metal
ip-172-31-31-147,1717788597,collapse,2.0.14,,groupby,G1_1e8_1e2_5_0,1717790149.41453,finish,0,0,c6id.metal
ip-172-31-31-147,1717788597,collapse,2.0.14,,groupby,G1_1e9_1e2_0_0,1717790164.42977,start,,,c6id.metal
ip-172-31-31-147,1717788597,collapse,2.0.14,,groupby,G1_1e9_1e2_0_0,1717792511.85491,finish,0,0,c6id.metal
ip-172-31-31-147,1717788597,collapse,2.0.14,,groupby,G1_1e9_1e1_0_0,1717792526.87019,start,,,c6id.metal
ip-172-31-31-147,1717788597,collapse,2.0.14,,groupby,G1_1e9_1e1_0_0,1717796414.88921,finish,0,0,c6id.metal
ip-172-31-31-147,1717788597,collapse,2.0.14,,groupby,G1_1e9_2e0_0_0,1717796429.9043,start,,,c6id.metal
ip-172-31-31-147,1717788597,collapse,2.0.14,,groupby,G1_1e9_2e0_0_0,1717807007.70285,finish,0,0,c6id.metal
ip-172-31-31-147,1717788597,collapse,2.0.14,,groupby,G1_1e9_1e2_0_1,1717807022.71796,start,,,c6id.metal
ip-172-31-31-147,1717788597,collapse,2.0.14,,groupby,G1_1e9_1e2_0_1,1717808606.53916,finish,0,0,c6id.metal
ip-172-31-31-147,1717788597,collapse,2.0.14,,groupby,G1_1e9_1e2_5_0,1717808621.55442,start,,,c6id.metal
ip-172-31-31-147,1717788597,collapse,2.0.14,,groupby,G1_1e9_1e2_5_0,1717810865.96912,finish,0,0,c6id.metal
ip-172-31-31-147,1717788597,collapse,2.0.14,,join,J1_1e7_NA_0_0,1717810880.98436,start,,,c6id.metal
ip-172-31-31-147,1717788597,collapse,2.0.14,,join,J1_1e7_NA_0_0,1717810988.01671,finish,0,0,c6id.metal
ip-172-31-31-147,1717788597,collapse,2.0.14,,join,J1_1e7_NA_5_0,1717811003.03201,start,,,c6id.metal
ip-172-31-31-147,1717788597,collapse,2.0.14,,join,J1_1e7_NA_5_0,1717811107.83785,finish,0,0,c6id.metal
ip-172-31-31-147,1717788597,collapse,2.0.14,,join,J1_1e7_NA_0_1,1717811122.85295,start,,,c6id.metal
ip-172-31-31-147,1717788597,collapse,2.0.14,,join,J1_1e7_NA_0_1,1717811224.77704,finish,0,0,c6id.metal
ip-172-31-31-147,1717788597,collapse,2.0.14,,join,J1_1e8_NA_0_0,1717811239.79237,start,,,c6id.metal
ip-172-31-31-147,1717788597,collapse,2.0.14,,join,J1_1e8_NA_0_0,1717812499.49666,finish,0,0,c6id.metal
ip-172-31-31-147,1717788597,collapse,2.0.14,,join,J1_1e8_NA_5_0,1717812514.51189,start,,,c6id.metal
ip-172-31-31-147,1717788597,collapse,2.0.14,,join,J1_1e8_NA_5_0,1717813700.26807,finish,0,0,c6id.metal
ip-172-31-31-147,1717788597,collapse,2.0.14,,join,J1_1e8_NA_0_1,1717813715.2832,start,,,c6id.metal
ip-172-31-31-147,1717788597,collapse,2.0.14,,join,J1_1e8_NA_0_1,1717814921.98979,finish,0,0,c6id.metal
ip-172-31-31-147,1717788597,data.table,1.15.99,ca815babe422621724a52507c00c378090843f1e,groupby,G1_1e7_1e2_0_0,1717814937.00488,start,,,c6id.metal
ip-172-31-31-147,1717788597,data.table,1.15.99,ca815babe422621724a52507c00c378090843f1e,groupby,G1_1e7_1e2_0_0,1717814953.80195,finish,0,0,c6id.metal
ip-172-31-31-147,1717788597,data.table,1.15.99,ca815babe422621724a52507c00c378090843f1e,groupby,G1_1e7_1e1_0_0,1717814968.81723,start,,,c6id.metal
ip-172-31-31-147,1717788597,data.table,1.15.99,ca815babe422621724a52507c00c378090843f1e,groupby,G1_1e7_1e1_0_0,1717815001.36909,finish,0,0,c6id.metal
ip-172-31-31-147,1717788597,data.table,1.15.99,ca815babe422621724a52507c00c378090843f1e,groupby,G1_1e7_2e0_0_0,1717815016.38437,start,,,c6id.metal
ip-172-31-31-147,1717788597,data.table,1.15.99,ca815babe422621724a52507c00c378090843f1e,groupby,G1_1e7_2e0_0_0,1717815118.05644,finish,0,0,c6id.metal
ip-172-31-31-147,1717788597,data.table,1.15.99,ca815babe422621724a52507c00c378090843f1e,groupby,G1_1e7_1e2_0_1,1717815133.07168,start,,,c6id.metal
ip-172-31-31-147,1717788597,data.table,1.15.99,ca815babe422621724a52507c00c378090843f1e,groupby,G1_1e7_1e2_0_1,1717815144.14543,finish,0,0,c6id.metal
ip-172-31-31-147,1717788597,data.table,1.15.99,ca815babe422621724a52507c00c378090843f1e,groupby,G1_1e7_1e2_5_0,1717815159.16052,start,,,c6id.metal
ip-172-31-31-147,1717788597,data.table,1.15.99,ca815babe422621724a52507c00c378090843f1e,groupby,G1_1e7_1e2_5_0,1717815178.87129,finish,0,0,c6id.metal
ip-172-31-31-147,1717788597,data.table,1.15.99,ca815babe422621724a52507c00c378090843f1e,groupby,G1_1e8_1e2_0_0,1717815193.88658,start,,,c6id.metal
ip-172-31-31-147,1717788597,data.table,1.15.99,ca815babe422621724a52507c00c378090843f1e,groupby,G1_1e8_1e2_0_0,1717815328.32209,finish,0,0,c6id.metal
ip-172-31-31-147,1717788597,data.table,1.15.99,ca815babe422621724a52507c00c378090843f1e,groupby,G1_1e8_1e1_0_0,1717815343.33732,start,,,c6id.metal
ip-172-31-31-147,1717788597,data.table,1.15.99,ca815babe422621724a52507c00c378090843f1e,groupby,G1_1e8_1e1_0_0,1717815659.54055,finish,0,0,c6id.metal
ip-172-31-31-147,1717788597,data.table,1.15.99,ca815babe422621724a52507c00c378090843f1e,groupby,G1_1e8_2e0_0_0,1717815674.5558,start,,,c6id.metal
ip-172-31-31-147,1717788597,data.table,1.15.99,ca815babe422621724a52507c00c378090843f1e,groupby,G1_1e8_2e0_0_0,1717816546.25146,finish,0,0,c6id.metal
ip-172-31-31-147,1717788597,data.table,1.15.99,ca815babe422621724a52507c00c378090843f1e,groupby,G1_1e8_1e2_0_1,1717816561.26674,start,,,c6id.metal
ip-172-31-31-147,1717788597,data.table,1.15.99,ca815babe422621724a52507c00c378090843f1e,groupby,G1_1e8_1e2_0_1,1717816672.46129,finish,0,0,c6id.metal
ip-172-31-31-147,1717788597,data.table,1.15.99,ca815babe422621724a52507c00c378090843f1e,groupby,G1_1e8_1e2_5_0,1717816687.47653,start,,,c6id.metal
ip-172-31-31-147,1717788597,data.table,1.15.99,ca815babe422621724a52507c00c378090843f1e,groupby,G1_1e8_1e2_5_0,1717816826.38102,finish,0,0,c6id.metal
ip-172-31-31-147,1717788597,data.table,1.15.99,ca815babe422621724a52507c00c378090843f1e,groupby,G1_1e9_1e2_0_0,1717816841.39627,start,,,c6id.metal
ip-172-31-31-147,1717788597,data.table,1.15.99,ca815babe422621724a52507c00c378090843f1e,groupby,G1_1e9_1e2_0_0,1717818733.98161,finish,0,0,c6id.metal
ip-172-31-31-147,1717788597,data.table,1.15.99,ca815babe422621724a52507c00c378090843f1e,groupby,G1_1e9_1e1_0_0,1717818748.99687,start,,,c6id.metal
ip-172-31-31-147,1717788597,data.table,1.15.99,ca815babe422621724a52507c00c378090843f1e,groupby,G1_1e9_1e1_0_0,1717822448.74072,finish,0,0,c6id.metal
ip-172-31-31-147,1717788597,data.table,1.15.99,ca815babe422621724a52507c00c378090843f1e,groupby,G1_1e9_2e0_0_0,1717822463.75598,start,,,c6id.metal
ip-172-31-31-147,1717788597,data.table,1.15.99,ca815babe422621724a52507c00c378090843f1e,groupby,G1_1e9_2e0_0_0,1717833283.76533,finish,1,0,c6id.metal
ip-172-31-31-147,1717788597,data.table,1.15.99,ca815babe422621724a52507c00c378090843f1e,groupby,G1_1e9_1e2_0_1,1717833298.7805,start,,,c6id.metal
ip-172-31-31-147,1717788597,data.table,1.15.99,ca815babe422621724a52507c00c378090843f1e,groupby,G1_1e9_1e2_0_1,1717834964.16768,finish,0,0,c6id.metal
ip-172-31-31-147,1717788597,data.table,1.15.99,ca815babe422621724a52507c00c378090843f1e,groupby,G1_1e9_1e2_5_0,1717834979.18291,start,,,c6id.metal
ip-172-31-31-147,1717788597,data.table,1.15.99,ca815babe422621724a52507c00c378090843f1e,groupby,G1_1e9_1e2_5_0,1717836874.72922,finish,0,0,c6id.metal
ip-172-31-31-147,1717788597,data.table,1.15.99,ca815babe422621724a52507c00c378090843f1e,join,J1_1e7_NA_0_0,1717836889.74446,start,,,c6id.metal
ip-172-31-31-147,1717788597,data.table,1.15.99,ca815babe422621724a52507c00c378090843f1e,join,J1_1e7_NA_0_0,1717837014.11187,finish,0,0,c6id.metal
ip-172-31-31-147,1717788597,data.table,1.15.99,ca815babe422621724a52507c00c378090843f1e,join,J1_1e7_NA_5_0,1717837029.12699,start,,,c6id.metal
ip-172-31-31-147,1717788597,data.table,1.15.99,ca815babe422621724a52507c00c378090843f1e,join,J1_1e7_NA_5_0,1717837142.27368,finish,0,0,c6id.metal
ip-172-31-31-147,1717788597,data.table,1.15.99,ca815babe422621724a52507c00c378090843f1e,join,J1_1e7_NA_0_1,1717837157.28895,start,,,c6id.metal
ip-172-31-31-147,1717788597,data.table,1.15.99,ca815babe422621724a52507c00c378090843f1e,join,J1_1e7_NA_0_1,1717837271.48787,finish,0,0,c6id.metal
ip-172-31-31-147,1717788597,data.table,1.15.99,ca815babe422621724a52507c00c378090843f1e,join,J1_1e8_NA_0_0,1717837286.50297,start,,,c6id.metal
ip-172-31-31-147,1717788597,data.table,1.15.99,ca815babe422621724a52507c00c378090843f1e,join,J1_1e8_NA_0_0,1717838684.85083,finish,0,0,c6id.metal
ip-172-31-31-147,1717788597,data.table,1.15.99,ca815babe422621724a52507c00c378090843f1e,join,J1_1e8_NA_5_0,1717838699.86596,start,,,c6id.metal
ip-172-31-31-147,1717788597,data.table,1.15.99,ca815babe422621724a52507c00c378090843f1e,join,J1_1e8_NA_5_0,1717839990.2546,finish,0,0,c6id.metal
ip-172-31-31-147,1717788597,data.table,1.15.99,ca815babe422621724a52507c00c378090843f1e,join,J1_1e8_NA_0_1,1717840005.26992,start,,,c6id.metal
ip-172-31-31-147,1717788597,data.table,1.15.99,ca815babe422621724a52507c00c378090843f1e,join,J1_1e8_NA_0_1,1717841303.82376,finish,0,0,c6id.metal
ip-172-31-31-147,1717788597,juliadf,1.6.1,04c738083f29f86e62c8afc341f0967d8717bdb8,groupby,G1_1e7_1e2_0_0,1717841318.83907,start,,,c6id.metal
ip-172-31-31-147,1717788597,juliadf,1.6.1,04c738083f29f86e62c8afc341f0967d8717bdb8,groupby,G1_1e7_1e2_0_0,1717841344.08485,finish,0,0,c6id.metal
ip-172-31-31-147,1717788597,juliadf,1.6.1,04c738083f29f86e62c8afc341f0967d8717bdb8,groupby,G1_1e7_1e1_0_0,1717841359.10002,start,,,c6id.metal
ip-172-31-31-147,1717788597,juliadf,1.6.1,04c738083f29f86e62c8afc341f0967d8717bdb8,groupby,G1_1e7_1e1_0_0,1717841383.59566,finish,0,0,c6id.metal
ip-172-31-31-147,1717788597,juliadf,1.6.1,04c738083f29f86e62c8afc341f0967d8717bdb8,groupby,G1_1e7_2e0_0_0,1717841398.6109,start,,,c6id.metal
ip-172-31-31-147,1717788597,juliadf,1.6.1,04c738083f29f86e62c8afc341f0967d8717bdb8,groupby,G1_1e7_2e0_0_0,1717841426.89991,finish,0,0,c6id.metal
ip-172-31-31-147,1717788597,juliadf,1.6.1,04c738083f29f86e62c8afc341f0967d8717bdb8,groupby,G1_1e7_1e2_0_1,1717841441.91514,start,,,c6id.metal
ip-172-31-31-147,1717788597,juliadf,1.6.1,04c738083f29f86e62c8afc341f0967d8717bdb8,groupby,G1_1e7_1e2_0_1,1717841464.01293,finish,0,0,c6id.metal
ip-172-31-31-147,1717788597,juliadf,1.6.1,04c738083f29f86e62c8afc341f0967d8717bdb8,groupby,G1_1e7_1e2_5_0,1717841479.02823,start,,,c6id.metal
ip-172-31-31-147,1717788597,juliadf,1.6.1,04c738083f29f86e62c8afc341f0967d8717bdb8,groupby,G1_1e7_1e2_5_0,1717841504.94188,finish,0,0,c6id.metal
ip-172-31-31-147,1717788597,juliadf,1.6.1,04c738083f29f86e62c8afc341f0967d8717bdb8,groupby,G1_1e8_1e2_0_0,1717841519.95722,start,,,c6id.metal
ip-172-31-31-147,1717788597,juliadf,1.6.1,04c738083f29f86e62c8afc341f0967d8717bdb8,groupby,G1_1e8_1e2_0_0,1717841657.63347,finish,0,0,c6id.metal
ip-172-31-31-147,1717788597,juliadf,1.6.1,04c738083f29f86e62c8afc341f0967d8717bdb8,groupby,G1_1e8_1e1_0_0,1717841672.64871,start,,,c6id.metal
ip-172-31-31-147,1717788597,juliadf,1.6.1,04c738083f29f86e62c8afc341f0967d8717bdb8,groupby,G1_1e8_1e1_0_0,1717841841.86604,finish,0,0,c6id.metal
ip-172-31-31-147,1717788597,juliadf,1.6.1,04c738083f29f86e62c8afc341f0967d8717bdb8,groupby,G1_1e8_2e0_0_0,1717841856.88135,start,,,c6id.metal
ip-172-31-31-147,1717788597,juliadf,1.6.1,04c738083f29f86e62c8afc341f0967d8717bdb8,groupby,G1_1e8_2e0_0_0,1717842077.16629,finish,0,0,c6id.metal
ip-172-31-31-147,1717788597,juliadf,1.6.1,04c738083f29f86e62c8afc341f0967d8717bdb8,groupby,G1_1e8_1e2_0_1,1717842092.18149,start,,,c6id.metal
ip-172-31-31-147,1717788597,juliadf,1.6.1,04c738083f29f86e62c8afc341f0967d8717bdb8,groupby,G1_1e8_1e2_0_1,1717842226.93032,finish,0,0,c6id.metal
ip-172-31-31-147,1717788597,juliadf,1.6.1,04c738083f29f86e62c8afc341f0967d8717bdb8,groupby,G1_1e8_1e2_5_0,1717842241.94542,start,,,c6id.metal
ip-172-31-31-147,1717788597,juliadf,1.6.1,04c738083f29f86e62c8afc341f0967d8717bdb8,groupby,G1_1e8_1e2_5_0,1717842387.02159,finish,0,0,c6id.metal
ip-172-31-31-147,1717788597,juliadf,1.6.1,04c738083f29f86e62c8afc341f0967d8717bdb8,groupby,G1_1e9_1e2_0_0,1717842402.03688,start,,,c6id.metal
ip-172-31-31-147,1717788597,juliadf,1.6.1,04c738083f29f86e62c8afc341f0967d8717bdb8,groupby,G1_1e9_1e2_0_0,1717843816.62899,finish,0,0,c6id.metal
ip-172-31-31-147,1717788597,juliadf,1.6.1,04c738083f29f86e62c8afc341f0967d8717bdb8,groupby,G1_1e9_1e1_0_0,1717843831.64424,start,,,c6id.metal
ip-172-31-31-147,1717788597,juliadf,1.6.1,04c738083f29f86e62c8afc341f0967d8717bdb8,groupby,G1_1e9_1e1_0_0,1717845692.26002,finish,0,0,c6id.metal
ip-172-31-31-147,1717788597,juliadf,1.6.1,04c738083f29f86e62c8afc341f0967d8717bdb8,groupby,G1_1e9_2e0_0_0,1717845707.27523,start,,,c6id.metal
ip-172-31-31-147,1717788597,juliadf,1.6.1,04c738083f29f86e62c8afc341f0967d8717bdb8,groupby,G1_1e9_2e0_0_0,1717848136.7106,finish,0,0,c6id.metal
ip-172-31-31-147,1717788597,juliadf,1.6.1,04c738083f29f86e62c8afc341f0967d8717bdb8,groupby,G1_1e9_1e2_0_1,1717848151.72583,start,,,c6id.metal
ip-172-31-31-147,1717788597,juliadf,1.6.1,04c738083f29f86e62c8afc341f0967d8717bdb8,groupby,G1_1e9_1e2_0_1,1717849508.17611,finish,0,0,c6id.metal
ip-172-31-31-147,1717788597,juliadf,1.6.1,04c738083f29f86e62c8afc341f0967d8717bdb8,groupby,G1_1e9_1e2_5_0,1717849523.19127,start,,,c6id.metal
ip-172-31-31-147,1717788597,juliadf,1.6.1,04c738083f29f86e62c8afc341f0967d8717bdb8,groupby,G1_1e9_1e2_5_0,1717850952.7466,finish,0,0,c6id.metal
ip-172-31-31-147,1717788597,juliadf,1.6.1,04c738083f29f86e62c8afc341f0967d8717bdb8,join,J1_1e7_NA_0_0,1717850967.76185,start,,,c6id.metal
ip-172-31-31-147,1717788597,juliadf,1.6.1,04c738083f29f86e62c8afc341f0967d8717bdb8,join,J1_1e7_NA_0_0,1717850993.94902,finish,0,0,c6id.metal
ip-172-31-31-147,1717788597,juliadf,1.6.1,04c738083f29f86e62c8afc341f0967d8717bdb8,join,J1_1e7_NA_5_0,1717851008.96414,start,,,c6id.metal
ip-172-31-31-147,1717788597,juliadf,1.6.1,04c738083f29f86e62c8afc341f0967d8717bdb8,join,J1_1e7_NA_5_0,1717851037.4179,finish,0,0,c6id.metal
ip-172-31-31-147,1717788597,juliadf,1.6.1,04c738083f29f86e62c8afc341f0967d8717bdb8,join,J1_1e7_NA_0_1,1717851052.43316,start,,,c6id.metal
ip-172-31-31-147,1717788597,juliadf,1.6.1,04c738083f29f86e62c8afc341f0967d8717bdb8,join,J1_1e7_NA_0_1,1717851076.85759,finish,0,0,c6id.metal
ip-172-31-31-147,1717788597,juliadf,1.6.1,04c738083f29f86e62c8afc341f0967d8717bdb8,join,J1_1e8_NA_0_0,1717851091.87286,start,,,c6id.metal
ip-172-31-31-147,1717788597,juliadf,1.6.1,04c738083f29f86e62c8afc341f0967d8717bdb8,join,J1_1e8_NA_0_0,1717851334.14983,finish,0,0,c6id.metal
ip-172-31-31-147,1717788597,juliadf,1.6.1,04c738083f29f86e62c8afc341f0967d8717bdb8,join,J1_1e8_NA_5_0,1717851349.16509,start,,,c6id.metal
ip-172-31-31-147,1717788597,juliadf,1.6.1,04c738083f29f86e62c8afc341f0967d8717bdb8,join,J1_1e8_NA_5_0,1717851610.70145,finish,0,0,c6id.metal
ip-172-31-31-147,1717788597,juliadf,1.6.1,04c738083f29f86e62c8afc341f0967d8717bdb8,join,J1_1e8_NA_0_1,1717851625.71655,start,,,c6id.metal
ip-172-31-31-147,1717788597,juliadf,1.6.1,04c738083f29f86e62c8afc341f0967d8717bdb8,join,J1_1e8_NA_0_1,1717851844.35085,finish,0,0,c6id.metal
ip-172-31-31-147,1717788597,dplyr,1.1.4,,groupby,G1_1e7_1e2_0_0,1717851859.36608,start,,,c6id.metal
ip-172-31-31-147,1717788597,dplyr,1.1.4,,groupby,G1_1e7_1e2_0_0,1717852046.22634,finish,16,0,c6id.metal
ip-172-31-31-147,1717788597,dplyr,1.1.4,,groupby,G1_1e7_1e1_0_0,1717852061.24145,start,,,c6id.metal
ip-172-31-31-147,1717788597,dplyr,1.1.4,,groupby,G1_1e7_1e1_0_0,1717852321.35515,finish,16,0,c6id.metal
ip-172-31-31-147,1717788597,dplyr,1.1.4,,groupby,G1_1e7_2e0_0_0,1717852336.37041,start,,,c6id.metal
ip-172-31-31-147,1717788597,dplyr,1.1.4,,groupby,G1_1e7_2e0_0_0,1717852886.53408,finish,16,0,c6id.metal
ip-172-31-31-147,1717788597,dplyr,1.1.4,,groupby,G1_1e7_1e2_0_1,1717852901.54932,start,,,c6id.metal
ip-172-31-31-147,1717788597,dplyr,1.1.4,,groupby,G1_1e7_1e2_0_1,1717853086.04816,finish,16,0,c6id.metal
ip-172-31-31-147,1717788597,dplyr,1.1.4,,groupby,G1_1e7_1e2_5_0,1717853101.06341,start,,,c6id.metal
ip-172-31-31-147,1717788597,dplyr,1.1.4,,groupby,G1_1e7_1e2_5_0,1717853292.80963,finish,16,0,c6id.metal
ip-172-31-31-147,1717788597,dplyr,1.1.4,,groupby,G1_1e8_1e2_0_0,1717853307.82489,start,,,c6id.metal
ip-172-31-31-147,1717788597,dplyr,1.1.4,,groupby,G1_1e8_1e2_0_0,1717855321.2575,finish,16,0,c6id.metal
ip-172-31-31-147,1717788597,dplyr,1.1.4,,groupby,G1_1e8_1e1_0_0,1717855336.27261,start,,,c6id.metal
ip-172-31-31-147,1717788597,dplyr,1.1.4,,groupby,G1_1e8_1e1_0_0,1717858271.43732,finish,16,0,c6id.metal
ip-172-31-31-147,1717788597,dplyr,1.1.4,,groupby,G1_1e8_2e0_0_0,1717858286.45256,start,,,c6id.metal
ip-172-31-31-147,1717788597,dplyr,1.1.4,,groupby,G1_1e8_2e0_0_0,1717864243.97281,finish,16,0,c6id.metal
ip-172-31-31-147,1717788597,dplyr,1.1.4,,groupby,G1_1e8_1e2_0_1,1717864258.98804,start,,,c6id.metal
ip-172-31-31-147,1717788597,dplyr,1.1.4,,groupby,G1_1e8_1e2_0_1,1717866254.06507,finish,16,0,c6id.metal
ip-172-31-31-147,1717788597,dplyr,1.1.4,,groupby,G1_1e8_1e2_5_0,1717866269.08031,start,,,c6id.metal
ip-172-31-31-147,1717788597,dplyr,1.1.4,,groupby,G1_1e8_1e2_5_0,1717868313.32065,finish,16,0,c6id.metal
ip-172-31-31-147,1717788597,dplyr,1.1.4,,groupby,G1_1e9_1e2_0_0,1717868328.33576,start,,,c6id.metal
ip-172-31-31-147,1717788597,dplyr,1.1.4,,groupby,G1_1e9_1e2_0_0,1717873234.84006,finish,13,137,c6id.metal
ip-172-31-31-147,1717788597,dplyr,1.1.4,,groupby,G1_1e9_1e1_0_0,1717873249.85512,start,,,c6id.metal
ip-172-31-31-147,1717788597,dplyr,1.1.4,,groupby,G1_1e9_1e1_0_0,1717884054.95631,finish,12,137,c6id.metal
ip-172-31-31-147,1717788597,dplyr,1.1.4,,groupby,G1_1e9_2e0_0_0,1717884069.97155,start,,,c6id.metal
ip-172-31-31-147,1717788597,dplyr,1.1.4,,groupby,G1_1e9_2e0_0_0,1717889185.616,finish,5,137,c6id.metal
ip-172-31-31-147,1717788597,dplyr,1.1.4,,groupby,G1_1e9_1e2_0_1,1717889200.63107,start,,,c6id.metal
ip-172-31-31-147,1717788597,dplyr,1.1.4,,groupby,G1_1e9_1e2_0_1,1717900020.73075,finish,14,137,c6id.metal
ip-172-31-31-147,1717788597,dplyr,1.1.4,,groupby,G1_1e9_1e2_5_0,1717900035.74583,start,,,c6id.metal
ip-172-31-31-147,1717788597,dplyr,1.1.4,,groupby,G1_1e9_1e2_5_0,1717905459.12355,finish,13,137,c6id.metal
ip-172-31-31-147,1717788597,dplyr,1.1.4,,join,J1_1e7_NA_0_0,1717905474.13881,start,,,c6id.metal
ip-172-31-31-147,1717788597,dplyr,1.1.4,,join,J1_1e7_NA_0_0,1717905591.86777,finish,0,0,c6id.metal
ip-172-31-31-147,1717788597,dplyr,1.1.4,,join,J1_1e7_NA_5_0,1717905606.88301,start,,,c6id.metal
ip-172-31-31-147,1717788597,dplyr,1.1.4,,join,J1_1e7_NA_5_0,1717905721.60067,finish,0,0,c6id.metal
ip-172-31-31-147,1717788597,dplyr,1.1.4,,join,J1_1e7_NA_0_1,1717905736.61593,start,,,c6id.metal
ip-172-31-31-147,1717788597,dplyr,1.1.4,,join,J1_1e7_NA_0_1,1717905845.27311,finish,0,0,c6id.metal
ip-172-31-31-147,1717788597,dplyr,1.1.4,,join,J1_1e8_NA_0_0,1717905860.28822,start,,,c6id.metal
ip-172-31-31-147,1717788597,dplyr,1.1.4,,join,J1_1e8_NA_0_0,1717907241.66404,finish,0,0,c6id.metal
ip-172-31-31-147,1717788597,dplyr,1.1.4,,join,J1_1e8_NA_5_0,1717907256.67915,start,,,c6id.metal
ip-172-31-31-147,1717788597,dplyr,1.1.4,,join,J1_1e8_NA_5_0,1717908665.27131,finish,0,0,c6id.metal
ip-172-31-31-147,1717788597,dplyr,1.1.4,,join,J1_1e8_NA_0_1,1717908680.2866,start,,,c6id.metal
ip-172-31-31-147,1717788597,dplyr,1.1.4,,join,J1_1e8_NA_0_1,1717909970.60186,finish,0,0,c6id.metal
ip-172-31-31-147,1717788597,pandas,2.2.2,d9cdd2ee5a58015ef6f4d15c7226110c9aab8140,groupby,G1_1e7_1e2_0_0,1717909985.6171,start,,,c6id.metal
ip-172-31-31-147,1717788597,pandas,2.2.2,d9cdd2ee5a58015ef6f4d15c7226110c9aab8140,groupby,G1_1e7_1e2_0_0,1717910013.0276,finish,4,0,c6id.metal
ip-172-31-31-147,1717788597,pandas,2.2.2,d9cdd2ee5a58015ef6f4d15c7226110c9aab8140,groupby,G1_1e7_1e1_0_0,1717910028.04285,start,,,c6id.metal
ip-172-31-31-147,1717788597,pandas,2.2.2,d9cdd2ee5a58015ef6f4d15c7226110c9aab8140,groupby,G1_1e7_1e1_0_0,1717910057.59638,finish,4,0,c6id.metal
ip-172-31-31-147,1717788597,pandas,2.2.2,d9cdd2ee5a58015ef6f4d15c7226110c9aab8140,groupby,G1_1e7_2e0_0_0,1717910072.61148,start,,,c6id.metal
ip-172-31-31-147,1717788597,pandas,2.2.2,d9cdd2ee5a58015ef6f4d15c7226110c9aab8140,groupby,G1_1e7_2e0_0_0,1717910141.13467,finish,4,0,c6id.metal
ip-172-31-31-147,1717788597,pandas,2.2.2,d9cdd2ee5a58015ef6f4d15c7226110c9aab8140,groupby,G1_1e7_1e2_0_1,1717910156.14979,start,,,c6id.metal
ip-172-31-31-147,1717788597,pandas,2.2.2,d9cdd2ee5a58015ef6f4d15c7226110c9aab8140,groupby,G1_1e7_1e2_0_1,1717910182.67672,finish,4,0,c6id.metal
ip-172-31-31-147,1717788597,pandas,2.2.2,d9cdd2ee5a58015ef6f4d15c7226110c9aab8140,groupby,G1_1e7_1e2_5_0,1717910197.69182,start,,,c6id.metal
ip-172-31-31-147,1717788597,pandas,2.2.2,d9cdd2ee5a58015ef6f4d15c7226110c9aab8140,groupby,G1_1e7_1e2_5_0,1717910198.12721,finish,1,0,c6id.metal
ip-172-31-31-147,1717788597,pandas,2.2.2,d9cdd2ee5a58015ef6f4d15c7226110c9aab8140,groupby,G1_1e8_1e2_0_0,1717910213.14247,start,,,c6id.metal
ip-172-31-31-147,1717788597,pandas,2.2.2,d9cdd2ee5a58015ef6f4d15c7226110c9aab8140,groupby,G1_1e8_1e2_0_0,1717910569.15487,finish,4,0,c6id.metal
ip-172-31-31-147,1717788597,pandas,2.2.2,d9cdd2ee5a58015ef6f4d15c7226110c9aab8140,groupby,G1_1e8_1e1_0_0,1717910584.17013,start,,,c6id.metal
ip-172-31-31-147,1717788597,pandas,2.2.2,d9cdd2ee5a58015ef6f4d15c7226110c9aab8140,groupby,G1_1e8_1e1_0_0,1717911012.81091,finish,4,0,c6id.metal
ip-172-31-31-147,1717788597,pandas,2.2.2,d9cdd2ee5a58015ef6f4d15c7226110c9aab8140,groupby,G1_1e8_2e0_0_0,1717911027.82616,start,,,c6id.metal
ip-172-31-31-147,1717788597,pandas,2.2.2,d9cdd2ee5a58015ef6f4d15c7226110c9aab8140,groupby,G1_1e8_2e0_0_0,1717911880.06876,finish,4,0,c6id.metal
ip-172-31-31-147,1717788597,pandas,2.2.2,d9cdd2ee5a58015ef6f4d15c7226110c9aab8140,groupby,G1_1e8_1e2_0_1,1717911895.08398,start,,,c6id.metal
ip-172-31-31-147,1717788597,pandas,2.2.2,d9cdd2ee5a58015ef6f4d15c7226110c9aab8140,groupby,G1_1e8_1e2_0_1,1717912209.14819,finish,4,0,c6id.metal
ip-172-31-31-147,1717788597,pandas,2.2.2,d9cdd2ee5a58015ef6f4d15c7226110c9aab8140,groupby,G1_1e8_1e2_5_0,1717912224.16343,start,,,c6id.metal
ip-172-31-31-147,1717788597,pandas,2.2.2,d9cdd2ee5a58015ef6f4d15c7226110c9aab8140,groupby,G1_1e8_1e2_5_0,1717912224.60625,finish,1,0,c6id.metal
ip-172-31-31-147,1717788597,pandas,2.2.2,d9cdd2ee5a58015ef6f4d15c7226110c9aab8140,groupby,G1_1e9_1e2_0_0,1717912239.62038,start,,,c6id.metal
ip-172-31-31-147,1717788597,pandas,2.2.2,d9cdd2ee5a58015ef6f4d15c7226110c9aab8140,groupby,G1_1e9_1e2_0_0,1717920494.6009,finish,4,0,c6id.metal
ip-172-31-31-147,1717788597,pandas,2.2.2,d9cdd2ee5a58015ef6f4d15c7226110c9aab8140,groupby,G1_1e9_1e1_0_0,1717920509.616,start,,,c6id.metal
ip-172-31-31-147,1717788597,pandas,2.2.2,d9cdd2ee5a58015ef6f4d15c7226110c9aab8140,groupby,G1_1e9_1e1_0_0,1717930081.82413,finish,4,0,c6id.metal
ip-172-31-31-147,1717788597,pandas,2.2.2,d9cdd2ee5a58015ef6f4d15c7226110c9aab8140,groupby,G1_1e9_2e0_0_0,1717930096.83924,start,,,c6id.metal
ip-172-31-31-147,1717788597,pandas,2.2.2,d9cdd2ee5a58015ef6f4d15c7226110c9aab8140,groupby,G1_1e9_2e0_0_0,1717940916.86752,finish,5,0,c6id.metal
ip-172-31-31-147,1717788597,pandas,2.2.2,d9cdd2ee5a58015ef6f4d15c7226110c9aab8140,groupby,G1_1e9_1e2_0_1,1717940931.88256,start,,,c6id.metal
ip-172-31-31-147,1717788597,pandas,2.2.2,d9cdd2ee5a58015ef6f4d15c7226110c9aab8140,groupby,G1_1e9_1e2_0_1,1717946157.31707,finish,4,0,c6id.metal
ip-172-31-31-147,1717788597,pandas,2.2.2,d9cdd2ee5a58015ef6f4d15c7226110c9aab8140,groupby,G1_1e9_1e2_5_0,1717946172.33231,start,,,c6id.metal
ip-172-31-31-147,1717788597,pandas,2.2.2,d9cdd2ee5a58015ef6f4d15c7226110c9aab8140,groupby,G1_1e9_1e2_5_0,1717946173.12136,finish,1,0,c6id.metal
ip-172-31-31-147,1717788597,pandas,2.2.2,d9cdd2ee5a58015ef6f4d15c7226110c9aab8140,join,J1_1e7_NA_0_0,1717946188.1366,start,,,c6id.metal
ip-172-31-31-147,1717788597,pandas,2.2.2,d9cdd2ee5a58015ef6f4d15c7226110c9aab8140,join,J1_1e7_NA_0_0,1717946232.47189,finish,0,0,c6id.metal
ip-172-31-31-147,1717788597,pandas,2.2.2,d9cdd2ee5a58015ef6f4d15c7226110c9aab8140,join,J1_1e7_NA_5_0,1717946247.48698,start,,,c6id.metal
ip-172-31-31-147,1717788597,pandas,2.2.2,d9cdd2ee5a58015ef6f4d15c7226110c9aab8140,join,J1_1e7_NA_5_0,1717946292.08713,finish,0,0,c6id.metal
ip-172-31-31-147,1717788597,pandas,2.2.2,d9cdd2ee5a58015ef6f4d15c7226110c9aab8140,join,J1_1e7_NA_0_1,1717946307.10236,start,,,c6id.metal
ip-172-31-31-147,1717788597,pandas,2.2.2,d9cdd2ee5a58015ef6f4d15c7226110c9aab8140,join,J1_1e7_NA_0_1,1717946342.43308,finish,0,0,c6id.metal
ip-172-31-31-147,1717788597,pandas,2.2.2,d9cdd2ee5a58015ef6f4d15c7226110c9aab8140,join,J1_1e8_NA_0_0,1717946357.44817,start,,,c6id.metal
ip-172-31-31-147,1717788597,pandas,2.2.2,d9cdd2ee5a58015ef6f4d15c7226110c9aab8140,join,J1_1e8_NA_0_0,1717946940.0904,finish,0,0,c6id.metal
ip-172-31-31-147,1717788597,pandas,2.2.2,d9cdd2ee5a58015ef6f4d15c7226110c9aab8140,join,J1_1e8_NA_5_0,1717946955.10563,start,,,c6id.metal
ip-172-31-31-147,1717788597,pandas,2.2.2,d9cdd2ee5a58015ef6f4d15c7226110c9aab8140,join,J1_1e8_NA_5_0,1717947558.46746,finish,0,0,c6id.metal
ip-172-31-31-147,1717788597,pandas,2.2.2,d9cdd2ee5a58015ef6f4d15c7226110c9aab8140,join,J1_1e8_NA_0_1,1717947573.48271,start,,,c6id.metal
ip-172-31-31-147,1717788597,pandas,2.2.2,d9cdd2ee5a58015ef6f4d15c7226110c9aab8140,join,J1_1e8_NA_0_1,1717948024.54406,finish,0,0,c6id.metal
ip-172-31-31-147,1717788597,pydatatable,1.2.0a0,b1a87103c55433dc2069df28a460f3ad15450025,groupby,G1_1e7_1e2_0_0,1717948039.55915,start,,,c6id.metal
ip-172-31-31-147,1717788597,pydatatable,1.2.0a0,b1a87103c55433dc2069df28a460f3ad15450025,groupby,G1_1e7_1e2_0_0,1717948207.3029,finish,0,0,c6id.metal
ip-172-31-31-147,1717788597,pydatatable,1.2.0a0,b1a87103c55433dc2069df28a460f3ad15450025,groupby,G1_1e7_1e1_0_0,1717948222.31814,start,,,c6id.metal
ip-172-31-31-147,1717788597,pydatatable,1.2.0a0,b1a87103c55433dc2069df28a460f3ad15450025,groupby,G1_1e7_1e1_0_0,1717948350.18041,finish,0,0,c6id.metal
ip-172-31-31-147,1717788597,pydatatable,1.2.0a0,b1a87103c55433dc2069df28a460f3ad15450025,groupby,G1_1e7_2e0_0_0,1717948365.19551,start,,,c6id.metal
ip-172-31-31-147,1717788597,pydatatable,1.2.0a0,b1a87103c55433dc2069df28a460f3ad15450025,groupby,G1_1e7_2e0_0_0,1717948568.32122,finish,0,0,c6id.metal
ip-172-31-31-147,1717788597,pydatatable,1.2.0a0,b1a87103c55433dc2069df28a460f3ad15450025,groupby,G1_1e7_1e2_0_1,1717948583.3363,start,,,c6id.metal
ip-172-31-31-147,1717788597,pydatatable,1.2.0a0,b1a87103c55433dc2069df28a460f3ad15450025,groupby,G1_1e7_1e2_0_1,1717948756.61496,finish,0,0,c6id.metal
ip-172-31-31-147,1717788597,pydatatable,1.2.0a0,b1a87103c55433dc2069df28a460f3ad15450025,groupby,G1_1e7_1e2_5_0,1717948771.63008,start,,,c6id.metal
ip-172-31-31-147,1717788597,pydatatable,1.2.0a0,b1a87103c55433dc2069df28a460f3ad15450025,groupby,G1_1e7_1e2_5_0,1717949095.86659,finish,0,0,c6id.metal
ip-172-31-31-147,1717788597,pydatatable,1.2.0a0,b1a87103c55433dc2069df28a460f3ad15450025,groupby,G1_1e8_1e2_0_0,1717949110.88182,start,,,c6id.metal
ip-172-31-31-147,1717788597,pydatatable,1.2.0a0,b1a87103c55433dc2069df28a460f3ad15450025,groupby,G1_1e8_1e2_0_0,1717950584.2113,finish,0,0,c6id.metal
ip-172-31-31-147,1717788597,pydatatable,1.2.0a0,b1a87103c55433dc2069df28a460f3ad15450025,groupby,G1_1e8_1e1_0_0,1717950599.22657,start,,,c6id.metal
ip-172-31-31-147,1717788597,pydatatable,1.2.0a0,b1a87103c55433dc2069df28a460f3ad15450025,groupby,G1_1e8_1e1_0_0,1717952238.91491,finish,0,0,c6id.metal
ip-172-31-31-147,1717788597,pydatatable,1.2.0a0,b1a87103c55433dc2069df28a460f3ad15450025,groupby,G1_1e8_2e0_0_0,1717952253.93015,start,,,c6id.metal
ip-172-31-31-147,1717788597,pydatatable,1.2.0a0,b1a87103c55433dc2069df28a460f3ad15450025,groupby,G1_1e8_2e0_0_0,1717953280.08241,finish,0,0,c6id.metal
ip-172-31-31-147,1717788597,pydatatable,1.2.0a0,b1a87103c55433dc2069df28a460f3ad15450025,groupby,G1_1e8_1e2_0_1,1717953295.09764,start,,,c6id.metal
ip-172-31-31-147,1717788597,pydatatable,1.2.0a0,b1a87103c55433dc2069df28a460f3ad15450025,groupby,G1_1e8_1e2_0_1,1717954720.69389,finish,0,0,c6id.metal
ip-172-31-31-147,1717788597,pydatatable,1.2.0a0,b1a87103c55433dc2069df28a460f3ad15450025,groupby,G1_1e8_1e2_5_0,1717954735.70914,start,,,c6id.metal
ip-172-31-31-147,1717788597,pydatatable,1.2.0a0,b1a87103c55433dc2069df28a460f3ad15450025,groupby,G1_1e8_1e2_5_0,1717956466.27087,finish,0,0,c6id.metal
ip-172-31-31-147,1717788597,pydatatable,1.2.0a0,b1a87103c55433dc2069df28a460f3ad15450025,groupby,G1_1e9_1e2_0_0,1717956481.28611,start,,,c6id.metal
ip-172-31-31-147,1717788597,pydatatable,1.2.0a0,b1a87103c55433dc2069df28a460f3ad15450025,groupby,G1_1e9_1e2_0_0,1717967288.49359,finish,5,0,c6id.metal
ip-172-31-31-147,1717788597,pydatatable,1.2.0a0,b1a87103c55433dc2069df28a460f3ad15450025,groupby,G1_1e9_1e1_0_0,1717967303.50881,start,,,c6id.metal
ip-172-31-31-147,1717788597,pydatatable,1.2.0a0,b1a87103c55433dc2069df28a460f3ad15450025,groupby,G1_1e9_1e1_0_0,1717978111.24407,finish,5,0,c6id.metal
ip-172-31-31-147,1717788597,pydatatable,1.2.0a0,b1a87103c55433dc2069df28a460f3ad15450025,groupby,G1_1e9_2e0_0_0,1717978126.25916,start,,,c6id.metal
ip-172-31-31-147,1717788597,pydatatable,1.2.0a0,b1a87103c55433dc2069df28a460f3ad15450025,groupby,G1_1e9_2e0_0_0,1717988933.40504,finish,5,0,c6id.metal
ip-172-31-31-147,1717788597,pydatatable,1.2.0a0,b1a87103c55433dc2069df28a460f3ad15450025,groupby,G1_1e9_1e2_0_1,1717988948.42028,start,,,c6id.metal
ip-172-31-31-147,1717788597,pydatatable,1.2.0a0,b1a87103c55433dc2069df28a460f3ad15450025,groupby,G1_1e9_1e2_0_1,1717999758.02057,finish,5,0,c6id.metal
ip-172-31-31-147,1717788597,pydatatable,1.2.0a0,b1a87103c55433dc2069df28a460f3ad15450025,groupby,G1_1e9_1e2_5_0,1717999773.03576,start,,,c6id.metal
ip-172-31-31-147,1717788597,pydatatable,1.2.0a0,b1a87103c55433dc2069df28a460f3ad15450025,groupby,G1_1e9_1e2_5_0,1717999773.2607,finish,1,0,c6id.metal
ip-172-31-31-147,1717788597,pydatatable,1.2.0a0,b1a87103c55433dc2069df28a460f3ad15450025,join,J1_1e7_NA_0_0,1717999788.27595,start,,,c6id.metal
ip-172-31-31-147,1717788597,pydatatable,1.2.0a0,b1a87103c55433dc2069df28a460f3ad15450025,join,J1_1e7_NA_0_0,1718000350.14194,finish,0,0,c6id.metal
ip-172-31-31-147,1717788597,pydatatable,1.2.0a0,b1a87103c55433dc2069df28a460f3ad15450025,join,J1_1e7_NA_5_0,1718000365.15718,start,,,c6id.metal
ip-172-31-31-147,1717788597,pydatatable,1.2.0a0,b1a87103c55433dc2069df28a460f3ad15450025,join,J1_1e7_NA_5_0,1718000784.44113,finish,0,0,c6id.metal
ip-172-31-31-147,1717788597,pydatatable,1.2.0a0,b1a87103c55433dc2069df28a460f3ad15450025,join,J1_1e7_NA_0_1,1718000799.45636,start,,,c6id.metal
ip-172-31-31-147,1717788597,pydatatable,1.2.0a0,b1a87103c55433dc2069df28a460f3ad15450025,join,J1_1e7_NA_0_1,1718001702.81919,finish,0,0,c6id.metal
ip-172-31-31-147,1717788597,pydatatable,1.2.0a0,b1a87103c55433dc2069df28a460f3ad15450025,join,J1_1e8_NA_0_0,1718001717.83448,start,,,c6id.metal
ip-172-31-31-147,1717788597,pydatatable,1.2.0a0,b1a87103c55433dc2069df28a460f3ad15450025,join,J1_1e8_NA_0_0,1718005096.09821,finish,4,2,c6id.metal
ip-172-31-31-147,1717788597,pydatatable,1.2.0a0,b1a87103c55433dc2069df28a460f3ad15450025,join,J1_1e8_NA_5_0,1718005111.11344,start,,,c6id.metal
ip-172-31-31-147,1717788597,pydatatable,1.2.0a0,b1a87103c55433dc2069df28a460f3ad15450025,join,J1_1e8_NA_5_0,1718013688.8472,finish,0,0,c6id.metal
ip-172-31-31-147,1717788597,pydatatable,1.2.0a0,b1a87103c55433dc2069df28a460f3ad15450025,join,J1_1e8_NA_0_1,1718013703.86251,start,,,c6id.metal
ip-172-31-31-147,1717788597,pydatatable,1.2.0a0,b1a87103c55433dc2069df28a460f3ad15450025,join,J1_1e8_NA_0_1,1718015414.33507,finish,4,2,c6id.metal
ip-172-31-31-147,1717788597,spark,3.5.1,,groupby,G1_1e7_1e2_0_0,1718015429.35018,start,,,c6id.metal
ip-172-31-31-147,1717788597,spark,3.5.1,,groupby,G1_1e7_1e2_0_0,1718015477.6976,finish,3,0,c6id.metal
ip-172-31-31-147,1717788597,spark,3.5.1,,groupby,G1_1e7_1e1_0_0,1718015492.71291,start,,,c6id.metal
ip-172-31-31-147,1717788597,spark,3.5.1,,groupby,G1_1e7_1e1_0_0,1718015537.82362,finish,3,0,c6id.metal
ip-172-31-31-147,1717788597,spark,3.5.1,,groupby,G1_1e7_2e0_0_0,1718015552.83893,start,,,c6id.metal
ip-172-31-31-147,1717788597,spark,3.5.1,,groupby,G1_1e7_2e0_0_0,1718015597.58267,finish,3,0,c6id.metal
ip-172-31-31-147,1717788597,spark,3.5.1,,groupby,G1_1e7_1e2_0_1,1718015612.59793,start,,,c6id.metal
ip-172-31-31-147,1717788597,spark,3.5.1,,groupby,G1_1e7_1e2_0_1,1718015655.71385,finish,3,0,c6id.metal
ip-172-31-31-147,1717788597,spark,3.5.1,,groupby,G1_1e7_1e2_5_0,1718015670.7292,start,,,c6id.metal
ip-172-31-31-147,1717788597,spark,3.5.1,,groupby,G1_1e7_1e2_5_0,1718015715.95714,finish,3,0,c6id.metal
ip-172-31-31-147,1717788597,spark,3.5.1,,groupby,G1_1e8_1e2_0_0,1718015730.97239,start,,,c6id.metal
ip-172-31-31-147,1717788597,spark,3.5.1,,groupby,G1_1e8_1e2_0_0,1718015832.14757,finish,3,0,c6id.metal
ip-172-31-31-147,1717788597,spark,3.5.1,,groupby,G1_1e8_1e1_0_0,1718015847.16287,start,,,c6id.metal
ip-172-31-31-147,1717788597,spark,3.5.1,,groupby,G1_1e8_1e1_0_0,1718015956.57541,finish,3,0,c6id.metal
ip-172-31-31-147,1717788597,spark,3.5.1,,groupby,G1_1e8_2e0_0_0,1718015971.59053,start,,,c6id.metal
ip-172-31-31-147,1717788597,spark,3.5.1,,groupby,G1_1e8_2e0_0_0,1718016080.41566,finish,3,0,c6id.metal
ip-172-31-31-147,1717788597,spark,3.5.1,,groupby,G1_1e8_1e2_0_1,1718016095.43095,start,,,c6id.metal
ip-172-31-31-147,1717788597,spark,3.5.1,,groupby,G1_1e8_1e2_0_1,1718016210.6292,finish,3,0,c6id.metal
ip-172-31-31-147,1717788597,spark,3.5.1,,groupby,G1_1e8_1e2_5_0,1718016225.64442,start,,,c6id.metal
ip-172-31-31-147,1717788597,spark,3.5.1,,groupby,G1_1e8_1e2_5_0,1718016365.98947,finish,3,0,c6id.metal
ip-172-31-31-147,1717788597,spark,3.5.1,,groupby,G1_1e9_1e2_0_0,1718016381.00465,start,,,c6id.metal
ip-172-31-31-147,1717788597,spark,3.5.1,,groupby,G1_1e9_1e2_0_0,1718018478.12942,finish,3,0,c6id.metal
ip-172-31-31-147,1717788597,spark,3.5.1,,groupby,G1_1e9_1e1_0_0,1718018493.14472,start,,,c6id.metal
ip-172-31-31-147,1717788597,spark,3.5.1,,groupby,G1_1e9_1e1_0_0,1718020368.26047,finish,3,0,c6id.metal
ip-172-31-31-147,1717788597,spark,3.5.1,,groupby,G1_1e9_2e0_0_0,1718020383.27605,start,,,c6id.metal
ip-172-31-31-147,1717788597,spark,3.5.1,,groupby,G1_1e9_2e0_0_0,1718022646.53576,finish,3,0,c6id.metal
ip-172-31-31-147,1717788597,spark,3.5.1,,groupby,G1_1e9_1e2_0_1,1718022661.55103,start,,,c6id.metal
ip-172-31-31-147,1717788597,spark,3.5.1,,groupby,G1_1e9_1e2_0_1,1718024061.57063,finish,31,0,c6id.metal
ip-172-31-31-147,1717788597,spark,3.5.1,,groupby,G1_1e9_1e2_5_0,1718024076.58591,start,,,c6id.metal
ip-172-31-31-147,1717788597,spark,3.5.1,,groupby,G1_1e9_1e2_5_0,1718026317.87964,finish,3,0,c6id.metal
ip-172-31-31-147,1717788597,spark,3.5.1,,join,J1_1e7_NA_0_0,1718026332.89493,start,,,c6id.metal
ip-172-31-31-147,1717788597,spark,3.5.1,,join,J1_1e7_NA_0_0,1718026374.32321,finish,3,0,c6id.metal
ip-172-31-31-147,1717788597,spark,3.5.1,,join,J1_1e7_NA_5_0,1718026389.33851,start,,,c6id.metal
ip-172-31-31-147,1717788597,spark,3.5.1,,join,J1_1e7_NA_5_0,1718026428.50076,finish,3,0,c6id.metal
ip-172-31-31-147,1717788597,spark,3.5.1,,join,J1_1e7_NA_0_1,1718026443.51611,start,,,c6id.metal
ip-172-31-31-147,1717788597,spark,3.5.1,,join,J1_1e7_NA_0_1,1718026482.67393,finish,3,0,c6id.metal
ip-172-31-31-147,1717788597,spark,3.5.1,,join,J1_1e8_NA_0_0,1718026497.68925,start,,,c6id.metal
ip-172-31-31-147,1717788597,spark,3.5.1,,join,J1_1e8_NA_0_0,1718026696.57572,finish,3,0,c6id.metal
ip-172-31-31-147,1717788597,spark,3.5.1,,join,J1_1e8_NA_5_0,1718026711.59102,start,,,c6id.metal
ip-172-31-31-147,1717788597,spark,3.5.1,,join,J1_1e8_NA_5_0,1718026915.38618,finish,3,0,c6id.metal
ip-172-31-31-147,1717788597,spark,3.5.1,,join,J1_1e8_NA_0_1,1718026930.40145,start,,,c6id.metal
ip-172-31-31-147,1717788597,spark,3.5.1,,join,J1_1e8_NA_0_1,1718027084.28275,finish,3,0,c6id.metal
ip-172-31-31-147,1717788597,dask,2024.5.2,05a04aafa0cab80b3287b59a9358f16919202db1,groupby,G1_1e7_1e2_0_0,1718027099.29791,start,,,c6id.metal
ip-172-31-31-147,1717788597,dask,2024.5.2,05a04aafa0cab80b3287b59a9358f16919202db1,groupby,G1_1e7_1e2_0_0,1718027137.76149,finish,20,1,c6id.metal
ip-172-31-31-147,1717788597,dask,2024.5.2,05a04aafa0cab80b3287b59a9358f16919202db1,groupby,G1_1e7_1e1_0_0,1718027152.77674,start,,,c6id.metal
ip-172-31-31-147,1717788597,dask,2024.5.2,05a04aafa0cab80b3287b59a9358f16919202db1,groupby,G1_1e7_1e1_0_0,1718027412.546,finish,20,1,c6id.metal
ip-172-31-31-147,1717788597,dask,2024.5.2,05a04aafa0cab80b3287b59a9358f16919202db1,groupby,G1_1e7_2e0_0_0,1718027427.56109,start,,,c6id.metal
ip-172-31-31-147,1717788597,dask,2024.5.2,05a04aafa0cab80b3287b59a9358f16919202db1,groupby,G1_1e7_2e0_0_0,1718028414.75297,finish,20,1,c6id.metal
ip-172-31-31-147,1717788597,dask,2024.5.2,05a04aafa0cab80b3287b59a9358f16919202db1,groupby,G1_1e7_1e2_0_1,1718028429.76807,start,,,c6id.metal
ip-172-31-31-147,1717788597,dask,2024.5.2,05a04aafa0cab80b3287b59a9358f16919202db1,groupby,G1_1e7_1e2_0_1,1718028466.1189,finish,20,1,c6id.metal
ip-172-31-31-147,1717788597,dask,2024.5.2,05a04aafa0cab80b3287b59a9358f16919202db1,groupby,G1_1e7_1e2_5_0,1718028481.13416,start,,,c6id.metal
ip-172-31-31-147,1717788597,dask,2024.5.2,05a04aafa0cab80b3287b59a9358f16919202db1,groupby,G1_1e7_1e2_5_0,1718028483.14039,finish,1,0,c6id.metal
ip-172-31-31-147,1717788597,dask,2024.5.2,05a04aafa0cab80b3287b59a9358f16919202db1,groupby,G1_1e8_1e2_0_0,1718028498.15562,start,,,c6id.metal
ip-172-31-31-147,1717788597,dask,2024.5.2,05a04aafa0cab80b3287b59a9358f16919202db1,groupby,G1_1e8_1e2_0_0,1718028747.03279,finish,20,1,c6id.metal
ip-172-31-31-147,1717788597,dask,2024.5.2,05a04aafa0cab80b3287b59a9358f16919202db1,groupby,G1_1e8_1e1_0_0,1718028762.04804,start,,,c6id.metal
ip-172-31-31-147,1717788597,dask,2024.5.2,05a04aafa0cab80b3287b59a9358f16919202db1,groupby,G1_1e8_1e1_0_0,1718030350.97561,finish,20,1,c6id.metal
ip-172-31-31-147,1717788597,dask,2024.5.2,05a04aafa0cab80b3287b59a9358f16919202db1,groupby,G1_1e8_2e0_0_0,1718030365.99087,start,,,c6id.metal
ip-172-31-31-147,1717788597,dask,2024.5.2,05a04aafa0cab80b3287b59a9358f16919202db1,groupby,G1_1e8_2e0_0_0,1718031664.96178,finish,78,1,c6id.metal
ip-172-31-31-147,1717788597,dask,2024.5.2,05a04aafa0cab80b3287b59a9358f16919202db1,groupby,G1_1e8_1e2_0_1,1718031679.9769,start,,,c6id.metal
ip-172-31-31-147,1717788597,dask,2024.5.2,05a04aafa0cab80b3287b59a9358f16919202db1,groupby,G1_1e8_1e2_0_1,1718031926.03185,finish,20,1,c6id.metal
ip-172-31-31-147,1717788597,dask,2024.5.2,05a04aafa0cab80b3287b59a9358f16919202db1,groupby,G1_1e8_1e2_5_0,1718031941.0471,start,,,c6id.metal
ip-172-31-31-147,1717788597,dask,2024.5.2,05a04aafa0cab80b3287b59a9358f16919202db1,groupby,G1_1e8_1e2_5_0,1718031943.15158,finish,1,0,c6id.metal
ip-172-31-31-147,1717788597,dask,2024.5.2,05a04aafa0cab80b3287b59a9358f16919202db1,groupby,G1_1e9_1e2_0_0,1718031958.16682,start,,,c6id.metal
ip-172-31-31-147,1717788597,dask,2024.5.2,05a04aafa0cab80b3287b59a9358f16919202db1,groupby,G1_1e9_1e2_0_0,1718033670.5812,finish,579027,1,c6id.metal
ip-172-31-31-147,1717788597,dask,2024.5.2,05a04aafa0cab80b3287b59a9358f16919202db1,groupby,G1_1e9_1e1_0_0,1718033685.59639,start,,,c6id.metal
ip-172-31-31-147,1717788597,dask,2024.5.2,05a04aafa0cab80b3287b59a9358f16919202db1,groupby,G1_1e9_1e1_0_0,1718035419.95266,finish,263105,1,c6id.metal
ip-172-31-31-147,1717788597,dask,2024.5.2,05a04aafa0cab80b3287b59a9358f16919202db1,groupby,G1_1e9_2e0_0_0,1718035434.96765,start,,,c6id.metal
ip-172-31-31-147,1717788597,dask,2024.5.2,05a04aafa0cab80b3287b59a9358f16919202db1,groupby,G1_1e9_2e0_0_0,1718038846.35678,finish,2679672,1,c6id.metal
ip-172-31-31-147,1717788597,dask,2024.5.2,05a04aafa0cab80b3287b59a9358f16919202db1,groupby,G1_1e9_1e2_0_1,1718038861.37188,start,,,c6id.metal
ip-172-31-31-147,1717788597,dask,2024.5.2,05a04aafa0cab80b3287b59a9358f16919202db1,groupby,G1_1e9_1e2_0_1,1718040518.6497,finish,560055,1,c6id.metal
ip-172-31-31-147,1717788597,dask,2024.5.2,05a04aafa0cab80b3287b59a9358f16919202db1,groupby,G1_1e9_1e2_5_0,1718040533.66468,start,,,c6id.metal
ip-172-31-31-147,1717788597,dask,2024.5.2,05a04aafa0cab80b3287b59a9358f16919202db1,groupby,G1_1e9_1e2_5_0,1718040537.1952,finish,3,0,c6id.metal
ip-172-31-31-147,1717788597,dask,2024.5.2,05a04aafa0cab80b3287b59a9358f16919202db1,join,J1_1e7_NA_0_0,1718040552.21053,start,,,c6id.metal
ip-172-31-31-147,1717788597,dask,2024.5.2,05a04aafa0cab80b3287b59a9358f16919202db1,join,J1_1e7_NA_0_0,1718040614.50505,finish,0,0,c6id.metal
ip-172-31-31-147,1717788597,dask,2024.5.2,05a04aafa0cab80b3287b59a9358f16919202db1,join,J1_1e7_NA_5_0,1718040629.52014,start,,,c6id.metal
ip-172-31-31-147,1717788597,dask,2024.5.2,05a04aafa0cab80b3287b59a9358f16919202db1,join,J1_1e7_NA_5_0,1718040630.22843,finish,1,0,c6id.metal
ip-172-31-31-147,1717788597,dask,2024.5.2,05a04aafa0cab80b3287b59a9358f16919202db1,join,J1_1e7_NA_0_1,1718040645.24354,start,,,c6id.metal
ip-172-31-31-147,1717788597,dask,2024.5.2,05a04aafa0cab80b3287b59a9358f16919202db1,join,J1_1e7_NA_0_1,1718040645.95059,finish,1,0,c6id.metal
ip-172-31-31-147,1717788597,dask,2024.5.2,05a04aafa0cab80b3287b59a9358f16919202db1,join,J1_1e8_NA_0_0,1718040660.96582,start,,,c6id.metal
ip-172-31-31-147,1717788597,dask,2024.5.2,05a04aafa0cab80b3287b59a9358f16919202db1,join,J1_1e8_NA_0_0,1718041492.18953,finish,0,0,c6id.metal
ip-172-31-31-147,1717788597,dask,2024.5.2,05a04aafa0cab80b3287b59a9358f16919202db1,join,J1_1e8_NA_5_0,1718041507.20475,start,,,c6id.metal
ip-172-31-31-147,1717788597,dask,2024.5.2,05a04aafa0cab80b3287b59a9358f16919202db1,join,J1_1e8_NA_5_0,1718041507.91661,finish,1,0,c6id.metal
ip-172-31-31-147,1717788597,dask,2024.5.2,05a04aafa0cab80b3287b59a9358f16919202db1,join,J1_1e8_NA_0_1,1718041522.93184,start,,,c6id.metal
ip-172-31-31-147,1717788597,dask,2024.5.2,05a04aafa0cab80b3287b59a9358f16919202db1,join,J1_1e8_NA_0_1,1718041523.63845,finish,1,0,c6id.metal
ip-172-31-31-147,1717788597,clickhouse,24.5.1.1763,,groupby,G1_1e7_1e2_0_0,1718041538.65367,start,,,c6id.metal
ip-172-31-31-147,1717788597,clickhouse,24.5.1.1763,,groupby,G1_1e7_1e2_0_0,1718041686.97722,finish,0,0,c6id.metal
ip-172-31-31-147,1717788597,clickhouse,24.5.1.1763,,groupby,G1_1e7_1e1_0_0,1718041701.99247,start,,,c6id.metal
ip-172-31-31-147,1717788597,clickhouse,24.5.1.1763,,groupby,G1_1e7_1e1_0_0,1718041847.88168,finish,0,0,c6id.metal
ip-172-31-31-147,1717788597,clickhouse,24.5.1.1763,,groupby,G1_1e7_2e0_0_0,1718041862.89692,start,,,c6id.metal
ip-172-31-31-147,1717788597,clickhouse,24.5.1.1763,,groupby,G1_1e7_2e0_0_0,1718042009.52642,finish,0,0,c6id.metal
ip-172-31-31-147,1717788597,clickhouse,24.5.1.1763,,groupby,G1_1e7_1e2_0_1,1718042024.54154,start,,,c6id.metal
ip-172-31-31-147,1717788597,clickhouse,24.5.1.1763,,groupby,G1_1e7_1e2_0_1,1718042170.43025,finish,0,0,c6id.metal
ip-172-31-31-147,1717788597,clickhouse,24.5.1.1763,,groupby,G1_1e7_1e2_5_0,1718042185.44551,start,,,c6id.metal
ip-172-31-31-147,1717788597,clickhouse,24.5.1.1763,,groupby,G1_1e7_1e2_5_0,1718042332.07693,finish,0,0,c6id.metal
ip-172-31-31-147,1717788597,clickhouse,24.5.1.1763,,groupby,G1_1e8_1e2_0_0,1718042347.09218,start,,,c6id.metal
ip-172-31-31-147,1717788597,clickhouse,24.5.1.1763,,groupby,G1_1e8_1e2_0_0,1718042517.1975,finish,0,0,c6id.metal
ip-172-31-31-147,1717788597,clickhouse,24.5.1.1763,,groupby,G1_1e8_1e1_0_0,1718042532.21276,start,,,c6id.metal
ip-172-31-31-147,1717788597,clickhouse,24.5.1.1763,,groupby,G1_1e8_1e1_0_0,1718042703.33204,finish,0,0,c6id.metal
ip-172-31-31-147,1717788597,clickhouse,24.5.1.1763,,groupby,G1_1e8_2e0_0_0,1718042718.34714,start,,,c6id.metal
ip-172-31-31-147,1717788597,clickhouse,24.5.1.1763,,groupby,G1_1e8_2e0_0_0,1718042890.69716,finish,0,0,c6id.metal
ip-172-31-31-147,1717788597,clickhouse,24.5.1.1763,,groupby,G1_1e8_1e2_0_1,1718042905.71243,start,,,c6id.metal
ip-172-31-31-147,1717788597,clickhouse,24.5.1.1763,,groupby,G1_1e8_1e2_0_1,1718043074.7778,finish,0,0,c6id.metal
ip-172-31-31-147,1717788597,clickhouse,24.5.1.1763,,groupby,G1_1e8_1e2_5_0,1718043089.79306,start,,,c6id.metal
ip-172-31-31-147,1717788597,clickhouse,24.5.1.1763,,groupby,G1_1e8_1e2_5_0,1718043262.8712,finish,0,0,c6id.metal
ip-172-31-31-147,1717788597,clickhouse,24.5.1.1763,,groupby,G1_1e9_1e2_0_0,1718043277.88652,start,,,c6id.metal
ip-172-31-31-147,1717788597,clickhouse,24.5.1.1763,,groupby,G1_1e9_1e2_0_0,1718044117.67091,finish,0,0,c6id.metal
ip-172-31-31-147,1717788597,clickhouse,24.5.1.1763,,groupby,G1_1e9_1e1_0_0,1718044132.68595,start,,,c6id.metal
ip-172-31-31-147,1717788597,clickhouse,24.5.1.1763,,groupby,G1_1e9_1e1_0_0,1718044988.29408,finish,0,0,c6id.metal
ip-172-31-31-147,1717788597,clickhouse,24.5.1.1763,,groupby,G1_1e9_2e0_0_0,1718045003.3093,start,,,c6id.metal
ip-172-31-31-147,1717788597,clickhouse,24.5.1.1763,,groupby,G1_1e9_2e0_0_0,1718045834.08247,finish,0,0,c6id.metal
ip-172-31-31-147,1717788597,clickhouse,24.5.1.1763,,groupby,G1_1e9_1e2_0_1,1718045849.09773,start,,,c6id.metal
ip-172-31-31-147,1717788597,clickhouse,24.5.1.1763,,groupby,G1_1e9_1e2_0_1,1718046556.71866,finish,0,0,c6id.metal
ip-172-31-31-147,1717788597,clickhouse,24.5.1.1763,,groupby,G1_1e9_1e2_5_0,1718046571.73376,start,,,c6id.metal
ip-172-31-31-147,1717788597,clickhouse,24.5.1.1763,,groupby,G1_1e9_1e2_5_0,1718047476.75969,finish,0,0,c6id.metal
ip-172-31-31-147,1717788597,clickhouse,24.5.1.1763,,join,J1_1e7_NA_0_0,1718047491.77477,start,,,c6id.metal
ip-172-31-31-147,1717788597,clickhouse,24.5.1.1763,,join,J1_1e7_NA_0_0,1718047646.06828,finish,0,0,c6id.metal
ip-172-31-31-147,1717788597,clickhouse,24.5.1.1763,,join,J1_1e7_NA_5_0,1718047661.08342,start,,,c6id.metal
ip-172-31-31-147,1717788597,clickhouse,24.5.1.1763,,join,J1_1e7_NA_5_0,1718047814.02306,finish,0,0,c6id.metal
ip-172-31-31-147,1717788597,clickhouse,24.5.1.1763,,join,J1_1e7_NA_0_1,1718047829.03831,start,,,c6id.metal
ip-172-31-31-147,1717788597,clickhouse,24.5.1.1763,,join,J1_1e7_NA_0_1,1718047979.9143,finish,0,0,c6id.metal
ip-172-31-31-147,1717788597,clickhouse,24.5.1.1763,,join,J1_1e8_NA_0_0,1718047994.92956,start,,,c6id.metal
ip-172-31-31-147,1717788597,clickhouse,24.5.1.1763,,join,J1_1e8_NA_0_0,1718048260.53933,finish,0,0,c6id.metal
ip-172-31-31-147,1717788597,clickhouse,24.5.1.1763,,join,J1_1e8_NA_5_0,1718048275.55462,start,,,c6id.metal
ip-172-31-31-147,1717788597,clickhouse,24.5.1.1763,,join,J1_1e8_NA_5_0,1718048550.7882,finish,0,0,c6id.metal
ip-172-31-31-147,1717788597,clickhouse,24.5.1.1763,,join,J1_1e8_NA_0_1,1718048565.80344,start,,,c6id.metal
ip-172-31-31-147,1717788597,clickhouse,24.5.1.1763,,join,J1_1e8_NA_0_1,1718048815.3864,finish,0,0,c6id.metal
ip-172-31-31-147,1717788597,polars,0.20.31,,groupby,G1_1e7_1e2_0_0,1718048830.40164,start,,,c6id.metal
ip-172-31-31-147,1717788597,polars,0.20.31,,groupby,G1_1e7_1e2_0_0,1718048838.63651,finish,2,0,c6id.metal
ip-172-31-31-147,1717788597,polars,0.20.31,,groupby,G1_1e7_1e1_0_0,1718048853.65181,start,,,c6id.metal
ip-172-31-31-147,1717788597,polars,0.20.31,,groupby,G1_1e7_1e1_0_0,1718048870.69496,finish,2,0,c6id.metal
ip-172-31-31-147,1717788597,polars,0.20.31,,groupby,G1_1e7_2e0_0_0,1718048885.71021,start,,,c6id.metal
ip-172-31-31-147,1717788597,polars,0.20.31,,groupby,G1_1e7_2e0_0_0,1718048933.51653,finish,2,0,c6id.metal
ip-172-31-31-147,1717788597,polars,0.20.31,,groupby,G1_1e7_1e2_0_1,1718048948.53165,start,,,c6id.metal
ip-172-31-31-147,1717788597,polars,0.20.31,,groupby,G1_1e7_1e2_0_1,1718048956.23023,finish,2,0,c6id.metal
ip-172-31-31-147,1717788597,polars,0.20.31,,groupby,G1_1e7_1e2_5_0,1718048971.24546,start,,,c6id.metal
ip-172-31-31-147,1717788597,polars,0.20.31,,groupby,G1_1e7_1e2_5_0,1718048980.14581,finish,2,0,c6id.metal
ip-172-31-31-147,1717788597,polars,0.20.31,,groupby,G1_1e8_1e2_0_0,1718048995.16105,start,,,c6id.metal
ip-172-31-31-147,1717788597,polars,0.20.31,,groupby,G1_1e8_1e2_0_0,1718049097.2842,finish,2,0,c6id.metal
ip-172-31-31-147,1717788597,polars,0.20.31,,groupby,G1_1e8_1e1_0_0,1718049112.29932,start,,,c6id.metal
ip-172-31-31-147,1717788597,polars,0.20.31,,groupby,G1_1e8_1e1_0_0,1718049293.64852,finish,2,0,c6id.metal
ip-172-31-31-147,1717788597,polars,0.20.31,,groupby,G1_1e8_2e0_0_0,1718049308.66377,start,,,c6id.metal
ip-172-31-31-147,1717788597,polars,0.20.31,,groupby,G1_1e8_2e0_0_0,1718049765.6644,finish,2,0,c6id.metal
ip-172-31-31-147,1717788597,polars,0.20.31,,groupby,G1_1e8_1e2_0_1,1718049780.67966,start,,,c6id.metal
ip-172-31-31-147,1717788597,polars,0.20.31,,groupby,G1_1e8_1e2_0_1,1718049878.16677,finish,2,0,c6id.metal
ip-172-31-31-147,1717788597,polars,0.20.31,,groupby,G1_1e8_1e2_5_0,1718049893.18188,start,,,c6id.metal
ip-172-31-31-147,1717788597,polars,0.20.31,,groupby,G1_1e8_1e2_5_0,1718050004.08495,finish,2,0,c6id.metal
ip-172-31-31-147,1717788597,polars,0.20.31,,groupby,G1_1e9_1e2_0_0,1718050019.1002,start,,,c6id.metal
ip-172-31-31-147,1717788597,polars,0.20.31,,groupby,G1_1e9_1e2_0_0,1718051448.20218,finish,2,0,c6id.metal
ip-172-31-31-147,1717788597,polars,0.20.31,,groupby,G1_1e9_1e1_0_0,1718051463.21724,start,,,c6id.metal
ip-172-31-31-147,1717788597,polars,0.20.31,,groupby,G1_1e9_1e1_0_0,1718053976.51663,finish,2,0,c6id.metal
ip-172-31-31-147,1717788597,polars,0.20.31,,groupby,G1_1e9_2e0_0_0,1718053991.53182,start,,,c6id.metal
ip-172-31-31-147,1717788597,polars,0.20.31,,groupby,G1_1e9_2e0_0_0,1718056537.71383,finish,3,137,c6id.metal
ip-172-31-31-147,1717788597,polars,0.20.31,,groupby,G1_1e9_1e2_0_1,1718056552.72906,start,,,c6id.metal
ip-172-31-31-147,1717788597,polars,0.20.31,,groupby,G1_1e9_1e2_0_1,1718058009.88879,finish,2,0,c6id.metal
ip-172-31-31-147,1717788597,polars,0.20.31,,groupby,G1_1e9_1e2_5_0,1718058024.90402,start,,,c6id.metal
ip-172-31-31-147,1717788597,polars,0.20.31,,groupby,G1_1e9_1e2_5_0,1718059623.39484,finish,2,0,c6id.metal
ip-172-31-31-147,1717788597,polars,0.20.31,,join,J1_1e7_NA_0_0,1718059638.40988,start,,,c6id.metal
ip-172-31-31-147,1717788597,polars,0.20.31,,join,J1_1e7_NA_0_0,1718060295.38758,finish,12,0,c6id.metal
ip-172-31-31-147,1717788597,polars,0.20.31,,join,J1_1e7_NA_5_0,1718060310.40282,start,,,c6id.metal
ip-172-31-31-147,1717788597,polars,0.20.31,,join,J1_1e7_NA_5_0,1718060953.90147,finish,12,0,c6id.metal
ip-172-31-31-147,1717788597,polars,0.20.31,,join,J1_1e7_NA_0_1,1718060968.91674,start,,,c6id.metal
ip-172-31-31-147,1717788597,polars,0.20.31,,join,J1_1e7_NA_0_1,1718061619.78046,finish,12,0,c6id.metal
ip-172-31-31-147,1717788597,polars,0.20.31,,join,J1_1e8_NA_0_0,1718061634.79571,start,,,c6id.metal
ip-172-31-31-147,1717788597,polars,0.20.31,,join,J1_1e8_NA_0_0,1718064278.21003,finish,9,137,c6id.metal
ip-172-31-31-147,1717788597,polars,0.20.31,,join,J1_1e8_NA_5_0,1718064293.22524,start,,,c6id.metal
ip-172-31-31-147,1717788597,polars,0.20.31,,join,J1_1e8_NA_5_0,1718066734.87777,finish,9,137,c6id.metal
ip-172-31-31-147,1717788597,polars,0.20.31,,join,J1_1e8_NA_0_1,1718066749.89299,start,,,c6id.metal
ip-172-31-31-147,1717788597,polars,0.20.31,,join,J1_1e8_NA_0_1,1718069285.24758,finish,9,137,c6id.metal
ip-172-31-31-147,1717788597,R-arrow,16.1.0,,groupby,G1_1e7_1e2_0_0,1718069300.26282,start,,,c6id.metal
ip-172-31-31-147,1717788597,R-arrow,16.1.0,,groupby,G1_1e7_1e2_0_0,1718069329.39528,finish,3,0,c6id.metal
ip-172-31-31-147,1717788597,R-arrow,16.1.0,,groupby,G1_1e7_1e1_0_0,1718069344.4104,start,,,c6id.metal
ip-172-31-31-147,1717788597,R-arrow,16.1.0,,groupby,G1_1e7_1e1_0_0,1718069354.01799,finish,3,0,c6id.metal
ip-172-31-31-147,1717788597,R-arrow,16.1.0,,groupby,G1_1e7_2e0_0_0,1718069369.0331,start,,,c6id.metal
ip-172-31-31-147,1717788597,R-arrow,16.1.0,,groupby,G1_1e7_2e0_0_0,1718069388.07195,finish,3,0,c6id.metal
ip-172-31-31-147,1717788597,R-arrow,16.1.0,,groupby,G1_1e7_1e2_0_1,1718069403.08719,start,,,c6id.metal
ip-172-31-31-147,1717788597,R-arrow,16.1.0,,groupby,G1_1e7_1e2_0_1,1718069426.32473,finish,3,0,c6id.metal
ip-172-31-31-147,1717788597,R-arrow,16.1.0,,groupby,G1_1e7_1e2_5_0,1718069441.34001,start,,,c6id.metal
ip-172-31-31-147,1717788597,R-arrow,16.1.0,,groupby,G1_1e7_1e2_5_0,1718069464.98073,finish,3,0,c6id.metal
ip-172-31-31-147,1717788597,R-arrow,16.1.0,,groupby,G1_1e8_1e2_0_0,1718069479.99599,start,,,c6id.metal
ip-172-31-31-147,1717788597,R-arrow,16.1.0,,groupby,G1_1e8_1e2_0_0,1718069553.58681,finish,3,0,c6id.metal
ip-172-31-31-147,1717788597,R-arrow,16.1.0,,groupby,G1_1e8_1e1_0_0,1718069568.60211,start,,,c6id.metal
ip-172-31-31-147,1717788597,R-arrow,16.1.0,,groupby,G1_1e8_1e1_0_0,1718069674.00003,finish,3,0,c6id.metal
ip-172-31-31-147,1717788597,R-arrow,16.1.0,,groupby,G1_1e8_2e0_0_0,1718069689.01529,start,,,c6id.metal
ip-172-31-31-147,1717788597,R-arrow,16.1.0,,groupby,G1_1e8_2e0_0_0,1718069874.22908,finish,3,0,c6id.metal
ip-172-31-31-147,1717788597,R-arrow,16.1.0,,groupby,G1_1e8_1e2_0_1,1718069889.24424,start,,,c6id.metal
ip-172-31-31-147,1717788597,R-arrow,16.1.0,,groupby,G1_1e8_1e2_0_1,1718069963.61454,finish,3,0,c6id.metal
ip-172-31-31-147,1717788597,R-arrow,16.1.0,,groupby,G1_1e8_1e2_5_0,1718069978.62979,start,,,c6id.metal
ip-172-31-31-147,1717788597,R-arrow,16.1.0,,groupby,G1_1e8_1e2_5_0,1718070048.62331,finish,3,0,c6id.metal
ip-172-31-31-147,1717788597,R-arrow,16.1.0,,groupby,G1_1e9_1e2_0_0,1718070063.63859,start,,,c6id.metal
ip-172-31-31-147,1717788597,R-arrow,16.1.0,,groupby,G1_1e9_1e2_0_0,1718070723.00013,finish,3,0,c6id.metal
ip-172-31-31-147,1717788597,R-arrow,16.1.0,,groupby,G1_1e9_1e1_0_0,1718070738.01538,start,,,c6id.metal
ip-172-31-31-147,1717788597,R-arrow,16.1.0,,groupby,G1_1e9_1e1_0_0,1718072053.10543,finish,3,0,c6id.metal
ip-172-31-31-147,1717788597,R-arrow,16.1.0,,groupby,G1_1e9_2e0_0_0,1718072068.12069,start,,,c6id.metal
ip-172-31-31-147,1717788597,R-arrow,16.1.0,,groupby,G1_1e9_2e0_0_0,1718072186.09079,finish,16,1,c6id.metal
ip-172-31-31-147,1717788597,R-arrow,16.1.0,,groupby,G1_1e9_1e2_0_1,1718072201.10604,start,,,c6id.metal
ip-172-31-31-147,1717788597,R-arrow,16.1.0,,groupby,G1_1e9_1e2_0_1,1718072852.12435,finish,3,0,c6id.metal
ip-172-31-31-147,1717788597,R-arrow,16.1.0,,groupby,G1_1e9_1e2_5_0,1718072867.13945,start,,,c6id.metal
ip-172-31-31-147,1717788597,R-arrow,16.1.0,,groupby,G1_1e9_1e2_5_0,1718073513.5282,finish,3,0,c6id.metal
ip-172-31-31-147,1717788597,R-arrow,16.1.0,,join,J1_1e7_NA_0_0,1718073528.54345,start,,,c6id.metal
ip-172-31-31-147,1717788597,R-arrow,16.1.0,,join,J1_1e7_NA_0_0,1718073574.25033,finish,0,0,c6id.metal
ip-172-31-31-147,1717788597,R-arrow,16.1.0,,join,J1_1e7_NA_5_0,1718073589.26566,start,,,c6id.metal
ip-172-31-31-147,1717788597,R-arrow,16.1.0,,join,J1_1e7_NA_5_0,1718073634.55816,finish,0,0,c6id.metal
ip-172-31-31-147,1717788597,R-arrow,16.1.0,,join,J1_1e7_NA_0_1,1718073649.57342,start,,,c6id.metal
ip-172-31-31-147,1717788597,R-arrow,16.1.0,,join,J1_1e7_NA_0_1,1718073692.29903,finish,0,0,c6id.metal
ip-172-31-31-147,1717788597,R-arrow,16.1.0,,join,J1_1e8_NA_0_0,1718073707.3143,start,,,c6id.metal
ip-172-31-31-147,1717788597,R-arrow,16.1.0,,join,J1_1e8_NA_0_0,1718074124.71554,finish,16,1,c6id.metal
ip-172-31-31-147,1717788597,R-arrow,16.1.0,,join,J1_1e8_NA_5_0,1718074139.73081,start,,,c6id.metal
ip-172-31-31-147,1717788597,R-arrow,16.1.0,,join,J1_1e8_NA_5_0,1718074568.30849,finish,16,1,c6id.metal
ip-172-31-31-147,1717788597,R-arrow,16.1.0,,join,J1_1e8_NA_0_1,1718074583.32372,start,,,c6id.metal
ip-172-31-31-147,1717788597,R-arrow,16.1.0,,join,J1_1e8_NA_0_1,1718074958.42702,finish,16,1,c6id.metal
ip-172-31-31-147,1717788597,duckdb,1.0.0,1f98600c2c,groupby,G1_1e7_1e2_0_0,1718074973.44227,start,,,c6id.metal
ip-172-31-31-147,1717788597,duckdb,1.0.0,1f98600c2c,groupby,G1_1e7_1e2_0_0,1718074978.22513,finish,2,0,c6id.metal
ip-172-31-31-147,1717788597,duckdb,1.0.0,1f98600c2c,groupby,G1_1e7_1e1_0_0,1718074993.24048,start,,,c6id.metal
ip-172-31-31-147,1717788597,duckdb,1.0.0,1f98600c2c,groupby,G1_1e7_1e1_0_0,1718074997.83016,finish,2,0,c6id.metal
ip-172-31-31-147,1717788597,duckdb,1.0.0,1f98600c2c,groupby,G1_1e7_2e0_0_0,1718075012.84545,start,,,c6id.metal
ip-172-31-31-147,1717788597,duckdb,1.0.0,1f98600c2c,groupby,G1_1e7_2e0_0_0,1718075017.73241,finish,2,0,c6id.metal
ip-172-31-31-147,1717788597,duckdb,1.0.0,1f98600c2c,groupby,G1_1e7_1e2_0_1,1718075032.74766,start,,,c6id.metal
ip-172-31-31-147,1717788597,duckdb,1.0.0,1f98600c2c,groupby,G1_1e7_1e2_0_1,1718075036.68201,finish,2,0,c6id.metal
ip-172-31-31-147,1717788597,duckdb,1.0.0,1f98600c2c,groupby,G1_1e7_1e2_5_0,1718075051.69727,start,,,c6id.metal
ip-172-31-31-147,1717788597,duckdb,1.0.0,1f98600c2c,groupby,G1_1e7_1e2_5_0,1718075055.55853,finish,2,0,c6id.metal
ip-172-31-31-147,1717788597,duckdb,1.0.0,1f98600c2c,groupby,G1_1e8_1e2_0_0,1718075070.57378,start,,,c6id.metal
ip-172-31-31-147,1717788597,duckdb,1.0.0,1f98600c2c,groupby,G1_1e8_1e2_0_0,1718075093.17898,finish,2,0,c6id.metal
ip-172-31-31-147,1717788597,duckdb,1.0.0,1f98600c2c,groupby,G1_1e8_1e1_0_0,1718075108.19423,start,,,c6id.metal
ip-172-31-31-147,1717788597,duckdb,1.0.0,1f98600c2c,groupby,G1_1e8_1e1_0_0,1718075135.65317,finish,2,0,c6id.metal
ip-172-31-31-147,1717788597,duckdb,1.0.0,1f98600c2c,groupby,G1_1e8_2e0_0_0,1718075150.6684,start,,,c6id.metal
ip-172-31-31-147,1717788597,duckdb,1.0.0,1f98600c2c,groupby,G1_1e8_2e0_0_0,1718075174.91391,finish,2,0,c6id.metal
ip-172-31-31-147,1717788597,duckdb,1.0.0,1f98600c2c,groupby,G1_1e8_1e2_0_1,1718075189.92915,start,,,c6id.metal
ip-172-31-31-147,1717788597,duckdb,1.0.0,1f98600c2c,groupby,G1_1e8_1e2_0_1,1718075210.37331,finish,2,0,c6id.metal
ip-172-31-31-147,1717788597,duckdb,1.0.0,1f98600c2c,groupby,G1_1e8_1e2_5_0,1718075225.38857,start,,,c6id.metal
ip-172-31-31-147,1717788597,duckdb,1.0.0,1f98600c2c,groupby,G1_1e8_1e2_5_0,1718075242.31811,finish,2,0,c6id.metal
ip-172-31-31-147,1717788597,duckdb,1.0.0,1f98600c2c,groupby,G1_1e9_1e2_0_0,1718075257.33336,start,,,c6id.metal
ip-172-31-31-147,1717788597,duckdb,1.0.0,1f98600c2c,groupby,G1_1e9_1e2_0_0,1718075482.00421,finish,2,0,c6id.metal
ip-172-31-31-147,1717788597,duckdb,1.0.0,1f98600c2c,groupby,G1_1e9_1e1_0_0,1718075497.01948,start,,,c6id.metal
ip-172-31-31-147,1717788597,duckdb,1.0.0,1f98600c2c,groupby,G1_1e9_1e1_0_0,1718075743.59873,finish,2,0,c6id.metal
ip-172-31-31-147,1717788597,duckdb,1.0.0,1f98600c2c,groupby,G1_1e9_2e0_0_0,1718075758.61396,start,,,c6id.metal
ip-172-31-31-147,1717788597,duckdb,1.0.0,1f98600c2c,groupby,G1_1e9_2e0_0_0,1718076008.27131,finish,2,0,c6id.metal
ip-172-31-31-147,1717788597,duckdb,1.0.0,1f98600c2c,groupby,G1_1e9_1e2_0_1,1718076023.28654,start,,,c6id.metal
ip-172-31-31-147,1717788597,duckdb,1.0.0,1f98600c2c,groupby,G1_1e9_1e2_0_1,1718076221.30164,finish,2,0,c6id.metal
ip-172-31-31-147,1717788597,duckdb,1.0.0,1f98600c2c,groupby,G1_1e9_1e2_5_0,1718076236.31674,start,,,c6id.metal
ip-172-31-31-147,1717788597,duckdb,1.0.0,1f98600c2c,groupby,G1_1e9_1e2_5_0,1718076404.13377,finish,2,0,c6id.metal
ip-172-31-31-147,1717788597,duckdb,1.0.0,1f98600c2c,join,J1_1e7_NA_0_0,1718076419.14899,start,,,c6id.metal
ip-172-31-31-147,1717788597,duckdb,1.0.0,1f98600c2c,join,J1_1e7_NA_0_0,1718076424.34227,finish,0,0,c6id.metal
ip-172-31-31-147,1717788597,duckdb,1.0.0,1f98600c2c,join,J1_1e7_NA_5_0,1718076439.3575,start,,,c6id.metal
ip-172-31-31-147,1717788597,duckdb,1.0.0,1f98600c2c,join,J1_1e7_NA_5_0,1718076443.38147,finish,0,0,c6id.metal
ip-172-31-31-147,1717788597,duckdb,1.0.0,1f98600c2c,join,J1_1e7_NA_0_1,1718076458.39657,start,,,c6id.metal
ip-172-31-31-147,1717788597,duckdb,1.0.0,1f98600c2c,join,J1_1e7_NA_0_1,1718076463.19338,finish,0,0,c6id.metal
ip-172-31-31-147,1717788597,duckdb,1.0.0,1f98600c2c,join,J1_1e8_NA_0_0,1718076478.20862,start,,,c6id.metal
ip-172-31-31-147,1717788597,duckdb,1.0.0,1f98600c2c,join,J1_1e8_NA_0_0,1718076521.01598,finish,0,0,c6id.metal
ip-172-31-31-147,1717788597,duckdb,1.0.0,1f98600c2c,join,J1_1e8_NA_5_0,1718076536.03124,start,,,c6id.metal
ip-172-31-31-147,1717788597,duckdb,1.0.0,1f98600c2c,join,J1_1e8_NA_5_0,1718076563.61664,finish,0,0,c6id.metal
ip-172-31-31-147,1717788597,duckdb,1.0.0,1f98600c2c,join,J1_1e8_NA_0_1,1718076578.63186,start,,,c6id.metal
ip-172-31-31-147,1717788597,duckdb,1.0.0,1f98600c2c,join,J1_1e8_NA_0_1,1718076619.40676,finish,0,0,c6id.metal
ip-172-31-31-147,1717788597,duckdb-latest,1.0.0.9000,c3903e44e0,groupby,G1_1e7_1e2_0_0,1718076634.42185,start,,,c6id.metal
ip-172-31-31-147,1717788597,duckdb-latest,1.0.0.9000,c3903e44e0,groupby,G1_1e7_1e2_0_0,1718076638.79706,finish,2,0,c6id.metal
ip-172-31-31-147,1717788597,duckdb-latest,1.0.0.9000,c3903e44e0,groupby,G1_1e7_1e1_0_0,1718076653.81232,start,,,c6id.metal
ip-172-31-31-147,1717788597,duckdb-latest,1.0.0.9000,c3903e44e0,groupby,G1_1e7_1e1_0_0,1718076658.43897,finish,2,0,c6id.metal
ip-172-31-31-147,1717788597,duckdb-latest,1.0.0.9000,c3903e44e0,groupby,G1_1e7_2e0_0_0,1718076673.45422,start,,,c6id.metal
ip-172-31-31-147,1717788597,duckdb-latest,1.0.0.9000,c3903e44e0,groupby,G1_1e7_2e0_0_0,1718076678.44238,finish,2,0,c6id.metal
ip-172-31-31-147,1717788597,duckdb-latest,1.0.0.9000,c3903e44e0,groupby,G1_1e7_1e2_0_1,1718076693.45763,start,,,c6id.metal
ip-172-31-31-147,1717788597,duckdb-latest,1.0.0.9000,c3903e44e0,groupby,G1_1e7_1e2_0_1,1718076698.01642,finish,2,0,c6id.metal
ip-172-31-31-147,1717788597,duckdb-latest,1.0.0.9000,c3903e44e0,groupby,G1_1e7_1e2_5_0,1718076713.03152,start,,,c6id.metal
ip-172-31-31-147,1717788597,duckdb-latest,1.0.0.9000,c3903e44e0,groupby,G1_1e7_1e2_5_0,1718076716.66256,finish,2,0,c6id.metal
ip-172-31-31-147,1717788597,duckdb-latest,1.0.0.9000,c3903e44e0,groupby,G1_1e8_1e2_0_0,1718076731.67783,start,,,c6id.metal
ip-172-31-31-147,1717788597,duckdb-latest,1.0.0.9000,c3903e44e0,groupby,G1_1e8_1e2_0_0,1718076753.83505,finish,2,0,c6id.metal
ip-172-31-31-147,1717788597,duckdb-latest,1.0.0.9000,c3903e44e0,groupby,G1_1e8_1e1_0_0,1718076768.85031,start,,,c6id.metal
ip-172-31-31-147,1717788597,duckdb-latest,1.0.0.9000,c3903e44e0,groupby,G1_1e8_1e1_0_0,1718076797.91374,finish,2,0,c6id.metal
ip-172-31-31-147,1717788597,duckdb-latest,1.0.0.9000,c3903e44e0,groupby,G1_1e8_2e0_0_0,1718076812.92906,start,,,c6id.metal
ip-172-31-31-147,1717788597,duckdb-latest,1.0.0.9000,c3903e44e0,groupby,G1_1e8_2e0_0_0,1718076838.21049,finish,2,0,c6id.metal
ip-172-31-31-147,1717788597,duckdb-latest,1.0.0.9000,c3903e44e0,groupby,G1_1e8_1e2_0_1,1718076853.22574,start,,,c6id.metal
ip-172-31-31-147,1717788597,duckdb-latest,1.0.0.9000,c3903e44e0,groupby,G1_1e8_1e2_0_1,1718076874.43229,finish,2,0,c6id.metal
ip-172-31-31-147,1717788597,duckdb-latest,1.0.0.9000,c3903e44e0,groupby,G1_1e8_1e2_5_0,1718076889.44751,start,,,c6id.metal
ip-172-31-31-147,1717788597,duckdb-latest,1.0.0.9000,c3903e44e0,groupby,G1_1e8_1e2_5_0,1718076905.99976,finish,2,0,c6id.metal
ip-172-31-31-147,1717788597,duckdb-latest,1.0.0.9000,c3903e44e0,groupby,G1_1e9_1e2_0_0,1718076921.01486,start,,,c6id.metal
ip-172-31-31-147,1717788597,duckdb-latest,1.0.0.9000,c3903e44e0,groupby,G1_1e9_1e2_0_0,1718077144.43855,finish,2,0,c6id.metal
ip-172-31-31-147,1717788597,duckdb-latest,1.0.0.9000,c3903e44e0,groupby,G1_1e9_1e1_0_0,1718077159.45377,start,,,c6id.metal
ip-172-31-31-147,1717788597,duckdb-latest,1.0.0.9000,c3903e44e0,groupby,G1_1e9_1e1_0_0,1718077399.16123,finish,2,0,c6id.metal
ip-172-31-31-147,1717788597,duckdb-latest,1.0.0.9000,c3903e44e0,groupby,G1_1e9_2e0_0_0,1718077414.17648,start,,,c6id.metal
ip-172-31-31-147,1717788597,duckdb-latest,1.0.0.9000,c3903e44e0,groupby,G1_1e9_2e0_0_0,1718077663.40845,finish,2,0,c6id.metal
ip-172-31-31-147,1717788597,duckdb-latest,1.0.0.9000,c3903e44e0,groupby,G1_1e9_1e2_0_1,1718077678.42368,start,,,c6id.metal
ip-172-31-31-147,1717788597,duckdb-latest,1.0.0.9000,c3903e44e0,groupby,G1_1e9_1e2_0_1,1718077891.73836,finish,2,0,c6id.metal
ip-172-31-31-147,1717788597,duckdb-latest,1.0.0.9000,c3903e44e0,groupby,G1_1e9_1e2_5_0,1718077906.75345,start,,,c6id.metal
ip-172-31-31-147,1717788597,duckdb-latest,1.0.0.9000,c3903e44e0,groupby,G1_1e9_1e2_5_0,1718078083.82443,finish,2,0,c6id.metal
ip-172-31-31-147,1717788597,duckdb-latest,1.0.0.9000,c3903e44e0,join,J1_1e7_NA_0_0,1718078098.83953,start,,,c6id.metal
ip-172-31-31-147,1717788597,duckdb-latest,1.0.0.9000,c3903e44e0,join,J1_1e7_NA_0_0,1718078104.16456,finish,0,0,c6id.metal
ip-172-31-31-147,1717788597,duckdb-latest,1.0.0.9000,c3903e44e0,join,J1_1e7_NA_5_0,1718078119.17965,start,,,c6id.metal
ip-172-31-31-147,1717788597,duckdb-latest,1.0.0.9000,c3903e44e0,join,J1_1e7_NA_5_0,1718078123.33683,finish,0,0,c6id.metal
ip-172-31-31-147,1717788597,duckdb-latest,1.0.0.9000,c3903e44e0,join,J1_1e7_NA_0_1,1718078138.35207,start,,,c6id.metal
ip-172-31-31-147,1717788597,duckdb-latest,1.0.0.9000,c3903e44e0,join,J1_1e7_NA_0_1,1718078143.22919,finish,0,0,c6id.metal
ip-172-31-31-147,1717788597,duckdb-latest,1.0.0.9000,c3903e44e0,join,J1_1e8_NA_0_0,1718078158.24444,start,,,c6id.metal
ip-172-31-31-147,1717788597,duckdb-latest,1.0.0.9000,c3903e44e0,join,J1_1e8_NA_0_0,1718078201.4137,finish,0,0,c6id.metal
ip-172-31-31-147,1717788597,duckdb-latest,1.0.0.9000,c3903e44e0,join,J1_1e8_NA_5_0,1718078216.42895,start,,,c6id.metal
ip-172-31-31-147,1717788597,duckdb-latest,1.0.0.9000,c3903e44e0,join,J1_1e8_NA_5_0,1718078243.50972,finish,0,0,c6id.metal
ip-172-31-31-147,1717788597,duckdb-latest,1.0.0.9000,c3903e44e0,join,J1_1e8_NA_0_1,1718078258.52495,start,,,c6id.metal
ip-172-31-31-147,1717788597,duckdb-latest,1.0.0.9000,c3903e44e0,join,J1_1e8_NA_0_1,1718078296.23168,finish,0,0,c6id.metal
ip-172-31-31-147,1717788597,datafusion,38.0.1,,groupby,G1_1e7_1e2_0_0,1718078311.24689,start,,,c6id.metal
ip-172-31-31-147,1717788597,datafusion,38.0.1,,groupby,G1_1e7_1e2_0_0,1718078314.93453,finish,0,0,c6id.metal
ip-172-31-31-147,1717788597,datafusion,38.0.1,,groupby,G1_1e7_1e1_0_0,1718078329.94977,start,,,c6id.metal
ip-172-31-31-147,1717788597,datafusion,38.0.1,,groupby,G1_1e7_1e1_0_0,1718078333.55614,finish,0,0,c6id.metal
ip-172-31-31-147,1717788597,datafusion,38.0.1,,groupby,G1_1e7_2e0_0_0,1718078348.5714,start,,,c6id.metal
ip-172-31-31-147,1717788597,datafusion,38.0.1,,groupby,G1_1e7_2e0_0_0,1718078355.40283,finish,0,0,c6id.metal
ip-172-31-31-147,1717788597,datafusion,38.0.1,,groupby,G1_1e7_1e2_0_1,1718078370.41808,start,,,c6id.metal
ip-172-31-31-147,1717788597,datafusion,38.0.1,,groupby,G1_1e7_1e2_0_1,1718078373.52973,finish,0,0,c6id.metal
ip-172-31-31-147,1717788597,datafusion,38.0.1,,groupby,G1_1e7_1e2_5_0,1718078388.54499,start,,,c6id.metal
ip-172-31-31-147,1717788597,datafusion,38.0.1,,groupby,G1_1e7_1e2_5_0,1718078391.94776,finish,0,0,c6id.metal
ip-172-31-31-147,1717788597,datafusion,38.0.1,,groupby,G1_1e8_1e2_0_0,1718078406.96299,start,,,c6id.metal
ip-172-31-31-147,1717788597,datafusion,38.0.1,,groupby,G1_1e8_1e2_0_0,1718078436.49779,finish,0,0,c6id.metal
ip-172-31-31-147,1717788597,datafusion,38.0.1,,groupby,G1_1e8_1e1_0_0,1718078451.51245,start,,,c6id.metal
ip-172-31-31-147,1717788597,datafusion,38.0.1,,groupby,G1_1e8_1e1_0_0,1718078488.88551,finish,0,0,c6id.metal
ip-172-31-31-147,1717788597,datafusion,38.0.1,,groupby,G1_1e8_2e0_0_0,1718078503.90077,start,,,c6id.metal
ip-172-31-31-147,1717788597,datafusion,38.0.1,,groupby,G1_1e8_2e0_0_0,1718078570.61146,finish,0,0,c6id.metal
ip-172-31-31-147,1717788597,datafusion,38.0.1,,groupby,G1_1e8_1e2_0_1,1718078585.62656,start,,,c6id.metal
ip-172-31-31-147,1717788597,datafusion,38.0.1,,groupby,G1_1e8_1e2_0_1,1718078613.48831,finish,0,0,c6id.metal
ip-172-31-31-147,1717788597,datafusion,38.0.1,,groupby,G1_1e8_1e2_5_0,1718078628.50357,start,,,c6id.metal
ip-172-31-31-147,1717788597,datafusion,38.0.1,,groupby,G1_1e8_1e2_5_0,1718078659.85106,finish,0,0,c6id.metal
ip-172-31-31-147,1717788597,datafusion,38.0.1,,groupby,G1_1e9_1e2_0_0,1718078674.86616,start,,,c6id.metal
ip-172-31-31-147,1717788597,datafusion,38.0.1,,groupby,G1_1e9_1e2_0_0,1718078880.03217,finish,1,137,c6id.metal
ip-172-31-31-147,1717788597,datafusion,38.0.1,,groupby,G1_1e9_1e1_0_0,1718078895.04737,start,,,c6id.metal
ip-172-31-31-147,1717788597,datafusion,38.0.1,,groupby,G1_1e9_1e1_0_0,1718079176.70572,finish,1,137,c6id.metal
ip-172-31-31-147,1717788597,datafusion,38.0.1,,groupby,G1_1e9_2e0_0_0,1718079191.72093,start,,,c6id.metal
ip-172-31-31-147,1717788597,datafusion,38.0.1,,groupby,G1_1e9_2e0_0_0,1718079698.13417,finish,1,137,c6id.metal
ip-172-31-31-147,1717788597,datafusion,38.0.1,,groupby,G1_1e9_1e2_0_1,1718079713.14937,start,,,c6id.metal
ip-172-31-31-147,1717788597,datafusion,38.0.1,,groupby,G1_1e9_1e2_0_1,1718079904.03353,finish,1,137,c6id.metal
ip-172-31-31-147,1717788597,datafusion,38.0.1,,groupby,G1_1e9_1e2_5_0,1718079919.04872,start,,,c6id.metal
ip-172-31-31-147,1717788597,datafusion,38.0.1,,groupby,G1_1e9_1e2_5_0,1718080171.33313,finish,1,137,c6id.metal
ip-172-31-31-147,1717788597,datafusion,38.0.1,,join,J1_1e7_NA_0_0,1718080186.34831,start,,,c6id.metal
ip-172-31-31-147,1717788597,datafusion,38.0.1,,join,J1_1e7_NA_0_0,1718080190.43332,finish,0,0,c6id.metal
ip-172-31-31-147,1717788597,datafusion,38.0.1,,join,J1_1e7_NA_5_0,1718080205.44843,start,,,c6id.metal
ip-172-31-31-147,1717788597,datafusion,38.0.1,,join,J1_1e7_NA_5_0,1718080208.92672,finish,0,0,c6id.metal
ip-172-31-31-147,1717788597,datafusion,38.0.1,,join,J1_1e7_NA_0_1,1718080223.93258,start,,,c6id.metal
ip-172-31-31-147,1717788597,datafusion,38.0.1,,join,J1_1e7_NA_0_1,1718080227.27178,finish,0,0,c6id.metal
ip-172-31-31-147,1717788597,datafusion,38.0.1,,join,J1_1e8_NA_0_0,1718080242.28703,start,,,c6id.metal
ip-172-31-31-147,1717788597,datafusion,38.0.1,,join,J1_1e8_NA_0_0,1718080272.58604,finish,0,0,c6id.metal
ip-172-31-31-147,1717788597,datafusion,38.0.1,,join,J1_1e8_NA_5_0,1718080287.60116,start,,,c6id.metal
ip-172-31-31-147,1717788597,datafusion,38.0.1,,join,J1_1e8_NA_5_0,1718080318.59761,finish,0,0,c6id.metal
ip-172-31-31-147,1717788597,datafusion,38.0.1,,join,J1_1e8_NA_0_1,1718080333.61285,start,,,c6id.metal
ip-172-31-31-147,1717788597,datafusion,38.0.1,,join,J1_1e8_NA_0_1,1718080363.14112,finish,0,0,c6id.metal
ip-172-31-31-147,1718095147,collapse,2.0.14,,join,J1_1e9_NA_0_0,1718095153.1981,start,,,c6id.metal
ip-172-31-31-147,1718095147,collapse,2.0.14,,join,J1_1e9_NA_0_0,1718099153.1981,finish,1,137,c6id.metal
ip-172-31-31-147,1718181412,duckdb,1.0.0,1f98600c2c,join,J1_1e9_NA_0_0,1718181413.08084,start,,,c6id.metal
ip-172-31-31-147,1718181412,duckdb,1.0.0,1f98600c2c,join,J1_1e9_NA_0_0,1718182578.8929,finish,0,0,c6id.metal
ip-172-31-31-147,1718181412,duckdb-latest,1.0.0.9000,c3903e44e0,join,J1_1e9_NA_0_0,1718182593.90812,start,,,c6id.metal
ip-172-31-31-147,1718181412,duckdb-latest,1.0.0.9000,c3903e44e0,join,J1_1e9_NA_0_0,1718183754.12853,finish,0,0,c6id.metal
ip-172-31-31-147,1718202816,juliads,0.7.19, ,join,J1_1e9_NA_0_0,1718202818.83671,start,,,c6id.metal
ip-172-31-31-147,1718202816,juliads,0.7.19, ,join,J1_1e9_NA_0_0,1718203341.62431,finish,0,0,c6id.metal
ip-172-31-31-147,1718275079,clickhouse,24.5.1.1763,,join,J1_1e9_NA_0_0,1718275097.36266,start,,,c6id.metal
ip-172-31-31-147,1718275079,clickhouse,24.5.1.1763,,join,J1_1e9_NA_0_0,1718275098.08227,finish,2,1,c6id.metal
ip-172-31-31-147,1718275594,clickhouse,24.5.1.1763,,join,J1_1e9_NA_0_0,1718275612.74482,start,,,c6id.metal
ip-172-31-31-147,1718275594,clickhouse,24.5.1.1763,,join,J1_1e9_NA_0_0,1718277135.7345,finish,24,0,c6id.metal
ip-172-31-31-147,1718279082,clickhouse,24.5.1.1763,,join,J1_1e9_NA_0_0,1718279082.77841,start,,,c6id.metal
ip-172-31-31-147,1718279082,clickhouse,24.5.1.1763,,join,J1_1e9_NA_0_0,1718279083.67147,finish,2,1,c6id.metal
ip-172-31-31-147,1718281186,clickhouse,24.5.1.1763,,join,J1_1e9_NA_0_0,1718281205.40778,start,,,c6id.metal
ip-172-31-31-147,1718281186,clickhouse,24.5.1.1763,,join,J1_1e9_NA_0_0,1718283056.26073,finish,3,0,c6id.metal
ip-172-31-31-147,1720453634,polars,1.1.0,,groupby,G1_1e7_1e2_0_0,1720453635.61952,start,,,c6id.metal
ip-172-31-31-147,1720453634,polars,1.1.0,,groupby,G1_1e7_1e2_0_0,1720453641.45752,finish,0,0,c6id.metal
ip-172-31-31-147,1720453634,polars,1.1.0,,groupby,G1_1e7_1e1_0_0,1720453656.47286,start,,,c6id.metal
ip-172-31-31-147,1720453634,polars,1.1.0,,groupby,G1_1e7_1e1_0_0,1720453664.99729,finish,0,0,c6id.metal
ip-172-31-31-147,1720453634,polars,1.1.0,,groupby,G1_1e7_2e0_0_0,1720453680.01253,start,,,c6id.metal
ip-172-31-31-147,1720453634,polars,1.1.0,,groupby,G1_1e7_2e0_0_0,1720453699.51512,finish,0,0,c6id.metal
ip-172-31-31-147,1720453634,polars,1.1.0,,groupby,G1_1e7_1e2_0_1,1720453714.53024,start,,,c6id.metal
ip-172-31-31-147,1720453634,polars,1.1.0,,groupby,G1_1e7_1e2_0_1,1720453719.40634,finish,0,0,c6id.metal
ip-172-31-31-147,1720453634,polars,1.1.0,,groupby,G1_1e7_1e2_5_0,1720453734.4216,start,,,c6id.metal
ip-172-31-31-147,1720453634,polars,1.1.0,,groupby,G1_1e7_1e2_5_0,1720453740.24053,finish,0,0,c6id.metal
ip-172-31-31-147,1720453634,polars,1.1.0,,groupby,G1_1e8_1e2_0_0,1720453755.25568,start,,,c6id.metal
ip-172-31-31-147,1720453634,polars,1.1.0,,groupby,G1_1e8_1e2_0_0,1720453822.03011,finish,0,0,c6id.metal
ip-172-31-31-147,1720453634,polars,1.1.0,,groupby,G1_1e8_1e1_0_0,1720453837.04525,start,,,c6id.metal
ip-172-31-31-147,1720453634,polars,1.1.0,,groupby,G1_1e8_1e1_0_0,1720453937.53439,finish,0,0,c6id.metal
ip-172-31-31-147,1720453634,polars,1.1.0,,groupby,G1_1e8_2e0_0_0,1720453952.54963,start,,,c6id.metal
ip-172-31-31-147,1720453634,polars,1.1.0,,groupby,G1_1e8_2e0_0_0,1720454171.76363,finish,0,0,c6id.metal
ip-172-31-31-147,1720453634,polars,1.1.0,,groupby,G1_1e8_1e2_0_1,1720454186.77889,start,,,c6id.metal
ip-172-31-31-147,1720453634,polars,1.1.0,,groupby,G1_1e8_1e2_0_1,1720454242.72512,finish,0,0,c6id.metal
ip-172-31-31-147,1720453634,polars,1.1.0,,groupby,G1_1e8_1e2_5_0,1720454257.7404,start,,,c6id.metal
ip-172-31-31-147,1720453634,polars,1.1.0,,groupby,G1_1e8_1e2_5_0,1720454325.41485,finish,0,0,c6id.metal
ip-172-31-31-147,1720453634,polars,1.1.0,,join,J1_1e7_NA_0_0,1720454340.42995,start,,,c6id.metal
ip-172-31-31-147,1720453634,polars,1.1.0,,join,J1_1e7_NA_0_0,1720454361.1249,finish,8,0,c6id.metal
ip-172-31-31-147,1720453634,polars,1.1.0,,join,J1_1e7_NA_5_0,1720454376.14015,start,,,c6id.metal
ip-172-31-31-147,1720453634,polars,1.1.0,,join,J1_1e7_NA_5_0,1720454392.46348,finish,8,0,c6id.metal
ip-172-31-31-147,1720453634,polars,1.1.0,,join,J1_1e7_NA_0_1,1720454407.47874,start,,,c6id.metal
ip-172-31-31-147,1720453634,polars,1.1.0,,join,J1_1e7_NA_0_1,1720454422.88405,finish,8,0,c6id.metal
ip-172-31-31-147,1720453634,polars,1.1.0,,join,J1_1e8_NA_0_0,1720454437.89919,start,,,c6id.metal
ip-172-31-31-147,1720453634,polars,1.1.0,,join,J1_1e8_NA_0_0,1720454637.48255,finish,8,0,c6id.metal
ip-172-31-31-147,1720453634,polars,1.1.0,,join,J1_1e8_NA_5_0,1720454652.4978,start,,,c6id.metal
ip-172-31-31-147,1720453634,polars,1.1.0,,join,J1_1e8_NA_5_0,1720454849.89127,finish,8,0,c6id.metal
ip-172-31-31-147,1720453634,polars,1.1.0,,join,J1_1e8_NA_0_1,1720454864.89252,start,,,c6id.metal
ip-172-31-31-147,1720453634,polars,1.1.0,,join,J1_1e8_NA_0_1,1720455065.08522,finish,8,0,c6id.metal
ip-172-31-31-147,1720512180,polars,1.1.0,,groupby,G1_1e9_1e2_0_0,1720512181.14909,start,,,c6id.metal
ip-172-31-31-147,1720512180,polars,1.1.0,,groupby,G1_1e9_1e2_0_0,1720512979.90506,finish,0,0,c6id.metal
ip-172-31-31-147,1720513343,polars,1.1.0,,groupby,G1_1e9_1e1_0_0,1720513344.76209,start,,,c6id.metal
ip-172-31-31-147,1720513343,polars,1.1.0,,groupby,G1_1e9_1e1_0_0,1720514481.22786,finish,0,0,c6id.metal
ip-172-31-31-147,1720514770,polars,1.1.0,,groupby,G1_1e9_2e0_0_0,1720514771.07571,start,,,c6id.metal
ip-172-31-31-147,1720514770,polars,1.1.0,,groupby,G1_1e9_2e0_0_0,1720517053.72999,finish,0,0,c6id.metal
ip-172-31-31-147,1720517706,polars,1.1.0,,groupby,G1_1e9_1e2_0_1,1720517707.50314,start,,,c6id.metal
ip-172-31-31-147,1720517706,polars,1.1.0,,groupby,G1_1e9_1e2_0_1,1720517707.71331,finish,15,2,c6id.metal
ip-172-31-31-147,1720517729,polars,1.1.0,,groupby,G1_1e9_1e2_0_1,1720517729.98908,start,,,c6id.metal
ip-172-31-31-147,1720517729,polars,1.1.0,,groupby,G1_1e9_1e2_0_1,1720518467.00233,finish,0,0,c6id.metal
ip-172-31-31-147,1720522284,polars,1.1.0,,groupby,G1_1e9_1e2_5_0,1720522285.64651,start,,,c6id.metal
ip-172-31-31-147,1720522284,polars,1.1.0,,groupby,G1_1e9_1e2_5_0,1720523214.45999,finish,0,0,c6id.metal
ip-172-31-31-147,1720524193,polars,1.1.0,,join,J1_1e9_NA_0_0,1720524194.66311,start,,,c6id.metal
ip-172-31-31-147,1720524193,polars,1.1.0,,join,J1_1e9_NA_0_0,1720527406.98931,finish,8,0,c6id.metal
ip-172-31-31-147,1720087707,duckdb,1.0.0,1f98600c2c,join,J1_1e9_NA_0_0,1720087708.10783,start,,,c6id.metal
ip-172-31-31-147,1720087707,duckdb,1.0.0,1f98600c2c,join,J1_1e9_NA_0_0,1720088594.76064,finish,0,0,c6id.metal
ip-172-31-31-147,1720089751,duckdb,1.0.0,1f98600c2c,groupby,G1_1e7_1e2_0_0,1720089751.84857,start,,,c6id.metal
ip-172-31-31-147,1720089751,duckdb,1.0.0,1f98600c2c,groupby,G1_1e7_1e2_0_0,1720089756.04845,finish,2,0,c6id.metal
ip-172-31-31-147,1720089751,duckdb,1.0.0,1f98600c2c,groupby,G1_1e7_1e1_0_0,1720089771.06363,start,,,c6id.metal
ip-172-31-31-147,1720089751,duckdb,1.0.0,1f98600c2c,groupby,G1_1e7_1e1_0_0,1720089775.58506,finish,2,0,c6id.metal
ip-172-31-31-147,1720089751,duckdb,1.0.0,1f98600c2c,groupby,G1_1e7_2e0_0_0,1720089790.60025,start,,,c6id.metal
ip-172-31-31-147,1720089751,duckdb,1.0.0,1f98600c2c,groupby,G1_1e7_2e0_0_0,1720089795.42417,finish,2,0,c6id.metal
ip-172-31-31-147,1720089751,duckdb,1.0.0,1f98600c2c,groupby,G1_1e7_1e2_0_1,1720089810.43936,start,,,c6id.metal
ip-172-31-31-147,1720089751,duckdb,1.0.0,1f98600c2c,groupby,G1_1e7_1e2_0_1,1720089814.46421,finish,2,0,c6id.metal
ip-172-31-31-147,1720089751,duckdb,1.0.0,1f98600c2c,groupby,G1_1e7_1e2_5_0,1720089829.4793,start,,,c6id.metal
ip-172-31-31-147,1720089751,duckdb,1.0.0,1f98600c2c,groupby,G1_1e7_1e2_5_0,1720089833.18464,finish,2,0,c6id.metal
ip-172-31-31-147,1720089751,duckdb,1.0.0,1f98600c2c,groupby,G1_1e8_1e2_0_0,1720089848.1999,start,,,c6id.metal
ip-172-31-31-147,1720089751,duckdb,1.0.0,1f98600c2c,groupby,G1_1e8_1e2_0_0,1720089870.23383,finish,2,0,c6id.metal
ip-172-31-31-147,1720089751,duckdb,1.0.0,1f98600c2c,groupby,G1_1e8_1e1_0_0,1720089885.24911,start,,,c6id.metal
ip-172-31-31-147,1720089751,duckdb,1.0.0,1f98600c2c,groupby,G1_1e8_1e1_0_0,1720089911.37606,finish,2,0,c6id.metal
ip-172-31-31-147,1720089751,duckdb,1.0.0,1f98600c2c,groupby,G1_1e8_2e0_0_0,1720089926.39113,start,,,c6id.metal
ip-172-31-31-147,1720089751,duckdb,1.0.0,1f98600c2c,groupby,G1_1e8_2e0_0_0,1720089950.10011,finish,2,0,c6id.metal
ip-172-31-31-147,1720089751,duckdb,1.0.0,1f98600c2c,groupby,G1_1e8_1e2_0_1,1720089965.11533,start,,,c6id.metal
ip-172-31-31-147,1720089751,duckdb,1.0.0,1f98600c2c,groupby,G1_1e8_1e2_0_1,1720089984.2696,finish,2,0,c6id.metal
ip-172-31-31-147,1720089751,duckdb,1.0.0,1f98600c2c,groupby,G1_1e8_1e2_5_0,1720089999.28477,start,,,c6id.metal
ip-172-31-31-147,1720089751,duckdb,1.0.0,1f98600c2c,groupby,G1_1e8_1e2_5_0,1720090014.90238,finish,2,0,c6id.metal
ip-172-31-31-147,1720089751,duckdb,1.0.0,1f98600c2c,groupby,G1_1e9_1e2_0_0,1720090029.9176,start,,,c6id.metal
ip-172-31-31-147,1720089751,duckdb,1.0.0,1f98600c2c,groupby,G1_1e9_1e2_0_0,1720090232.35485,finish,2,0,c6id.metal
ip-172-31-31-147,1720089751,duckdb,1.0.0,1f98600c2c,groupby,G1_1e9_1e1_0_0,1720090247.37006,start,,,c6id.metal
ip-172-31-31-147,1720089751,duckdb,1.0.0,1f98600c2c,groupby,G1_1e9_1e1_0_0,1720090467.96155,finish,2,0,c6id.metal
ip-172-31-31-147,1720089751,duckdb,1.0.0,1f98600c2c,groupby,G1_1e9_2e0_0_0,1720090482.97659,start,,,c6id.metal
ip-172-31-31-147,1720089751,duckdb,1.0.0,1f98600c2c,groupby,G1_1e9_2e0_0_0,1720090695.08406,finish,2,0,c6id.metal
ip-172-31-31-147,1720089751,duckdb,1.0.0,1f98600c2c,groupby,G1_1e9_1e2_0_1,1720090710.09926,start,,,c6id.metal
ip-172-31-31-147,1720089751,duckdb,1.0.0,1f98600c2c,groupby,G1_1e9_1e2_0_1,1720090887.82297,finish,2,0,c6id.metal
ip-172-31-31-147,1720089751,duckdb,1.0.0,1f98600c2c,groupby,G1_1e9_1e2_5_0,1720090902.83815,start,,,c6id.metal
ip-172-31-31-147,1720089751,duckdb,1.0.0,1f98600c2c,groupby,G1_1e9_1e2_5_0,1720091058.81463,finish,2,0,c6id.metal
ip-172-31-31-147,1720089751,duckdb,1.0.0,1f98600c2c,join,J1_1e7_NA_0_0,1720091073.8299,start,,,c6id.metal
ip-172-31-31-147,1720089751,duckdb,1.0.0,1f98600c2c,join,J1_1e7_NA_0_0,1720091079.0002,finish,0,0,c6id.metal
ip-172-31-31-147,1720089751,duckdb,1.0.0,1f98600c2c,join,J1_1e7_NA_5_0,1720091094.01542,start,,,c6id.metal
ip-172-31-31-147,1720089751,duckdb,1.0.0,1f98600c2c,join,J1_1e7_NA_5_0,1720091097.9436,finish,0,0,c6id.metal
ip-172-31-31-147,1720089751,duckdb,1.0.0,1f98600c2c,join,J1_1e7_NA_0_1,1720091112.9589,start,,,c6id.metal
ip-172-31-31-147,1720089751,duckdb,1.0.0,1f98600c2c,join,J1_1e7_NA_0_1,1720091117.63519,finish,0,0,c6id.metal
ip-172-31-31-147,1720089751,duckdb,1.0.0,1f98600c2c,join,J1_1e8_NA_0_0,1720091132.6503,start,,,c6id.metal
ip-172-31-31-147,1720089751,duckdb,1.0.0,1f98600c2c,join,J1_1e8_NA_0_0,1720091173.25737,finish,0,0,c6id.metal
ip-172-31-31-147,1720089751,duckdb,1.0.0,1f98600c2c,join,J1_1e8_NA_5_0,1720091188.27262,start,,,c6id.metal
ip-172-31-31-147,1720089751,duckdb,1.0.0,1f98600c2c,join,J1_1e8_NA_5_0,1720091211.49617,finish,0,0,c6id.metal
ip-172-31-31-147,1720089751,duckdb,1.0.0,1f98600c2c,join,J1_1e8_NA_0_1,1720091226.51143,start,,,c6id.metal
ip-172-31-31-147,1720089751,duckdb,1.0.0,1f98600c2c,join,J1_1e8_NA_0_1,1720091262.47306,finish,0,0,c6id.metal
ip-172-31-31-147,1720529276,duckdb,1.0.0,1f98600c2c,join,J1_1e9_NA_0_0,1720529277.33854,start,,,c6id.metal
ip-172-31-31-147,1720529276,duckdb,1.0.0,1f98600c2c,join,J1_1e9_NA_0_0,1720530147.30009,finish,0,0,c6id.metal
ip-172-31-18-198,1726229581,juliads,0.7.21, ,groupby,G1_1e7_1e2_0_0,1726229582.64933,start,,,c6id.metal
ip-172-31-18-198,1726229581,juliads,0.7.21, ,groupby,G1_1e7_1e2_0_0,1726229695.98025,finish,1,139,c6id.metal
ip-172-31-18-198,1726229581,juliads,0.7.21, ,groupby,G1_1e7_1e1_0_0,1726229710.9955,start,,,c6id.metal
ip-172-31-18-198,1726229581,juliads,0.7.21, ,groupby,G1_1e7_1e1_0_0,1726229764.20303,finish,1,139,c6id.metal
ip-172-31-18-198,1726229581,juliads,0.7.21, ,groupby,G1_1e8_1e2_0_0,1726229779.21829,start,,,c6id.metal
ip-172-31-18-198,1726229581,juliads,0.7.21, ,groupby,G1_1e8_1e2_0_0,1726229791.58162,finish,783,2,c6id.metal
ip-172-31-18-198,1726229910,collapse,2.0.16,,groupby,G1_1e7_1e2_0_0,1726229912.45229,start,,,c6id.metal
ip-172-31-18-198,1726229910,collapse,2.0.16,,groupby,G1_1e7_1e2_0_0,1726229923.02925,finish,0,0,c6id.metal
ip-172-31-18-198,1726229910,collapse,2.0.16,,groupby,G1_1e7_1e1_0_0,1726229938.04446,start,,,c6id.metal
ip-172-31-18-198,1726229910,collapse,2.0.16,,groupby,G1_1e7_1e1_0_0,1726229958.44426,finish,0,0,c6id.metal
ip-172-31-18-198,1726229910,collapse,2.0.16,,groupby,G1_1e8_1e2_0_0,1726229973.45951,start,,,c6id.metal
ip-172-31-18-198,1726229910,collapse,2.0.16,,groupby,G1_1e8_1e2_0_0,1726229973.82612,finish,4,1,c6id.metal
ip-172-31-18-198,1726229910,collapse,2.0.16,,groupby,G1_1e8_1e2_5_0,1726229988.84137,start,,,c6id.metal
ip-172-31-18-198,1726229910,collapse,2.0.16,,groupby,G1_1e8_1e2_5_0,1726229989.20764,finish,4,1,c6id.metal
ip-172-31-18-198,1726229910,collapse,2.0.16,,join,J1_1e7_NA_0_0,1726230004.22292,start,,,c6id.metal
ip-172-31-18-198,1726229910,collapse,2.0.16,,join,J1_1e7_NA_0_0,1726230118.76145,finish,0,0,c6id.metal
ip-172-31-18-198,1726229910,collapse,2.0.16,,join,J1_1e7_NA_5_0,1726230133.77653,start,,,c6id.metal
ip-172-31-18-198,1726229910,collapse,2.0.16,,join,J1_1e7_NA_5_0,1726230240.31087,finish,0,0,c6id.metal
ip-172-31-18-198,1726229910,collapse,2.0.16,,join,J1_1e7_NA_0_1,1726230255.32599,start,,,c6id.metal
ip-172-31-18-198,1726229910,collapse,2.0.16,,join,J1_1e7_NA_0_1,1726230351.80932,finish,0,0,c6id.metal
ip-172-31-18-198,1726229910,data.table,1.16.99,4d42cdc4f73084390eccc589e726519556c1f8a1,groupby,G1_1e7_1e2_0_0,1726230366.82457,start,,,c6id.metal
ip-172-31-18-198,1726229910,data.table,1.16.99,4d42cdc4f73084390eccc589e726519556c1f8a1,groupby,G1_1e7_1e2_0_0,1726230382.09777,finish,0,0,c6id.metal
ip-172-31-18-198,1726229910,data.table,1.16.99,4d42cdc4f73084390eccc589e726519556c1f8a1,groupby,G1_1e7_1e1_0_0,1726230397.11305,start,,,c6id.metal
ip-172-31-18-198,1726229910,data.table,1.16.99,4d42cdc4f73084390eccc589e726519556c1f8a1,groupby,G1_1e7_1e1_0_0,1726230427.68231,finish,0,0,c6id.metal
ip-172-31-18-198,1726229910,data.table,1.16.99,4d42cdc4f73084390eccc589e726519556c1f8a1,groupby,G1_1e8_1e2_0_0,1726230442.69759,start,,,c6id.metal
ip-172-31-18-198,1726229910,data.table,1.16.99,4d42cdc4f73084390eccc589e726519556c1f8a1,groupby,G1_1e8_1e2_0_0,1726230443.01847,finish,4,1,c6id.metal
ip-172-31-18-198,1726229910,data.table,1.16.99,4d42cdc4f73084390eccc589e726519556c1f8a1,groupby,G1_1e8_1e2_5_0,1726230458.0337,start,,,c6id.metal
ip-172-31-18-198,1726229910,data.table,1.16.99,4d42cdc4f73084390eccc589e726519556c1f8a1,groupby,G1_1e8_1e2_5_0,1726230458.35179,finish,4,1,c6id.metal
ip-172-31-18-198,1726229910,data.table,1.16.99,4d42cdc4f73084390eccc589e726519556c1f8a1,join,J1_1e7_NA_0_0,1726230473.36706,start,,,c6id.metal
ip-172-31-18-198,1726229910,data.table,1.16.99,4d42cdc4f73084390eccc589e726519556c1f8a1,join,J1_1e7_NA_0_0,1726230590.83892,finish,0,0,c6id.metal
ip-172-31-18-198,1726229910,data.table,1.16.99,4d42cdc4f73084390eccc589e726519556c1f8a1,join,J1_1e7_NA_5_0,1726230605.85417,start,,,c6id.metal
ip-172-31-18-198,1726229910,data.table,1.16.99,4d42cdc4f73084390eccc589e726519556c1f8a1,join,J1_1e7_NA_5_0,1726230717.87681,finish,0,0,c6id.metal
ip-172-31-18-198,1726229910,data.table,1.16.99,4d42cdc4f73084390eccc589e726519556c1f8a1,join,J1_1e7_NA_0_1,1726230732.8921,start,,,c6id.metal
ip-172-31-18-198,1726229910,data.table,1.16.99,4d42cdc4f73084390eccc589e726519556c1f8a1,join,J1_1e7_NA_0_1,1726230842.05111,finish,0,0,c6id.metal
ip-172-31-18-198,1726229910,dplyr,1.1.4,,groupby,G1_1e7_1e2_0_0,1726230857.06635,start,,,c6id.metal
ip-172-31-18-198,1726229910,dplyr,1.1.4,,groupby,G1_1e7_1e2_0_0,1726231050.7171,finish,16,0,c6id.metal
ip-172-31-18-198,1726229910,dplyr,1.1.4,,groupby,G1_1e7_1e1_0_0,1726231065.73235,start,,,c6id.metal
ip-172-31-18-198,1726229910,dplyr,1.1.4,,groupby,G1_1e7_1e1_0_0,1726231327.71612,finish,16,0,c6id.metal
ip-172-31-18-198,1726229910,dplyr,1.1.4,,groupby,G1_1e8_1e2_0_0,1726231342.73138,start,,,c6id.metal
ip-172-31-18-198,1726229910,dplyr,1.1.4,,groupby,G1_1e8_1e2_0_0,1726231343.30913,finish,4,1,c6id.metal
ip-172-31-18-198,1726229910,dplyr,1.1.4,,groupby,G1_1e8_1e2_5_0,1726231358.3242,start,,,c6id.metal
ip-172-31-18-198,1726229910,dplyr,1.1.4,,groupby,G1_1e8_1e2_5_0,1726231358.90926,finish,4,1,c6id.metal
ip-172-31-18-198,1726229910,dplyr,1.1.4,,join,J1_1e7_NA_0_0,1726231373.92448,start,,,c6id.metal
ip-172-31-18-198,1726229910,dplyr,1.1.4,,join,J1_1e7_NA_0_0,1726231494.98336,finish,0,0,c6id.metal
ip-172-31-18-198,1726229910,dplyr,1.1.4,,join,J1_1e7_NA_5_0,1726231509.99857,start,,,c6id.metal
ip-172-31-18-198,1726229910,dplyr,1.1.4,,join,J1_1e7_NA_5_0,1726231620.0602,finish,0,0,c6id.metal
ip-172-31-18-198,1726229910,dplyr,1.1.4,,join,J1_1e7_NA_0_1,1726231635.07547,start,,,c6id.metal
ip-172-31-18-198,1726229910,dplyr,1.1.4,,join,J1_1e7_NA_0_1,1726231737.86643,finish,0,0,c6id.metal
ip-172-31-18-198,1726229910,pandas,2.2.2,d9cdd2ee5a58015ef6f4d15c7226110c9aab8140,groupby,G1_1e7_1e2_0_0,1726231752.88167,start,,,c6id.metal
ip-172-31-18-198,1726229910,pandas,2.2.2,d9cdd2ee5a58015ef6f4d15c7226110c9aab8140,groupby,G1_1e7_1e2_0_0,1726231780.55976,finish,4,0,c6id.metal
ip-172-31-18-198,1726229910,pandas,2.2.2,d9cdd2ee5a58015ef6f4d15c7226110c9aab8140,groupby,G1_1e7_1e1_0_0,1726231795.57505,start,,,c6id.metal
ip-172-31-18-198,1726229910,pandas,2.2.2,d9cdd2ee5a58015ef6f4d15c7226110c9aab8140,groupby,G1_1e7_1e1_0_0,1726231825.54985,finish,4,0,c6id.metal
ip-172-31-18-198,1726229910,pandas,2.2.2,d9cdd2ee5a58015ef6f4d15c7226110c9aab8140,groupby,G1_1e8_1e2_0_0,1726231840.56513,start,,,c6id.metal
ip-172-31-18-198,1726229910,pandas,2.2.2,d9cdd2ee5a58015ef6f4d15c7226110c9aab8140,groupby,G1_1e8_1e2_0_0,1726231841.05299,finish,20,1,c6id.metal
ip-172-31-18-198,1726229910,pandas,2.2.2,d9cdd2ee5a58015ef6f4d15c7226110c9aab8140,groupby,G1_1e8_1e2_5_0,1726231856.06823,start,,,c6id.metal
ip-172-31-18-198,1726229910,pandas,2.2.2,d9cdd2ee5a58015ef6f4d15c7226110c9aab8140,groupby,G1_1e8_1e2_5_0,1726231856.52676,finish,1,0,c6id.metal
ip-172-31-18-198,1726229910,pandas,2.2.2,d9cdd2ee5a58015ef6f4d15c7226110c9aab8140,join,J1_1e7_NA_0_0,1726231871.54205,start,,,c6id.metal
ip-172-31-18-198,1726229910,pandas,2.2.2,d9cdd2ee5a58015ef6f4d15c7226110c9aab8140,join,J1_1e7_NA_0_0,1726231914.20341,finish,0,0,c6id.metal
ip-172-31-18-198,1726229910,pandas,2.2.2,d9cdd2ee5a58015ef6f4d15c7226110c9aab8140,join,J1_1e7_NA_5_0,1726231929.21849,start,,,c6id.metal
ip-172-31-18-198,1726229910,pandas,2.2.2,d9cdd2ee5a58015ef6f4d15c7226110c9aab8140,join,J1_1e7_NA_5_0,1726231973.71175,finish,0,0,c6id.metal
ip-172-31-18-198,1726229910,pandas,2.2.2,d9cdd2ee5a58015ef6f4d15c7226110c9aab8140,join,J1_1e7_NA_0_1,1726231988.72702,start,,,c6id.metal
ip-172-31-18-198,1726229910,pandas,2.2.2,d9cdd2ee5a58015ef6f4d15c7226110c9aab8140,join,J1_1e7_NA_0_1,1726232023.12056,finish,0,0,c6id.metal
ip-172-31-18-198,1726229910,pydatatable,1.2.0a0,b1a87103c55433dc2069df28a460f3ad15450025,groupby,G1_1e7_1e2_0_0,1726232038.13578,start,,,c6id.metal
ip-172-31-18-198,1726229910,pydatatable,1.2.0a0,b1a87103c55433dc2069df28a460f3ad15450025,groupby,G1_1e7_1e2_0_0,1726232205.64695,finish,0,0,c6id.metal
ip-172-31-18-198,1726229910,pydatatable,1.2.0a0,b1a87103c55433dc2069df28a460f3ad15450025,groupby,G1_1e7_1e1_0_0,1726232220.6622,start,,,c6id.metal
ip-172-31-18-198,1726229910,pydatatable,1.2.0a0,b1a87103c55433dc2069df28a460f3ad15450025,groupby,G1_1e7_1e1_0_0,1726232350.6151,finish,0,0,c6id.metal
ip-172-31-18-198,1726229910,pydatatable,1.2.0a0,b1a87103c55433dc2069df28a460f3ad15450025,groupby,G1_1e8_1e2_0_0,1726232365.63033,start,,,c6id.metal
ip-172-31-18-198,1726229910,pydatatable,1.2.0a0,b1a87103c55433dc2069df28a460f3ad15450025,groupby,G1_1e8_1e2_0_0,1726232365.82802,finish,7,1,c6id.metal
ip-172-31-18-198,1726229910,pydatatable,1.2.0a0,b1a87103c55433dc2069df28a460f3ad15450025,groupby,G1_1e8_1e2_5_0,1726232380.84324,start,,,c6id.metal
ip-172-31-18-198,1726229910,pydatatable,1.2.0a0,b1a87103c55433dc2069df28a460f3ad15450025,groupby,G1_1e8_1e2_5_0,1726232381.03912,finish,7,1,c6id.metal
ip-172-31-18-198,1726229910,pydatatable,1.2.0a0,b1a87103c55433dc2069df28a460f3ad15450025,join,J1_1e7_NA_0_0,1726232396.05435,start,,,c6id.metal
ip-172-31-18-198,1726229910,pydatatable,1.2.0a0,b1a87103c55433dc2069df28a460f3ad15450025,join,J1_1e7_NA_0_0,1726232996.22781,finish,6,1,c6id.metal
ip-172-31-18-198,1726229910,pydatatable,1.2.0a0,b1a87103c55433dc2069df28a460f3ad15450025,join,J1_1e7_NA_5_0,1726233011.24294,start,,,c6id.metal
ip-172-31-18-198,1726229910,pydatatable,1.2.0a0,b1a87103c55433dc2069df28a460f3ad15450025,join,J1_1e7_NA_5_0,1726233611.39284,finish,6,1,c6id.metal
ip-172-31-18-198,1726229910,pydatatable,1.2.0a0,b1a87103c55433dc2069df28a460f3ad15450025,join,J1_1e7_NA_0_1,1726233626.40813,start,,,c6id.metal
ip-172-31-18-198,1726229910,pydatatable,1.2.0a0,b1a87103c55433dc2069df28a460f3ad15450025,join,J1_1e7_NA_0_1,1726234226.59118,finish,6,1,c6id.metal
ip-172-31-18-198,1726229910,spark,3.5.2,,groupby,G1_1e7_1e2_0_0,1726234241.60641,start,,,c6id.metal
ip-172-31-18-198,1726229910,spark,3.5.2,,groupby,G1_1e7_1e2_0_0,1726234288.23477,finish,3,0,c6id.metal
ip-172-31-18-198,1726229910,spark,3.5.2,,groupby,G1_1e7_1e1_0_0,1726234303.25009,start,,,c6id.metal
ip-172-31-18-198,1726229910,spark,3.5.2,,groupby,G1_1e7_1e1_0_0,1726234344.27942,finish,3,0,c6id.metal
ip-172-31-18-198,1726229910,spark,3.5.2,,groupby,G1_1e8_1e2_0_0,1726234359.29474,start,,,c6id.metal
ip-172-31-18-198,1726229910,spark,3.5.2,,groupby,G1_1e8_1e2_0_0,1726234363.06935,finish,16,1,c6id.metal
ip-172-31-18-198,1726229910,spark,3.5.2,,groupby,G1_1e8_1e2_5_0,1726234378.0846,start,,,c6id.metal
ip-172-31-18-198,1726229910,spark,3.5.2,,groupby,G1_1e8_1e2_5_0,1726234381.80624,finish,16,1,c6id.metal
ip-172-31-18-198,1726229910,spark,3.5.2,,join,J1_1e7_NA_0_0,1726234396.82138,start,,,c6id.metal
ip-172-31-18-198,1726229910,spark,3.5.2,,join,J1_1e7_NA_0_0,1726234433.97996,finish,3,0,c6id.metal
ip-172-31-18-198,1726229910,spark,3.5.2,,join,J1_1e7_NA_5_0,1726234448.99522,start,,,c6id.metal
ip-172-31-18-198,1726229910,spark,3.5.2,,join,J1_1e7_NA_5_0,1726234486.12543,finish,3,0,c6id.metal
ip-172-31-18-198,1726229910,spark,3.5.2,,join,J1_1e7_NA_0_1,1726234501.14054,start,,,c6id.metal
ip-172-31-18-198,1726229910,spark,3.5.2,,join,J1_1e7_NA_0_1,1726234535.75571,finish,3,0,c6id.metal
ip-172-31-18-198,1726229910,dask,2024.8.2,80b0737c9ad5848fa779efb8f841b9fa35c8ff36,groupby,G1_1e7_1e2_0_0,1726234550.7711,start,,,c6id.metal
ip-172-31-18-198,1726229910,dask,2024.8.2,80b0737c9ad5848fa779efb8f841b9fa35c8ff36,groupby,G1_1e7_1e2_0_0,1726234585.92115,finish,98,1,c6id.metal
ip-172-31-18-198,1726229910,dask,2024.8.2,80b0737c9ad5848fa779efb8f841b9fa35c8ff36,groupby,G1_1e7_1e1_0_0,1726234600.93642,start,,,c6id.metal
ip-172-31-18-198,1726229910,dask,2024.8.2,80b0737c9ad5848fa779efb8f841b9fa35c8ff36,groupby,G1_1e7_1e1_0_0,1726234826.551,finish,50,1,c6id.metal
ip-172-31-18-198,1726229910,dask,2024.8.2,80b0737c9ad5848fa779efb8f841b9fa35c8ff36,groupby,G1_1e8_1e2_0_0,1726234841.56612,start,,,c6id.metal
ip-172-31-18-198,1726229910,dask,2024.8.2,80b0737c9ad5848fa779efb8f841b9fa35c8ff36,groupby,G1_1e8_1e2_0_0,1726234843.66776,finish,58,1,c6id.metal
ip-172-31-18-198,1726229910,dask,2024.8.2,80b0737c9ad5848fa779efb8f841b9fa35c8ff36,groupby,G1_1e8_1e2_5_0,1726234858.68288,start,,,c6id.metal
ip-172-31-18-198,1726229910,dask,2024.8.2,80b0737c9ad5848fa779efb8f841b9fa35c8ff36,groupby,G1_1e8_1e2_5_0,1726234860.71287,finish,1,0,c6id.metal
ip-172-31-18-198,1726229910,dask,2024.8.2,80b0737c9ad5848fa779efb8f841b9fa35c8ff36,join,J1_1e7_NA_0_0,1726234875.72798,start,,,c6id.metal
ip-172-31-18-198,1726229910,dask,2024.8.2,80b0737c9ad5848fa779efb8f841b9fa35c8ff36,join,J1_1e7_NA_0_0,1726234939.20182,finish,0,0,c6id.metal
ip-172-31-18-198,1726229910,dask,2024.8.2,80b0737c9ad5848fa779efb8f841b9fa35c8ff36,join,J1_1e7_NA_5_0,1726234954.21708,start,,,c6id.metal
ip-172-31-18-198,1726229910,dask,2024.8.2,80b0737c9ad5848fa779efb8f841b9fa35c8ff36,join,J1_1e7_NA_5_0,1726234954.95393,finish,1,0,c6id.metal
ip-172-31-18-198,1726229910,dask,2024.8.2,80b0737c9ad5848fa779efb8f841b9fa35c8ff36,join,J1_1e7_NA_0_1,1726234969.96916,start,,,c6id.metal
ip-172-31-18-198,1726229910,dask,2024.8.2,80b0737c9ad5848fa779efb8f841b9fa35c8ff36,join,J1_1e7_NA_0_1,1726234970.72619,finish,1,0,c6id.metal
ip-172-31-18-198,1726229910,clickhouse,24.8.4.13,,groupby,G1_1e7_1e2_0_0,1726234985.74126,start,,,c6id.metal
ip-172-31-18-198,1726229910,clickhouse,24.8.4.13,,groupby,G1_1e7_1e2_0_0,1726235131.24668,finish,0,0,c6id.metal
ip-172-31-18-198,1726229910,clickhouse,24.8.4.13,,groupby,G1_1e7_1e1_0_0,1726235146.26176,start,,,c6id.metal
ip-172-31-18-198,1726229910,clickhouse,24.8.4.13,,groupby,G1_1e7_1e1_0_0,1726235292.76494,finish,0,0,c6id.metal
ip-172-31-18-198,1726229910,clickhouse,24.8.4.13,,groupby,G1_1e8_1e2_0_0,1726235307.78018,start,,,c6id.metal
ip-172-31-18-198,1726229910,clickhouse,24.8.4.13,,groupby,G1_1e8_1e2_0_0,1726235309.0601,finish,2,107,c6id.metal
ip-172-31-18-198,1726229910,clickhouse,24.8.4.13,,groupby,G1_1e8_1e2_5_0,1726235324.07522,start,,,c6id.metal
ip-172-31-18-198,1726229910,clickhouse,24.8.4.13,,groupby,G1_1e8_1e2_5_0,1726235324.92355,finish,2,107,c6id.metal
ip-172-31-18-198,1726229910,clickhouse,24.8.4.13,,join,J1_1e7_NA_0_0,1726235339.93881,start,,,c6id.metal
ip-172-31-18-198,1726229910,clickhouse,24.8.4.13,,join,J1_1e7_NA_0_0,1726235491.30613,finish,0,0,c6id.metal
ip-172-31-18-198,1726229910,clickhouse,24.8.4.13,,join,J1_1e7_NA_5_0,1726235506.32119,start,,,c6id.metal
ip-172-31-18-198,1726229910,clickhouse,24.8.4.13,,join,J1_1e7_NA_5_0,1726235659.05913,finish,0,0,c6id.metal
ip-172-31-18-198,1726229910,clickhouse,24.8.4.13,,join,J1_1e7_NA_0_1,1726235674.07433,start,,,c6id.metal
ip-172-31-18-198,1726229910,clickhouse,24.8.4.13,,join,J1_1e7_NA_0_1,1726235824.79973,finish,0,0,c6id.metal
ip-172-31-18-198,1726229910,polars,1.7.1,,groupby,G1_1e7_1e2_0_0,1726235839.81502,start,,,c6id.metal
ip-172-31-18-198,1726229910,polars,1.7.1,,groupby,G1_1e7_1e2_0_0,1726235841.08667,finish,9,1,c6id.metal
ip-172-31-18-198,1726229910,polars,1.7.1,,groupby,G1_1e7_1e1_0_0,1726235856.10196,start,,,c6id.metal
ip-172-31-18-198,1726229910,polars,1.7.1,,groupby,G1_1e7_1e1_0_0,1726235857.59671,finish,9,1,c6id.metal
ip-172-31-18-198,1726229910,polars,1.7.1,,groupby,G1_1e8_1e2_0_0,1726235872.61181,start,,,c6id.metal
ip-172-31-18-198,1726229910,polars,1.7.1,,groupby,G1_1e8_1e2_0_0,1726235872.86013,finish,20,1,c6id.metal
ip-172-31-18-198,1726229910,polars,1.7.1,,groupby,G1_1e8_1e2_5_0,1726235887.87537,start,,,c6id.metal
ip-172-31-18-198,1726229910,polars,1.7.1,,groupby,G1_1e8_1e2_5_0,1726235888.1214,finish,20,1,c6id.metal
ip-172-31-18-198,1726229910,polars,1.7.1,,join,J1_1e7_NA_0_0,1726235903.13666,start,,,c6id.metal
ip-172-31-18-198,1726229910,polars,1.7.1,,join,J1_1e7_NA_0_0,1726235910.52484,finish,11,1,c6id.metal
ip-172-31-18-198,1726229910,polars,1.7.1,,join,J1_1e7_NA_5_0,1726235925.54012,start,,,c6id.metal
ip-172-31-18-198,1726229910,polars,1.7.1,,join,J1_1e7_NA_5_0,1726235933.03721,finish,11,1,c6id.metal
ip-172-31-18-198,1726229910,polars,1.7.1,,join,J1_1e7_NA_0_1,1726235948.05247,start,,,c6id.metal
ip-172-31-18-198,1726229910,polars,1.7.1,,join,J1_1e7_NA_0_1,1726235955.31002,finish,11,1,c6id.metal
ip-172-31-18-198,1726229910,R-arrow,17.0.0.1,,groupby,G1_1e7_1e2_0_0,1726235970.32523,start,,,c6id.metal
ip-172-31-18-198,1726229910,R-arrow,17.0.0.1,,groupby,G1_1e7_1e2_0_0,1726235989.83427,finish,3,0,c6id.metal
ip-172-31-18-198,1726229910,R-arrow,17.0.0.1,,groupby,G1_1e7_1e1_0_0,1726236004.84981,start,,,c6id.metal
ip-172-31-18-198,1726229910,R-arrow,17.0.0.1,,groupby,G1_1e7_1e1_0_0,1726236014.50595,finish,3,0,c6id.metal
ip-172-31-18-198,1726229910,R-arrow,17.0.0.1,,groupby,G1_1e8_1e2_0_0,1726236029.5212,start,,,c6id.metal
ip-172-31-18-198,1726229910,R-arrow,17.0.0.1,,groupby,G1_1e8_1e2_0_0,1726236030.23658,finish,2,1,c6id.metal
ip-172-31-18-198,1726229910,R-arrow,17.0.0.1,,groupby,G1_1e8_1e2_5_0,1726236045.25183,start,,,c6id.metal
ip-172-31-18-198,1726229910,R-arrow,17.0.0.1,,groupby,G1_1e8_1e2_5_0,1726236045.95355,finish,2,1,c6id.metal
ip-172-31-18-198,1726229910,R-arrow,17.0.0.1,,join,J1_1e7_NA_0_0,1726236060.96879,start,,,c6id.metal
ip-172-31-18-198,1726229910,R-arrow,17.0.0.1,,join,J1_1e7_NA_0_0,1726236105.38403,finish,0,0,c6id.metal
ip-172-31-18-198,1726229910,R-arrow,17.0.0.1,,join,J1_1e7_NA_5_0,1726236120.39928,start,,,c6id.metal
ip-172-31-18-198,1726229910,R-arrow,17.0.0.1,,join,J1_1e7_NA_5_0,1726236165.08952,finish,0,0,c6id.metal
ip-172-31-18-198,1726229910,R-arrow,17.0.0.1,,join,J1_1e7_NA_0_1,1726236180.10477,start,,,c6id.metal
ip-172-31-18-198,1726229910,R-arrow,17.0.0.1,,join,J1_1e7_NA_0_1,1726236221.90547,finish,0,0,c6id.metal
ip-172-31-18-198,1726229910,duckdb,1.0.99.9000,fa5c2fe15f,groupby,G1_1e7_1e2_0_0,1726236236.92057,start,,,c6id.metal
ip-172-31-18-198,1726229910,duckdb,1.0.99.9000,fa5c2fe15f,groupby,G1_1e7_1e2_0_0,1726236241.36907,finish,2,0,c6id.metal
ip-172-31-18-198,1726229910,duckdb,1.0.99.9000,fa5c2fe15f,groupby,G1_1e7_1e1_0_0,1726236256.38432,start,,,c6id.metal
ip-172-31-18-198,1726229910,duckdb,1.0.99.9000,fa5c2fe15f,groupby,G1_1e7_1e1_0_0,1726236261.1082,finish,2,0,c6id.metal
ip-172-31-18-198,1726229910,duckdb,1.0.99.9000,fa5c2fe15f,groupby,G1_1e8_1e2_0_0,1726236276.12332,start,,,c6id.metal
ip-172-31-18-198,1726229910,duckdb,1.0.99.9000,fa5c2fe15f,groupby,G1_1e8_1e2_0_0,1726236276.53952,finish,5,1,c6id.metal
ip-172-31-18-198,1726229910,duckdb,1.0.99.9000,fa5c2fe15f,groupby,G1_1e8_1e2_5_0,1726236291.55479,start,,,c6id.metal
ip-172-31-18-198,1726229910,duckdb,1.0.99.9000,fa5c2fe15f,groupby,G1_1e8_1e2_5_0,1726236291.96834,finish,5,1,c6id.metal
ip-172-31-18-198,1726229910,duckdb,1.0.99.9000,fa5c2fe15f,join,J1_1e7_NA_0_0,1726236306.98359,start,,,c6id.metal
ip-172-31-18-198,1726229910,duckdb,1.0.99.9000,fa5c2fe15f,join,J1_1e7_NA_0_0,1726236311.80754,finish,0,0,c6id.metal
ip-172-31-18-198,1726229910,duckdb,1.0.99.9000,fa5c2fe15f,join,J1_1e7_NA_5_0,1726236326.82279,start,,,c6id.metal
ip-172-31-18-198,1726229910,duckdb,1.0.99.9000,fa5c2fe15f,join,J1_1e7_NA_5_0,1726236330.84225,finish,0,0,c6id.metal
ip-172-31-18-198,1726229910,duckdb,1.0.99.9000,fa5c2fe15f,join,J1_1e7_NA_0_1,1726236345.85748,start,,,c6id.metal
ip-172-31-18-198,1726229910,duckdb,1.0.99.9000,fa5c2fe15f,join,J1_1e7_NA_0_1,1726236350.3176,finish,0,0,c6id.metal
ip-172-31-18-198,1726229910,datafusion,40.1.0,,groupby,G1_1e7_1e2_0_0,1726236365.33284,start,,,c6id.metal
ip-172-31-18-198,1726229910,datafusion,40.1.0,,groupby,G1_1e7_1e2_0_0,1726236368.79307,finish,0,0,c6id.metal
ip-172-31-18-198,1726229910,datafusion,40.1.0,,groupby,G1_1e7_1e1_0_0,1726236383.80833,start,,,c6id.metal
ip-172-31-18-198,1726229910,datafusion,40.1.0,,groupby,G1_1e7_1e1_0_0,1726236387.7061,finish,0,0,c6id.metal
ip-172-31-18-198,1726229910,datafusion,40.1.0,,groupby,G1_1e8_1e2_0_0,1726236402.72136,start,,,c6id.metal
ip-172-31-18-198,1726229910,datafusion,40.1.0,,groupby,G1_1e8_1e2_0_0,1726236403.21447,finish,13,1,c6id.metal
ip-172-31-18-198,1726229910,datafusion,40.1.0,,groupby,G1_1e8_1e2_5_0,1726236418.22953,start,,,c6id.metal
ip-172-31-18-198,1726229910,datafusion,40.1.0,,groupby,G1_1e8_1e2_5_0,1726236418.72593,finish,13,1,c6id.metal
ip-172-31-18-198,1726229910,datafusion,40.1.0,,join,J1_1e7_NA_0_0,1726236433.74101,start,,,c6id.metal
ip-172-31-18-198,1726229910,datafusion,40.1.0,,join,J1_1e7_NA_0_0,1726236437.36684,finish,0,0,c6id.metal
ip-172-31-18-198,1726229910,datafusion,40.1.0,,join,J1_1e7_NA_5_0,1726236452.38212,start,,,c6id.metal
ip-172-31-18-198,1726229910,datafusion,40.1.0,,join,J1_1e7_NA_5_0,1726236455.96362,finish,0,0,c6id.metal
ip-172-31-18-198,1726229910,datafusion,40.1.0,,join,J1_1e7_NA_0_1,1726236470.97873,start,,,c6id.metal
ip-172-31-18-198,1726229910,datafusion,40.1.0,,join,J1_1e7_NA_0_1,1726236474.41013,finish,0,0,c6id.metal
ip-172-31-18-198,1726236875,collapse,2.0.16,,groupby,G1_1e7_1e2_0_0,1726236877.78325,start,,,c6id.metal
ip-172-31-18-198,1726236875,collapse,2.0.16,,groupby,G1_1e7_1e2_0_0,1726236888.12951,finish,0,0,c6id.metal
ip-172-31-18-198,1726236875,collapse,2.0.16,,groupby,G1_1e7_1e1_0_0,1726236903.14478,start,,,c6id.metal
ip-172-31-18-198,1726236875,collapse,2.0.16,,groupby,G1_1e7_1e1_0_0,1726236923.69393,finish,0,0,c6id.metal
ip-172-31-18-198,1726236875,collapse,2.0.16,,groupby,G1_1e8_1e2_0_0,1726236938.7092,start,,,c6id.metal
ip-172-31-18-198,1726236875,collapse,2.0.16,,groupby,G1_1e8_1e2_0_0,1726237069.24253,finish,0,0,c6id.metal
ip-172-31-18-198,1726236875,collapse,2.0.16,,groupby,G1_1e8_1e2_5_0,1726237084.25762,start,,,c6id.metal
ip-172-31-18-198,1726236875,collapse,2.0.16,,groupby,G1_1e8_1e2_5_0,1726237214.38636,finish,0,0,c6id.metal
ip-172-31-18-198,1726236875,collapse,2.0.16,,join,J1_1e7_NA_0_0,1726237229.40159,start,,,c6id.metal
ip-172-31-18-198,1726236875,collapse,2.0.16,,join,J1_1e7_NA_0_0,1726237338.80703,finish,0,0,c6id.metal
ip-172-31-18-198,1726236875,collapse,2.0.16,,join,J1_1e7_NA_5_0,1726237353.82225,start,,,c6id.metal
ip-172-31-18-198,1726236875,collapse,2.0.16,,join,J1_1e7_NA_5_0,1726237457.86263,finish,0,0,c6id.metal
ip-172-31-18-198,1726236875,collapse,2.0.16,,join,J1_1e7_NA_0_1,1726237472.87787,start,,,c6id.metal
ip-172-31-18-198,1726236875,collapse,2.0.16,,join,J1_1e7_NA_0_1,1726237566.93669,finish,0,0,c6id.metal
ip-172-31-18-198,1726236875,data.table,1.16.99,4d42cdc4f73084390eccc589e726519556c1f8a1,groupby,G1_1e7_1e2_0_0,1726237581.95176,start,,,c6id.metal
ip-172-31-18-198,1726236875,data.table,1.16.99,4d42cdc4f73084390eccc589e726519556c1f8a1,groupby,G1_1e7_1e2_0_0,1726237598.13261,finish,0,0,c6id.metal
ip-172-31-18-198,1726236875,data.table,1.16.99,4d42cdc4f73084390eccc589e726519556c1f8a1,groupby,G1_1e7_1e1_0_0,1726237613.14787,start,,,c6id.metal
ip-172-31-18-198,1726236875,data.table,1.16.99,4d42cdc4f73084390eccc589e726519556c1f8a1,groupby,G1_1e7_1e1_0_0,1726237644.80072,finish,0,0,c6id.metal
ip-172-31-18-198,1726236875,data.table,1.16.99,4d42cdc4f73084390eccc589e726519556c1f8a1,groupby,G1_1e8_1e2_0_0,1726237659.81603,start,,,c6id.metal
ip-172-31-18-198,1726236875,data.table,1.16.99,4d42cdc4f73084390eccc589e726519556c1f8a1,groupby,G1_1e8_1e2_0_0,1726237794.50032,finish,0,0,c6id.metal
ip-172-31-18-198,1726236875,data.table,1.16.99,4d42cdc4f73084390eccc589e726519556c1f8a1,groupby,G1_1e8_1e2_5_0,1726237809.51555,start,,,c6id.metal
ip-172-31-18-198,1726236875,data.table,1.16.99,4d42cdc4f73084390eccc589e726519556c1f8a1,groupby,G1_1e8_1e2_5_0,1726237946.80073,finish,0,0,c6id.metal
ip-172-31-18-198,1726236875,data.table,1.16.99,4d42cdc4f73084390eccc589e726519556c1f8a1,join,J1_1e7_NA_0_0,1726237961.81582,start,,,c6id.metal
ip-172-31-18-198,1726236875,data.table,1.16.99,4d42cdc4f73084390eccc589e726519556c1f8a1,join,J1_1e7_NA_0_0,1726238082.98386,finish,0,0,c6id.metal
ip-172-31-18-198,1726236875,data.table,1.16.99,4d42cdc4f73084390eccc589e726519556c1f8a1,join,J1_1e7_NA_5_0,1726238097.99913,start,,,c6id.metal
ip-172-31-18-198,1726236875,data.table,1.16.99,4d42cdc4f73084390eccc589e726519556c1f8a1,join,J1_1e7_NA_5_0,1726238208.86786,finish,0,0,c6id.metal
ip-172-31-18-198,1726236875,data.table,1.16.99,4d42cdc4f73084390eccc589e726519556c1f8a1,join,J1_1e7_NA_0_1,1726238223.88312,start,,,c6id.metal
ip-172-31-18-198,1726236875,data.table,1.16.99,4d42cdc4f73084390eccc589e726519556c1f8a1,join,J1_1e7_NA_0_1,1726238333.80517,finish,0,0,c6id.metal
ip-172-31-18-198,1726236875,dplyr,1.1.4,,groupby,G1_1e7_1e2_0_0,1726238348.82043,start,,,c6id.metal
ip-172-31-18-198,1726236875,dplyr,1.1.4,,groupby,G1_1e7_1e2_0_0,1726238542.14537,finish,16,0,c6id.metal
ip-172-31-18-198,1726236875,dplyr,1.1.4,,groupby,G1_1e7_1e1_0_0,1726238557.16063,start,,,c6id.metal
ip-172-31-18-198,1726236875,dplyr,1.1.4,,groupby,G1_1e7_1e1_0_0,1726238816.96674,finish,16,0,c6id.metal
ip-172-31-18-198,1726236875,dplyr,1.1.4,,groupby,G1_1e8_1e2_0_0,1726238831.98204,start,,,c6id.metal
ip-172-31-18-198,1726236875,dplyr,1.1.4,,groupby,G1_1e8_1e2_0_0,1726240633.51632,finish,18,0,c6id.metal
ip-172-31-18-198,1726236875,dplyr,1.1.4,,groupby,G1_1e8_1e2_5_0,1726240648.53157,start,,,c6id.metal
ip-172-31-18-198,1726236875,dplyr,1.1.4,,groupby,G1_1e8_1e2_5_0,1726242450.94788,finish,18,0,c6id.metal
ip-172-31-18-198,1726236875,dplyr,1.1.4,,join,J1_1e7_NA_0_0,1726242465.96314,start,,,c6id.metal
ip-172-31-18-198,1726236875,dplyr,1.1.4,,join,J1_1e7_NA_0_0,1726242586.8056,finish,0,0,c6id.metal
ip-172-31-18-198,1726236875,dplyr,1.1.4,,join,J1_1e7_NA_5_0,1726242601.82084,start,,,c6id.metal
ip-172-31-18-198,1726236875,dplyr,1.1.4,,join,J1_1e7_NA_5_0,1726242718.95081,finish,0,0,c6id.metal
ip-172-31-18-198,1726236875,dplyr,1.1.4,,join,J1_1e7_NA_0_1,1726242733.96608,start,,,c6id.metal
ip-172-31-18-198,1726236875,dplyr,1.1.4,,join,J1_1e7_NA_0_1,1726242835.19722,finish,0,0,c6id.metal
ip-172-31-18-198,1726236875,pandas,2.2.2,d9cdd2ee5a58015ef6f4d15c7226110c9aab8140,groupby,G1_1e7_1e2_0_0,1726242850.21245,start,,,c6id.metal
ip-172-31-18-198,1726236875,pandas,2.2.2,d9cdd2ee5a58015ef6f4d15c7226110c9aab8140,groupby,G1_1e7_1e2_0_0,1726242877.94762,finish,4,0,c6id.metal
ip-172-31-18-198,1726236875,pandas,2.2.2,d9cdd2ee5a58015ef6f4d15c7226110c9aab8140,groupby,G1_1e7_1e1_0_0,1726242892.96293,start,,,c6id.metal
ip-172-31-18-198,1726236875,pandas,2.2.2,d9cdd2ee5a58015ef6f4d15c7226110c9aab8140,groupby,G1_1e7_1e1_0_0,1726242923.68819,finish,4,0,c6id.metal
ip-172-31-18-198,1726236875,pandas,2.2.2,d9cdd2ee5a58015ef6f4d15c7226110c9aab8140,groupby,G1_1e8_1e2_0_0,1726242938.70346,start,,,c6id.metal
ip-172-31-18-198,1726236875,pandas,2.2.2,d9cdd2ee5a58015ef6f4d15c7226110c9aab8140,groupby,G1_1e8_1e2_0_0,1726243293.95352,finish,4,0,c6id.metal
ip-172-31-18-198,1726236875,pandas,2.2.2,d9cdd2ee5a58015ef6f4d15c7226110c9aab8140,groupby,G1_1e8_1e2_5_0,1726243308.96877,start,,,c6id.metal
ip-172-31-18-198,1726236875,pandas,2.2.2,d9cdd2ee5a58015ef6f4d15c7226110c9aab8140,groupby,G1_1e8_1e2_5_0,1726243309.43274,finish,1,0,c6id.metal
ip-172-31-18-198,1726236875,pandas,2.2.2,d9cdd2ee5a58015ef6f4d15c7226110c9aab8140,join,J1_1e7_NA_0_0,1726243324.4478,start,,,c6id.metal
ip-172-31-18-198,1726236875,pandas,2.2.2,d9cdd2ee5a58015ef6f4d15c7226110c9aab8140,join,J1_1e7_NA_0_0,1726243366.94137,finish,0,0,c6id.metal
ip-172-31-18-198,1726236875,pandas,2.2.2,d9cdd2ee5a58015ef6f4d15c7226110c9aab8140,join,J1_1e7_NA_5_0,1726243381.95644,start,,,c6id.metal
ip-172-31-18-198,1726236875,pandas,2.2.2,d9cdd2ee5a58015ef6f4d15c7226110c9aab8140,join,J1_1e7_NA_5_0,1726243426.27059,finish,0,0,c6id.metal
ip-172-31-18-198,1726236875,pandas,2.2.2,d9cdd2ee5a58015ef6f4d15c7226110c9aab8140,join,J1_1e7_NA_0_1,1726243441.28585,start,,,c6id.metal
ip-172-31-18-198,1726236875,pandas,2.2.2,d9cdd2ee5a58015ef6f4d15c7226110c9aab8140,join,J1_1e7_NA_0_1,1726243475.3302,finish,0,0,c6id.metal
ip-172-31-18-198,1726236875,pydatatable,1.2.0a0,b1a87103c55433dc2069df28a460f3ad15450025,groupby,G1_1e7_1e2_0_0,1726243490.33754,start,,,c6id.metal
ip-172-31-18-198,1726236875,pydatatable,1.2.0a0,b1a87103c55433dc2069df28a460f3ad15450025,groupby,G1_1e7_1e2_0_0,1726243647.51094,finish,0,0,c6id.metal
ip-172-31-18-198,1726236875,pydatatable,1.2.0a0,b1a87103c55433dc2069df28a460f3ad15450025,groupby,G1_1e7_1e1_0_0,1726243662.52622,start,,,c6id.metal
ip-172-31-18-198,1726236875,pydatatable,1.2.0a0,b1a87103c55433dc2069df28a460f3ad15450025,groupby,G1_1e7_1e1_0_0,1726243811.91586,finish,0,0,c6id.metal
ip-172-31-18-198,1726236875,pydatatable,1.2.0a0,b1a87103c55433dc2069df28a460f3ad15450025,groupby,G1_1e8_1e2_0_0,1726243826.93112,start,,,c6id.metal
ip-172-31-18-198,1726236875,pydatatable,1.2.0a0,b1a87103c55433dc2069df28a460f3ad15450025,groupby,G1_1e8_1e2_0_0,1726245193.19863,finish,0,0,c6id.metal
ip-172-31-18-198,1726236875,pydatatable,1.2.0a0,b1a87103c55433dc2069df28a460f3ad15450025,groupby,G1_1e8_1e2_5_0,1726245208.21386,start,,,c6id.metal
ip-172-31-18-198,1726236875,pydatatable,1.2.0a0,b1a87103c55433dc2069df28a460f3ad15450025,groupby,G1_1e8_1e2_5_0,1726246651.92486,finish,0,0,c6id.metal
ip-172-31-18-198,1726236875,pydatatable,1.2.0a0,b1a87103c55433dc2069df28a460f3ad15450025,join,J1_1e7_NA_0_0,1726246666.94011,start,,,c6id.metal
ip-172-31-18-198,1726236875,pydatatable,1.2.0a0,b1a87103c55433dc2069df28a460f3ad15450025,join,J1_1e7_NA_0_0,1726247267.09323,finish,6,0,c6id.metal
ip-172-31-18-198,1726236875,pydatatable,1.2.0a0,b1a87103c55433dc2069df28a460f3ad15450025,join,J1_1e7_NA_5_0,1726247282.10846,start,,,c6id.metal
ip-172-31-18-198,1726236875,pydatatable,1.2.0a0,b1a87103c55433dc2069df28a460f3ad15450025,join,J1_1e7_NA_5_0,1726247882.25797,finish,6,0,c6id.metal
ip-172-31-18-198,1726236875,pydatatable,1.2.0a0,b1a87103c55433dc2069df28a460f3ad15450025,join,J1_1e7_NA_0_1,1726247897.2732,start,,,c6id.metal
ip-172-31-18-198,1726236875,pydatatable,1.2.0a0,b1a87103c55433dc2069df28a460f3ad15450025,join,J1_1e7_NA_0_1,1726248497.44616,finish,6,0,c6id.metal
ip-172-31-18-198,1726236875,spark,3.5.2,,groupby,G1_1e7_1e2_0_0,1726248512.46143,start,,,c6id.metal
ip-172-31-18-198,1726236875,spark,3.5.2,,groupby,G1_1e7_1e2_0_0,1726248555.11272,finish,3,0,c6id.metal
ip-172-31-18-198,1726236875,spark,3.5.2,,groupby,G1_1e7_1e1_0_0,1726248570.12804,start,,,c6id.metal
ip-172-31-18-198,1726236875,spark,3.5.2,,groupby,G1_1e7_1e1_0_0,1726248612.76805,finish,3,0,c6id.metal
ip-172-31-18-198,1726236875,spark,3.5.2,,groupby,G1_1e8_1e2_0_0,1726248627.78334,start,,,c6id.metal
ip-172-31-18-198,1726236875,spark,3.5.2,,groupby,G1_1e8_1e2_0_0,1726248719.91368,finish,3,0,c6id.metal
ip-172-31-18-198,1726236875,spark,3.5.2,,groupby,G1_1e8_1e2_5_0,1726248734.92908,start,,,c6id.metal
ip-172-31-18-198,1726236875,spark,3.5.2,,groupby,G1_1e8_1e2_5_0,1726248835.24776,finish,3,0,c6id.metal
ip-172-31-18-198,1726236875,spark,3.5.2,,join,J1_1e7_NA_0_0,1726248850.26307,start,,,c6id.metal
ip-172-31-18-198,1726236875,spark,3.5.2,,join,J1_1e7_NA_0_0,1726248887.90648,finish,3,0,c6id.metal
ip-172-31-18-198,1726236875,spark,3.5.2,,join,J1_1e7_NA_5_0,1726248902.92169,start,,,c6id.metal
ip-172-31-18-198,1726236875,spark,3.5.2,,join,J1_1e7_NA_5_0,1726248940.53412,finish,3,0,c6id.metal
ip-172-31-18-198,1726236875,spark,3.5.2,,join,J1_1e7_NA_0_1,1726248955.54946,start,,,c6id.metal
ip-172-31-18-198,1726236875,spark,3.5.2,,join,J1_1e7_NA_0_1,1726248990.17579,finish,3,0,c6id.metal
ip-172-31-18-198,1726236875,dask,2024.8.2,80b0737c9ad5848fa779efb8f841b9fa35c8ff36,groupby,G1_1e7_1e2_0_0,1726249005.19093,start,,,c6id.metal
ip-172-31-18-198,1726236875,dask,2024.8.2,80b0737c9ad5848fa779efb8f841b9fa35c8ff36,groupby,G1_1e7_1e2_0_0,1726249039.5503,finish,74,1,c6id.metal
ip-172-31-18-198,1726236875,dask,2024.8.2,80b0737c9ad5848fa779efb8f841b9fa35c8ff36,groupby,G1_1e7_1e1_0_0,1726249054.56559,start,,,c6id.metal
ip-172-31-18-198,1726236875,dask,2024.8.2,80b0737c9ad5848fa779efb8f841b9fa35c8ff36,groupby,G1_1e7_1e1_0_0,1726249282.61171,finish,74,1,c6id.metal
ip-172-31-18-198,1726236875,dask,2024.8.2,80b0737c9ad5848fa779efb8f841b9fa35c8ff36,groupby,G1_1e8_1e2_0_0,1726249297.6268,start,,,c6id.metal
ip-172-31-18-198,1726236875,dask,2024.8.2,80b0737c9ad5848fa779efb8f841b9fa35c8ff36,groupby,G1_1e8_1e2_0_0,1726249523.41664,finish,98,1,c6id.metal
ip-172-31-18-198,1726236875,dask,2024.8.2,80b0737c9ad5848fa779efb8f841b9fa35c8ff36,groupby,G1_1e8_1e2_5_0,1726249538.43187,start,,,c6id.metal
ip-172-31-18-198,1726236875,dask,2024.8.2,80b0737c9ad5848fa779efb8f841b9fa35c8ff36,groupby,G1_1e8_1e2_5_0,1726249540.45846,finish,1,0,c6id.metal
ip-172-31-18-198,1726236875,dask,2024.8.2,80b0737c9ad5848fa779efb8f841b9fa35c8ff36,join,J1_1e7_NA_0_0,1726249555.47372,start,,,c6id.metal
ip-172-31-18-198,1726236875,dask,2024.8.2,80b0737c9ad5848fa779efb8f841b9fa35c8ff36,join,J1_1e7_NA_0_0,1726249619.8514,finish,0,0,c6id.metal
ip-172-31-18-198,1726236875,dask,2024.8.2,80b0737c9ad5848fa779efb8f841b9fa35c8ff36,join,J1_1e7_NA_5_0,1726249634.86666,start,,,c6id.metal
ip-172-31-18-198,1726236875,dask,2024.8.2,80b0737c9ad5848fa779efb8f841b9fa35c8ff36,join,J1_1e7_NA_5_0,1726249635.60152,finish,1,0,c6id.metal
ip-172-31-18-198,1726236875,dask,2024.8.2,80b0737c9ad5848fa779efb8f841b9fa35c8ff36,join,J1_1e7_NA_0_1,1726249650.61679,start,,,c6id.metal
ip-172-31-18-198,1726236875,dask,2024.8.2,80b0737c9ad5848fa779efb8f841b9fa35c8ff36,join,J1_1e7_NA_0_1,1726249651.35225,finish,1,0,c6id.metal
ip-172-31-18-198,1726236875,clickhouse,24.8.4.13,,groupby,G1_1e7_1e2_0_0,1726249666.3675,start,,,c6id.metal
ip-172-31-18-198,1726236875,clickhouse,24.8.4.13,,groupby,G1_1e7_1e2_0_0,1726249812.88868,finish,0,0,c6id.metal
ip-172-31-18-198,1726236875,clickhouse,24.8.4.13,,groupby,G1_1e7_1e1_0_0,1726249827.90397,start,,,c6id.metal
ip-172-31-18-198,1726236875,clickhouse,24.8.4.13,,groupby,G1_1e7_1e1_0_0,1726249975.38583,finish,0,0,c6id.metal
ip-172-31-18-198,1726236875,clickhouse,24.8.4.13,,groupby,G1_1e8_1e2_0_0,1726249990.40112,start,,,c6id.metal
ip-172-31-18-198,1726236875,clickhouse,24.8.4.13,,groupby,G1_1e8_1e2_0_0,1726250155.97938,finish,0,0,c6id.metal
ip-172-31-18-198,1726236875,clickhouse,24.8.4.13,,groupby,G1_1e8_1e2_5_0,1726250170.99466,start,,,c6id.metal
ip-172-31-18-198,1726236875,clickhouse,24.8.4.13,,groupby,G1_1e8_1e2_5_0,1726250341.86088,finish,0,0,c6id.metal
ip-172-31-18-198,1726236875,clickhouse,24.8.4.13,,join,J1_1e7_NA_0_0,1726250356.87616,start,,,c6id.metal
ip-172-31-18-198,1726236875,clickhouse,24.8.4.13,,join,J1_1e7_NA_0_0,1726250509.61059,finish,0,0,c6id.metal
ip-172-31-18-198,1726236875,clickhouse,24.8.4.13,,join,J1_1e7_NA_5_0,1726250524.62591,start,,,c6id.metal
ip-172-31-18-198,1726236875,clickhouse,24.8.4.13,,join,J1_1e7_NA_5_0,1726250677.13161,finish,0,0,c6id.metal
ip-172-31-18-198,1726236875,clickhouse,24.8.4.13,,join,J1_1e7_NA_0_1,1726250692.14686,start,,,c6id.metal
ip-172-31-18-198,1726236875,clickhouse,24.8.4.13,,join,J1_1e7_NA_0_1,1726250843.87663,finish,0,0,c6id.metal
ip-172-31-18-198,1726236875,polars,1.7.1,,groupby,G1_1e7_1e2_0_0,1726250858.89174,start,,,c6id.metal
ip-172-31-18-198,1726236875,polars,1.7.1,,groupby,G1_1e7_1e2_0_0,1726250860.19774,finish,9,1,c6id.metal
ip-172-31-18-198,1726236875,polars,1.7.1,,groupby,G1_1e7_1e1_0_0,1726250875.21285,start,,,c6id.metal
ip-172-31-18-198,1726236875,polars,1.7.1,,groupby,G1_1e7_1e1_0_0,1726250876.67439,finish,9,1,c6id.metal
ip-172-31-18-198,1726236875,polars,1.7.1,,groupby,G1_1e8_1e2_0_0,1726250891.68968,start,,,c6id.metal
ip-172-31-18-198,1726236875,polars,1.7.1,,groupby,G1_1e8_1e2_0_0,1726250905.95046,finish,9,1,c6id.metal
ip-172-31-18-198,1726236875,polars,1.7.1,,groupby,G1_1e8_1e2_5_0,1726250920.96571,start,,,c6id.metal
ip-172-31-18-198,1726236875,polars,1.7.1,,groupby,G1_1e8_1e2_5_0,1726250935.5002,finish,9,1,c6id.metal
ip-172-31-18-198,1726236875,polars,1.7.1,,join,J1_1e7_NA_0_0,1726250950.51547,start,,,c6id.metal
ip-172-31-18-198,1726236875,polars,1.7.1,,join,J1_1e7_NA_0_0,1726250958.04141,finish,11,1,c6id.metal
ip-172-31-18-198,1726236875,polars,1.7.1,,join,J1_1e7_NA_5_0,1726250973.05668,start,,,c6id.metal
ip-172-31-18-198,1726236875,polars,1.7.1,,join,J1_1e7_NA_5_0,1726250981.03454,finish,11,1,c6id.metal
ip-172-31-18-198,1726236875,polars,1.7.1,,join,J1_1e7_NA_0_1,1726250996.04981,start,,,c6id.metal
ip-172-31-18-198,1726236875,polars,1.7.1,,join,J1_1e7_NA_0_1,1726251003.78969,finish,11,1,c6id.metal
ip-172-31-18-198,1726236875,R-arrow,17.0.0.1,,groupby,G1_1e7_1e2_0_0,1726251018.80499,start,,,c6id.metal
ip-172-31-18-198,1726236875,R-arrow,17.0.0.1,,groupby,G1_1e7_1e2_0_0,1726251040.87513,finish,3,0,c6id.metal
ip-172-31-18-198,1726236875,R-arrow,17.0.0.1,,groupby,G1_1e7_1e1_0_0,1726251055.8904,start,,,c6id.metal
ip-172-31-18-198,1726236875,R-arrow,17.0.0.1,,groupby,G1_1e7_1e1_0_0,1726251065.36445,finish,3,0,c6id.metal
ip-172-31-18-198,1726236875,R-arrow,17.0.0.1,,groupby,G1_1e8_1e2_0_0,1726251080.3797,start,,,c6id.metal
ip-172-31-18-198,1726236875,R-arrow,17.0.0.1,,groupby,G1_1e8_1e2_0_0,1726251148.33233,finish,3,0,c6id.metal
ip-172-31-18-198,1726236875,R-arrow,17.0.0.1,,groupby,G1_1e8_1e2_5_0,1726251163.34761,start,,,c6id.metal
ip-172-31-18-198,1726236875,R-arrow,17.0.0.1,,groupby,G1_1e8_1e2_5_0,1726251226.75031,finish,3,0,c6id.metal
ip-172-31-18-198,1726236875,R-arrow,17.0.0.1,,join,J1_1e7_NA_0_0,1726251241.76538,start,,,c6id.metal
ip-172-31-18-198,1726236875,R-arrow,17.0.0.1,,join,J1_1e7_NA_0_0,1726251286.40304,finish,0,0,c6id.metal
ip-172-31-18-198,1726236875,R-arrow,17.0.0.1,,join,J1_1e7_NA_5_0,1726251301.41828,start,,,c6id.metal
ip-172-31-18-198,1726236875,R-arrow,17.0.0.1,,join,J1_1e7_NA_5_0,1726251346.29266,finish,0,0,c6id.metal
ip-172-31-18-198,1726236875,R-arrow,17.0.0.1,,join,J1_1e7_NA_0_1,1726251361.30793,start,,,c6id.metal
ip-172-31-18-198,1726236875,R-arrow,17.0.0.1,,join,J1_1e7_NA_0_1,1726251412.5591,finish,0,0,c6id.metal
ip-172-31-18-198,1726236875,duckdb,1.0.99.9000,fa5c2fe15f,groupby,G1_1e7_1e2_0_0,1726251427.57435,start,,,c6id.metal
ip-172-31-18-198,1726236875,duckdb,1.0.99.9000,fa5c2fe15f,groupby,G1_1e7_1e2_0_0,1726251431.7412,finish,2,0,c6id.metal
ip-172-31-18-198,1726236875,duckdb,1.0.99.9000,fa5c2fe15f,groupby,G1_1e7_1e1_0_0,1726251446.75647,start,,,c6id.metal
ip-172-31-18-198,1726236875,duckdb,1.0.99.9000,fa5c2fe15f,groupby,G1_1e7_1e1_0_0,1726251451.50075,finish,2,0,c6id.metal
ip-172-31-18-198,1726236875,duckdb,1.0.99.9000,fa5c2fe15f,groupby,G1_1e8_1e2_0_0,1726251466.51606,start,,,c6id.metal
ip-172-31-18-198,1726236875,duckdb,1.0.99.9000,fa5c2fe15f,groupby,G1_1e8_1e2_0_0,1726251488.54777,finish,2,0,c6id.metal
ip-172-31-18-198,1726236875,duckdb,1.0.99.9000,fa5c2fe15f,groupby,G1_1e8_1e2_5_0,1726251503.5629,start,,,c6id.metal
ip-172-31-18-198,1726236875,duckdb,1.0.99.9000,fa5c2fe15f,groupby,G1_1e8_1e2_5_0,1726251519.93369,finish,2,0,c6id.metal
ip-172-31-18-198,1726236875,duckdb,1.0.99.9000,fa5c2fe15f,join,J1_1e7_NA_0_0,1726251534.94898,start,,,c6id.metal
ip-172-31-18-198,1726236875,duckdb,1.0.99.9000,fa5c2fe15f,join,J1_1e7_NA_0_0,1726251539.8288,finish,0,0,c6id.metal
ip-172-31-18-198,1726236875,duckdb,1.0.99.9000,fa5c2fe15f,join,J1_1e7_NA_5_0,1726251554.8441,start,,,c6id.metal
ip-172-31-18-198,1726236875,duckdb,1.0.99.9000,fa5c2fe15f,join,J1_1e7_NA_5_0,1726251558.6636,finish,0,0,c6id.metal
ip-172-31-18-198,1726236875,duckdb,1.0.99.9000,fa5c2fe15f,join,J1_1e7_NA_0_1,1726251573.67868,start,,,c6id.metal
ip-172-31-18-198,1726236875,duckdb,1.0.99.9000,fa5c2fe15f,join,J1_1e7_NA_0_1,1726251578.12282,finish,0,0,c6id.metal
ip-172-31-18-198,1726236875,datafusion,40.1.0,,groupby,G1_1e7_1e2_0_0,1726251593.1381,start,,,c6id.metal
ip-172-31-18-198,1726236875,datafusion,40.1.0,,groupby,G1_1e7_1e2_0_0,1726251596.58353,finish,0,0,c6id.metal
ip-172-31-18-198,1726236875,datafusion,40.1.0,,groupby,G1_1e7_1e1_0_0,1726251611.5988,start,,,c6id.metal
ip-172-31-18-198,1726236875,datafusion,40.1.0,,groupby,G1_1e7_1e1_0_0,1726251615.65668,finish,0,0,c6id.metal
ip-172-31-18-198,1726236875,datafusion,40.1.0,,groupby,G1_1e8_1e2_0_0,1726251630.67203,start,,,c6id.metal
ip-172-31-18-198,1726236875,datafusion,40.1.0,,groupby,G1_1e8_1e2_0_0,1726251657.56446,finish,0,0,c6id.metal
ip-172-31-18-198,1726236875,datafusion,40.1.0,,groupby,G1_1e8_1e2_5_0,1726251672.57973,start,,,c6id.metal
ip-172-31-18-198,1726236875,datafusion,40.1.0,,groupby,G1_1e8_1e2_5_0,1726251701.64293,finish,0,0,c6id.metal
ip-172-31-18-198,1726236875,datafusion,40.1.0,,join,J1_1e7_NA_0_0,1726251716.65802,start,,,c6id.metal
ip-172-31-18-198,1726236875,datafusion,40.1.0,,join,J1_1e7_NA_0_0,1726251720.49615,finish,0,0,c6id.metal
ip-172-31-18-198,1726236875,datafusion,40.1.0,,join,J1_1e7_NA_5_0,1726251735.51141,start,,,c6id.metal
ip-172-31-18-198,1726236875,datafusion,40.1.0,,join,J1_1e7_NA_5_0,1726251739.35523,finish,0,0,c6id.metal
ip-172-31-18-198,1726236875,datafusion,40.1.0,,join,J1_1e7_NA_0_1,1726251754.37031,start,,,c6id.metal
ip-172-31-18-198,1726236875,datafusion,40.1.0,,join,J1_1e7_NA_0_1,1726251757.91302,finish,0,0,c6id.metal
ip-172-31-18-198,1726259623,collapse,2.0.16,,groupby,G1_1e9_1e2_0_0,1726259626.69438,start,,,c6id.metal
ip-172-31-18-198,1726259623,collapse,2.0.16,,groupby,G1_1e9_1e2_0_0,1726261731.54319,finish,0,0,c6id.metal
ip-172-31-18-198,1726259623,collapse,2.0.16,,groupby,G1_1e9_1e1_0_0,1726261746.55846,start,,,c6id.metal
ip-172-31-18-198,1726259623,collapse,2.0.16,,groupby,G1_1e9_1e1_0_0,1726265366.57266,finish,1,0,c6id.metal
ip-172-31-18-198,1726259623,collapse,2.0.16,,groupby,G1_1e9_2e0_0_0,1726265381.58797,start,,,c6id.metal
ip-172-31-18-198,1726259623,collapse,2.0.16,,groupby,G1_1e9_2e0_0_0,1726269001.59219,finish,1,0,c6id.metal
ip-172-31-18-198,1726259623,collapse,2.0.16,,groupby,G1_1e9_1e2_0_1,1726269016.60748,start,,,c6id.metal
ip-172-31-18-198,1726259623,collapse,2.0.16,,groupby,G1_1e9_1e2_0_1,1726270710.03059,finish,0,0,c6id.metal
ip-172-31-18-198,1726259623,collapse,2.0.16,,groupby,G1_1e9_1e2_5_0,1726270725.04585,start,,,c6id.metal
ip-172-31-18-198,1726259623,collapse,2.0.16,,groupby,G1_1e9_1e2_5_0,1726272868.12046,finish,0,0,c6id.metal
ip-172-31-18-198,1726259623,collapse,2.0.16,,join,J1_1e9_NA_0_0,1726272883.13577,start,,,c6id.metal
ip-172-31-18-198,1726259623,collapse,2.0.16,,join,J1_1e9_NA_0_0,1726272883.58836,finish,4,1,c6id.metal
ip-172-31-18-198,1726259623,data.table,1.16.99,4d42cdc4f73084390eccc589e726519556c1f8a1,groupby,G1_1e9_1e2_0_0,1726272898.60361,start,,,c6id.metal
ip-172-31-18-198,1726259623,data.table,1.16.99,4d42cdc4f73084390eccc589e726519556c1f8a1,groupby,G1_1e9_1e2_0_0,1726274834.04691,finish,0,0,c6id.metal
ip-172-31-18-198,1726259623,data.table,1.16.99,4d42cdc4f73084390eccc589e726519556c1f8a1,groupby,G1_1e9_1e1_0_0,1726274849.06217,start,,,c6id.metal
ip-172-31-18-198,1726259623,data.table,1.16.99,4d42cdc4f73084390eccc589e726519556c1f8a1,groupby,G1_1e9_1e1_0_0,1726278469.06637,finish,4,0,c6id.metal
ip-172-31-18-198,1726259623,data.table,1.16.99,4d42cdc4f73084390eccc589e726519556c1f8a1,groupby,G1_1e9_2e0_0_0,1726278484.08174,start,,,c6id.metal
ip-172-31-18-198,1726259623,data.table,1.16.99,4d42cdc4f73084390eccc589e726519556c1f8a1,groupby,G1_1e9_2e0_0_0,1726282104.08727,finish,1,0,c6id.metal
ip-172-31-18-198,1726259623,data.table,1.16.99,4d42cdc4f73084390eccc589e726519556c1f8a1,groupby,G1_1e9_1e2_0_1,1726282119.10262,start,,,c6id.metal
ip-172-31-18-198,1726259623,data.table,1.16.99,4d42cdc4f73084390eccc589e726519556c1f8a1,groupby,G1_1e9_1e2_0_1,1726283768.95296,finish,0,0,c6id.metal
ip-172-31-18-198,1726259623,data.table,1.16.99,4d42cdc4f73084390eccc589e726519556c1f8a1,groupby,G1_1e9_1e2_5_0,1726283783.96822,start,,,c6id.metal
ip-172-31-18-198,1726259623,data.table,1.16.99,4d42cdc4f73084390eccc589e726519556c1f8a1,groupby,G1_1e9_1e2_5_0,1726285713.86729,finish,0,0,c6id.metal
ip-172-31-18-198,1726259623,data.table,1.16.99,4d42cdc4f73084390eccc589e726519556c1f8a1,join,J1_1e9_NA_0_0,1726285728.88236,start,,,c6id.metal
ip-172-31-18-198,1726259623,data.table,1.16.99,4d42cdc4f73084390eccc589e726519556c1f8a1,join,J1_1e9_NA_0_0,1726285729.36785,finish,4,1,c6id.metal
ip-172-31-18-198,1726259623,dplyr,1.1.4,,groupby,G1_1e9_1e2_0_0,1726285744.38063,start,,,c6id.metal
ip-172-31-18-198,1726259623,dplyr,1.1.4,,groupby,G1_1e9_1e2_0_0,1726289364.38678,finish,13,1,c6id.metal
ip-172-31-18-198,1726259623,dplyr,1.1.4,,groupby,G1_1e9_1e1_0_0,1726289379.40211,start,,,c6id.metal
ip-172-31-18-198,1726259623,dplyr,1.1.4,,groupby,G1_1e9_1e1_0_0,1726292985.64927,finish,8,1,c6id.metal
ip-172-31-18-198,1726259623,dplyr,1.1.4,,groupby,G1_1e9_2e0_0_0,1726293000.66463,start,,,c6id.metal
ip-172-31-18-198,1726259623,dplyr,1.1.4,,groupby,G1_1e9_2e0_0_0,1726296612.56375,finish,8,1,c6id.metal
ip-172-31-18-198,1726259623,dplyr,1.1.4,,groupby,G1_1e9_1e2_0_1,1726296627.57905,start,,,c6id.metal
ip-172-31-18-198,1726259623,dplyr,1.1.4,,groupby,G1_1e9_1e2_0_1,1726300247.48113,finish,16,1,c6id.metal
ip-172-31-18-198,1726259623,dplyr,1.1.4,,groupby,G1_1e9_1e2_5_0,1726300262.49636,start,,,c6id.metal
ip-172-31-18-198,1726259623,dplyr,1.1.4,,groupby,G1_1e9_1e2_5_0,1726303882.50085,finish,16,1,c6id.metal
ip-172-31-18-198,1726259623,dplyr,1.1.4,,join,J1_1e9_NA_0_0,1726303897.5161,start,,,c6id.metal
ip-172-31-18-198,1726259623,dplyr,1.1.4,,join,J1_1e9_NA_0_0,1726303898.25829,finish,4,1,c6id.metal
ip-172-31-18-198,1726259623,pandas,2.2.2,d9cdd2ee5a58015ef6f4d15c7226110c9aab8140,groupby,G1_1e9_1e2_0_0,1726303913.27352,start,,,c6id.metal
ip-172-31-18-198,1726259623,pandas,2.2.2,d9cdd2ee5a58015ef6f4d15c7226110c9aab8140,groupby,G1_1e9_1e2_0_0,1726307533.27997,finish,5,1,c6id.metal
ip-172-31-18-198,1726259623,pandas,2.2.2,d9cdd2ee5a58015ef6f4d15c7226110c9aab8140,groupby,G1_1e9_1e1_0_0,1726307548.29531,start,,,c6id.metal
ip-172-31-18-198,1726259623,pandas,2.2.2,d9cdd2ee5a58015ef6f4d15c7226110c9aab8140,groupby,G1_1e9_1e1_0_0,1726311168.30199,finish,1,1,c6id.metal
ip-172-31-18-198,1726259623,pandas,2.2.2,d9cdd2ee5a58015ef6f4d15c7226110c9aab8140,groupby,G1_1e9_2e0_0_0,1726311183.31728,start,,,c6id.metal
ip-172-31-18-198,1726259623,pandas,2.2.2,d9cdd2ee5a58015ef6f4d15c7226110c9aab8140,groupby,G1_1e9_2e0_0_0,1726314803.32287,finish,44,1,c6id.metal
ip-172-31-18-198,1726259623,pandas,2.2.2,d9cdd2ee5a58015ef6f4d15c7226110c9aab8140,groupby,G1_1e9_1e2_0_1,1726314818.33813,start,,,c6id.metal
ip-172-31-18-198,1726259623,pandas,2.2.2,d9cdd2ee5a58015ef6f4d15c7226110c9aab8140,groupby,G1_1e9_1e2_0_1,1726318438.34191,finish,5,1,c6id.metal
ip-172-31-18-198,1726259623,pandas,2.2.2,d9cdd2ee5a58015ef6f4d15c7226110c9aab8140,groupby,G1_1e9_1e2_5_0,1726318453.35717,start,,,c6id.metal
ip-172-31-18-198,1726259623,pandas,2.2.2,d9cdd2ee5a58015ef6f4d15c7226110c9aab8140,groupby,G1_1e9_1e2_5_0,1726318453.83508,finish,1,0,c6id.metal
ip-172-31-18-198,1726259623,pandas,2.2.2,d9cdd2ee5a58015ef6f4d15c7226110c9aab8140,join,J1_1e9_NA_0_0,1726318468.85031,start,,,c6id.metal
ip-172-31-18-198,1726259623,pandas,2.2.2,d9cdd2ee5a58015ef6f4d15c7226110c9aab8140,join,J1_1e9_NA_0_0,1726318469.31398,finish,20,1,c6id.metal
ip-172-31-18-198,1726259623,pydatatable,1.2.0a0,b1a87103c55433dc2069df28a460f3ad15450025,groupby,G1_1e9_1e2_0_0,1726318484.32922,start,,,c6id.metal
ip-172-31-18-198,1726259623,pydatatable,1.2.0a0,b1a87103c55433dc2069df28a460f3ad15450025,groupby,G1_1e9_1e2_0_0,1726322093.63009,finish,6,1,c6id.metal
ip-172-31-18-198,1726259623,pydatatable,1.2.0a0,b1a87103c55433dc2069df28a460f3ad15450025,groupby,G1_1e9_1e1_0_0,1726322108.64572,start,,,c6id.metal
ip-172-31-18-198,1726259623,pydatatable,1.2.0a0,b1a87103c55433dc2069df28a460f3ad15450025,groupby,G1_1e9_1e1_0_0,1726325716.06264,finish,6,1,c6id.metal
ip-172-31-18-198,1726259623,pydatatable,1.2.0a0,b1a87103c55433dc2069df28a460f3ad15450025,groupby,G1_1e9_2e0_0_0,1726325731.07796,start,,,c6id.metal
ip-172-31-18-198,1726259623,pydatatable,1.2.0a0,b1a87103c55433dc2069df28a460f3ad15450025,groupby,G1_1e9_2e0_0_0,1726329337.80766,finish,6,1,c6id.metal
ip-172-31-18-198,1726259623,pydatatable,1.2.0a0,b1a87103c55433dc2069df28a460f3ad15450025,groupby,G1_1e9_1e2_0_1,1726329352.82298,start,,,c6id.metal
ip-172-31-18-198,1726259623,pydatatable,1.2.0a0,b1a87103c55433dc2069df28a460f3ad15450025,groupby,G1_1e9_1e2_0_1,1726332960.67185,finish,6,1,c6id.metal
ip-172-31-18-198,1726259623,pydatatable,1.2.0a0,b1a87103c55433dc2069df28a460f3ad15450025,groupby,G1_1e9_1e2_5_0,1726332975.68713,start,,,c6id.metal
ip-172-31-18-198,1726259623,pydatatable,1.2.0a0,b1a87103c55433dc2069df28a460f3ad15450025,groupby,G1_1e9_1e2_5_0,1726332976.18372,finish,1,0,c6id.metal
ip-172-31-18-198,1726259623,pydatatable,1.2.0a0,b1a87103c55433dc2069df28a460f3ad15450025,join,J1_1e9_NA_0_0,1726332991.19895,start,,,c6id.metal
ip-172-31-18-198,1726259623,pydatatable,1.2.0a0,b1a87103c55433dc2069df28a460f3ad15450025,join,J1_1e9_NA_0_0,1726332991.41823,finish,7,1,c6id.metal
ip-172-31-18-198,1726259623,spark,3.5.2,,groupby,G1_1e9_1e2_0_0,1726333006.43348,start,,,c6id.metal
ip-172-31-18-198,1726259623,spark,3.5.2,,groupby,G1_1e9_1e2_0_0,1726334650.46217,finish,3,0,c6id.metal
ip-172-31-18-198,1726259623,spark,3.5.2,,groupby,G1_1e9_1e1_0_0,1726334665.47732,start,,,c6id.metal
ip-172-31-18-198,1726259623,spark,3.5.2,,groupby,G1_1e9_1e1_0_0,1726336904.16914,finish,3,0,c6id.metal
ip-172-31-18-198,1726259623,spark,3.5.2,,groupby,G1_1e9_2e0_0_0,1726336919.18447,start,,,c6id.metal
ip-172-31-18-198,1726259623,spark,3.5.2,,groupby,G1_1e9_2e0_0_0,1726338515.12675,finish,3,0,c6id.metal
ip-172-31-18-198,1726259623,spark,3.5.2,,groupby,G1_1e9_1e2_0_1,1726338530.14197,start,,,c6id.metal
ip-172-31-18-198,1726259623,spark,3.5.2,,groupby,G1_1e9_1e2_0_1,1726340054.85546,finish,820,1,c6id.metal
ip-172-31-18-198,1726259623,spark,3.5.2,,groupby,G1_1e9_1e2_5_0,1726340069.87048,start,,,c6id.metal
ip-172-31-18-198,1726259623,spark,3.5.2,,groupby,G1_1e9_1e2_5_0,1726341924.1826,finish,3,0,c6id.metal
ip-172-31-18-198,1726259623,spark,3.5.2,,join,J1_1e9_NA_0_0,1726341939.19771,start,,,c6id.metal
ip-172-31-18-198,1726259623,spark,3.5.2,,join,J1_1e9_NA_0_0,1726341945.09673,finish,16,1,c6id.metal
ip-172-31-18-198,1726259623,dask,2024.8.2,80b0737c9ad5848fa779efb8f841b9fa35c8ff36,groupby,G1_1e9_1e2_0_0,1726341960.11204,start,,,c6id.metal
ip-172-31-18-198,1726259623,dask,2024.8.2,80b0737c9ad5848fa779efb8f841b9fa35c8ff36,groupby,G1_1e9_1e2_0_0,1726342827.8163,finish,1451553,1,c6id.metal
ip-172-31-18-198,1726259623,dask,2024.8.2,80b0737c9ad5848fa779efb8f841b9fa35c8ff36,groupby,G1_1e9_1e1_0_0,1726342842.83157,start,,,c6id.metal
ip-172-31-18-198,1726259623,dask,2024.8.2,80b0737c9ad5848fa779efb8f841b9fa35c8ff36,groupby,G1_1e9_1e1_0_0,1726343797.82861,finish,3072024,1,c6id.metal
ip-172-31-18-198,1726259623,dask,2024.8.2,80b0737c9ad5848fa779efb8f841b9fa35c8ff36,groupby,G1_1e9_2e0_0_0,1726343812.84372,start,,,c6id.metal
ip-172-31-18-198,1726259623,dask,2024.8.2,80b0737c9ad5848fa779efb8f841b9fa35c8ff36,groupby,G1_1e9_2e0_0_0,1726344770.88851,finish,2904615,1,c6id.metal
ip-172-31-18-198,1726259623,dask,2024.8.2,80b0737c9ad5848fa779efb8f841b9fa35c8ff36,groupby,G1_1e9_1e2_0_1,1726344785.90377,start,,,c6id.metal
ip-172-31-18-198,1726259623,dask,2024.8.2,80b0737c9ad5848fa779efb8f841b9fa35c8ff36,groupby,G1_1e9_1e2_0_1,1726345684.30731,finish,3345471,1,c6id.metal
ip-172-31-18-198,1726259623,dask,2024.8.2,80b0737c9ad5848fa779efb8f841b9fa35c8ff36,groupby,G1_1e9_1e2_5_0,1726345699.32254,start,,,c6id.metal
ip-172-31-18-198,1726259623,dask,2024.8.2,80b0737c9ad5848fa779efb8f841b9fa35c8ff36,groupby,G1_1e9_1e2_5_0,1726345701.34069,finish,1,0,c6id.metal
ip-172-31-18-198,1726259623,dask,2024.8.2,80b0737c9ad5848fa779efb8f841b9fa35c8ff36,join,J1_1e9_NA_0_0,1726345716.35601,start,,,c6id.metal
ip-172-31-18-198,1726259623,dask,2024.8.2,80b0737c9ad5848fa779efb8f841b9fa35c8ff36,join,J1_1e9_NA_0_0,1726345717.10284,finish,58,1,c6id.metal
ip-172-31-18-198,1726259623,clickhouse,24.8.4.13,,groupby,G1_1e9_1e2_0_0,1726345732.11814,start,,,c6id.metal
ip-172-31-18-198,1726259623,clickhouse,24.8.4.13,,groupby,G1_1e9_1e2_0_0,1726346120.4297,finish,0,0,c6id.metal
ip-172-31-18-198,1726259623,clickhouse,24.8.4.13,,groupby,G1_1e9_1e1_0_0,1726346135.44501,start,,,c6id.metal
ip-172-31-18-198,1726259623,clickhouse,24.8.4.13,,groupby,G1_1e9_1e1_0_0,1726346539.88127,finish,0,0,c6id.metal
ip-172-31-18-198,1726259623,clickhouse,24.8.4.13,,groupby,G1_1e9_2e0_0_0,1726346554.89641,start,,,c6id.metal
ip-172-31-18-198,1726259623,clickhouse,24.8.4.13,,groupby,G1_1e9_2e0_0_0,1726346976.73581,finish,0,0,c6id.metal
ip-172-31-18-198,1726259623,clickhouse,24.8.4.13,,groupby,G1_1e9_1e2_0_1,1726346991.75112,start,,,c6id.metal
ip-172-31-18-198,1726259623,clickhouse,24.8.4.13,,groupby,G1_1e9_1e2_0_1,1726347409.88243,finish,0,0,c6id.metal
ip-172-31-18-198,1726259623,clickhouse,24.8.4.13,,groupby,G1_1e9_1e2_5_0,1726347424.89768,start,,,c6id.metal
ip-172-31-18-198,1726259623,clickhouse,24.8.4.13,,groupby,G1_1e9_1e2_5_0,1726347858.31409,finish,0,0,c6id.metal
ip-172-31-18-198,1726259623,clickhouse,24.8.4.13,,join,J1_1e9_NA_0_0,1726347873.32932,start,,,c6id.metal
ip-172-31-18-198,1726259623,clickhouse,24.8.4.13,,join,J1_1e9_NA_0_0,1726347874.92065,finish,3,108,c6id.metal
ip-172-31-18-198,1726259623,polars,1.7.1,,groupby,G1_1e9_1e2_0_0,1726347889.93583,start,,,c6id.metal
ip-172-31-18-198,1726259623,polars,1.7.1,,groupby,G1_1e9_1e2_0_0,1726348167.04747,finish,9,1,c6id.metal
ip-172-31-18-198,1726259623,polars,1.7.1,,groupby,G1_1e9_1e1_0_0,1726348182.06264,start,,,c6id.metal
ip-172-31-18-198,1726259623,polars,1.7.1,,groupby,G1_1e9_1e1_0_0,1726348489.25418,finish,9,1,c6id.metal
ip-172-31-18-198,1726259623,polars,1.7.1,,groupby,G1_1e9_2e0_0_0,1726348504.26933,start,,,c6id.metal
ip-172-31-18-198,1726259623,polars,1.7.1,,groupby,G1_1e9_2e0_0_0,1726348953.12079,finish,9,1,c6id.metal
ip-172-31-18-198,1726259623,polars,1.7.1,,groupby,G1_1e9_1e2_0_1,1726348968.13594,start,,,c6id.metal
ip-172-31-18-198,1726259623,polars,1.7.1,,groupby,G1_1e9_1e2_0_1,1726349248.56923,finish,9,1,c6id.metal
ip-172-31-18-198,1726259623,polars,1.7.1,,groupby,G1_1e9_1e2_5_0,1726349263.58455,start,,,c6id.metal
ip-172-31-18-198,1726259623,polars,1.7.1,,groupby,G1_1e9_1e2_5_0,1726349548.39283,finish,9,1,c6id.metal
ip-172-31-18-198,1726259623,polars,1.7.1,,join,J1_1e9_NA_0_0,1726349563.40814,start,,,c6id.metal
ip-172-31-18-198,1726259623,polars,1.7.1,,join,J1_1e9_NA_0_0,1726349563.65579,finish,20,1,c6id.metal
ip-172-31-18-198,1726259623,R-arrow,17.0.0.1,,groupby,G1_1e9_1e2_0_0,1726349578.67113,start,,,c6id.metal
ip-172-31-18-198,1726259623,R-arrow,17.0.0.1,,groupby,G1_1e9_1e2_0_0,1726350241.40033,finish,3,0,c6id.metal
ip-172-31-18-198,1726259623,R-arrow,17.0.0.1,,groupby,G1_1e9_1e1_0_0,1726350256.41546,start,,,c6id.metal
ip-172-31-18-198,1726259623,R-arrow,17.0.0.1,,groupby,G1_1e9_1e1_0_0,1726351636.87384,finish,3,0,c6id.metal
ip-172-31-18-198,1726259623,R-arrow,17.0.0.1,,groupby,G1_1e9_2e0_0_0,1726351651.88916,start,,,c6id.metal
ip-172-31-18-198,1726259623,R-arrow,17.0.0.1,,groupby,G1_1e9_2e0_0_0,1726351768.82184,finish,16,1,c6id.metal
ip-172-31-18-198,1726259623,R-arrow,17.0.0.1,,groupby,G1_1e9_1e2_0_1,1726351783.83717,start,,,c6id.metal
ip-172-31-18-198,1726259623,R-arrow,17.0.0.1,,groupby,G1_1e9_1e2_0_1,1726352440.61881,finish,3,0,c6id.metal
ip-172-31-18-198,1726259623,R-arrow,17.0.0.1,,groupby,G1_1e9_1e2_5_0,1726352455.61924,start,,,c6id.metal
ip-172-31-18-198,1726259623,R-arrow,17.0.0.1,,groupby,G1_1e9_1e2_5_0,1726353099.72327,finish,3,0,c6id.metal
ip-172-31-18-198,1726259623,R-arrow,17.0.0.1,,join,J1_1e9_NA_0_0,1726353114.7386,start,,,c6id.metal
ip-172-31-18-198,1726259623,R-arrow,17.0.0.1,,join,J1_1e9_NA_0_0,1726353115.7264,finish,2,1,c6id.metal
ip-172-31-18-198,1726259623,duckdb,1.0.99.9000,fa5c2fe15f,groupby,G1_1e9_1e2_0_0,1726353130.74167,start,,,c6id.metal
ip-172-31-18-198,1726259623,duckdb,1.0.99.9000,fa5c2fe15f,groupby,G1_1e9_1e2_0_0,1726353366.04456,finish,2,0,c6id.metal
ip-172-31-18-198,1726259623,duckdb,1.0.99.9000,fa5c2fe15f,groupby,G1_1e9_1e1_0_0,1726353381.05976,start,,,c6id.metal
ip-172-31-18-198,1726259623,duckdb,1.0.99.9000,fa5c2fe15f,groupby,G1_1e9_1e1_0_0,1726353665.97237,finish,2,0,c6id.metal
ip-172-31-18-198,1726259623,duckdb,1.0.99.9000,fa5c2fe15f,groupby,G1_1e9_2e0_0_0,1726353680.98771,start,,,c6id.metal
ip-172-31-18-198,1726259623,duckdb,1.0.99.9000,fa5c2fe15f,groupby,G1_1e9_2e0_0_0,1726353939.77558,finish,2,0,c6id.metal
ip-172-31-18-198,1726259623,duckdb,1.0.99.9000,fa5c2fe15f,groupby,G1_1e9_1e2_0_1,1726353954.79078,start,,,c6id.metal
ip-172-31-18-198,1726259623,duckdb,1.0.99.9000,fa5c2fe15f,groupby,G1_1e9_1e2_0_1,1726354180.39018,finish,2,0,c6id.metal
ip-172-31-18-198,1726259623,duckdb,1.0.99.9000,fa5c2fe15f,groupby,G1_1e9_1e2_5_0,1726354195.40551,start,,,c6id.metal
ip-172-31-18-198,1726259623,duckdb,1.0.99.9000,fa5c2fe15f,groupby,G1_1e9_1e2_5_0,1726354345.54986,finish,2,0,c6id.metal
ip-172-31-18-198,1726259623,duckdb,1.0.99.9000,fa5c2fe15f,join,J1_1e9_NA_0_0,1726354360.56519,start,,,c6id.metal
ip-172-31-18-198,1726259623,duckdb,1.0.99.9000,fa5c2fe15f,join,J1_1e9_NA_0_0,1726354361.05482,finish,5,1,c6id.metal
ip-172-31-18-198,1726259623,datafusion,40.1.0,,groupby,G1_1e9_1e2_0_0,1726354376.07002,start,,,c6id.metal
ip-172-31-18-198,1726259623,datafusion,40.1.0,,groupby,G1_1e9_1e2_0_0,1726354565.5088,finish,0,15,c6id.metal
ip-172-31-18-198,1726389042,datafusion,40.1.0,,groupby,G1_1e9_1e2_0_0,1726389043.878,start,,,c6id.metal
ip-172-31-18-198,1726389042,datafusion,40.1.0,,groupby,G1_1e9_1e2_0_0,1726389228.41996,finish,0,15,c6id.metal
ip-172-31-18-198,1726414426,duckdb,1.0.99.9000,fa5c2fe15f,join,J1_1e9_NA_0_0,1726414428.83264,start,,,c6id.metal
ip-172-31-18-198,1726414426,duckdb,1.0.99.9000,fa5c2fe15f,join,J1_1e9_NA_0_0,1726414429.32759,finish,5,1,c6id.metal
ip-172-31-18-198,1726414633,duckdb,1.0.99.9000,fa5c2fe15f,join,J1_1e9_NA_0_0,1726414633.93485,start,,,c6id.metal
ip-172-31-18-198,1726414633,duckdb,1.0.99.9000,fa5c2fe15f,join,J1_1e9_NA_0_0,1726415429.08709,finish,0,0,c6id.metal
ip-172-31-18-198,1726465804,spark,3.5.2,,join,J1_1e9_NA_0_0,1726465805.58303,start,,,c6id.metal
ip-172-31-18-198,1726465804,spark,3.5.2,,join,J1_1e9_NA_0_0,1726467480.9773,finish,12043,1,c6id.metal
ip-172-31-18-198,1726465804,clickhouse,24.8.4.13,,join,J1_1e9_NA_0_0,1726467495.99245,start,,,c6id.metal
ip-172-31-18-198,1726465804,clickhouse,24.8.4.13,,join,J1_1e9_NA_0_0,1726469529.96391,finish,0,0,c6id.metal
ip-172-31-18-198,1726465804,polars,1.7.1,,join,J1_1e9_NA_0_0,1726469544.97911,start,,,c6id.metal
ip-172-31-18-198,1726465804,polars,1.7.1,,join,J1_1e9_NA_0_0,1726471224.30116,finish,11,1,c6id.metal
ip-172-31-18-198,1726465804,datafusion,40.1.0,,join,J1_1e9_NA_0_0,1726471239.31638,start,,,c6id.metal
ip-172-31-18-198,1726465804,datafusion,40.1.0,,join,J1_1e9_NA_0_0,1726471325.00708,finish,0,15,c6id.metal
ip-172-31-18-198,1726474785,duckdb,1.0.99.9000,fa5c2fe15f,groupby,G1_1e9_1e2_0_0,1726474785.88335,start,,,c6id.metal
ip-172-31-18-198,1726474785,duckdb,1.0.99.9000,fa5c2fe15f,groupby,G1_1e9_1e2_0_0,1726475023.84091,finish,2,0,c6id.metal
ip-172-31-18-198,1726474785,duckdb,1.0.99.9000,fa5c2fe15f,groupby,G1_1e9_1e1_0_0,1726475038.85618,start,,,c6id.metal
ip-172-31-18-198,1726474785,duckdb,1.0.99.9000,fa5c2fe15f,groupby,G1_1e9_1e1_0_0,1726475330.46174,finish,2,0,c6id.metal
ip-172-31-18-198,1726474785,duckdb,1.0.99.9000,fa5c2fe15f,groupby,G1_1e9_2e0_0_0,1726475345.47701,start,,,c6id.metal
ip-172-31-18-198,1726474785,duckdb,1.0.99.9000,fa5c2fe15f,groupby,G1_1e9_2e0_0_0,1726475607.35964,finish,2,0,c6id.metal
ip-172-31-18-198,1726474785,duckdb,1.0.99.9000,fa5c2fe15f,groupby,G1_1e9_1e2_0_1,1726475622.37486,start,,,c6id.metal
ip-172-31-18-198,1726474785,duckdb,1.0.99.9000,fa5c2fe15f,groupby,G1_1e9_1e2_0_1,1726475850.54142,finish,2,0,c6id.metal
ip-172-31-18-198,1726474785,duckdb,1.0.99.9000,fa5c2fe15f,groupby,G1_1e9_1e2_5_0,1726475865.55666,start,,,c6id.metal
ip-172-31-18-198,1726474785,duckdb,1.0.99.9000,fa5c2fe15f,groupby,G1_1e9_1e2_5_0,1726476013.14922,finish,2,0,c6id.metal
ip-172-31-18-198,1726510014,polars,1.7.1,,groupby,G1_1e7_1e2_0_0,1726510034.03772,start,,,c6id.metal
ip-172-31-18-198,1726510014,polars,1.7.1,,groupby,G1_1e7_1e2_0_0,1726510039.13244,finish,0,0,c6id.metal
ip-172-31-18-198,1726510014,polars,1.7.1,,groupby,G1_1e7_1e1_0_0,1726510054.14776,start,,,c6id.metal
ip-172-31-18-198,1726510014,polars,1.7.1,,groupby,G1_1e7_1e1_0_0,1726510062.52076,finish,0,0,c6id.metal
ip-172-31-18-198,1726510014,polars,1.7.1,,groupby,G1_1e7_2e0_0_0,1726510077.53603,start,,,c6id.metal
ip-172-31-18-198,1726510014,polars,1.7.1,,groupby,G1_1e7_2e0_0_0,1726510096.8712,finish,0,0,c6id.metal
ip-172-31-18-198,1726510014,polars,1.7.1,,groupby,G1_1e7_1e2_0_1,1726510111.88651,start,,,c6id.metal
ip-172-31-18-198,1726510014,polars,1.7.1,,groupby,G1_1e7_1e2_0_1,1726510116.96273,finish,0,0,c6id.metal
ip-172-31-18-198,1726510014,polars,1.7.1,,groupby,G1_1e7_1e2_5_0,1726510131.978,start,,,c6id.metal
ip-172-31-18-198,1726510014,polars,1.7.1,,groupby,G1_1e7_1e2_5_0,1726510138.1059,finish,0,0,c6id.metal
ip-172-31-18-198,1726510014,polars,1.7.1,,groupby,G1_1e8_1e2_0_0,1726510153.12104,start,,,c6id.metal
ip-172-31-18-198,1726510014,polars,1.7.1,,groupby,G1_1e8_1e2_0_0,1726510220.7265,finish,0,0,c6id.metal
ip-172-31-18-198,1726510014,polars,1.7.1,,groupby,G1_1e8_1e1_0_0,1726510235.74176,start,,,c6id.metal
ip-172-31-18-198,1726510014,polars,1.7.1,,groupby,G1_1e8_1e1_0_0,1726510329.87323,finish,0,0,c6id.metal
ip-172-31-18-198,1726510014,polars,1.7.1,,groupby,G1_1e8_2e0_0_0,1726510344.88858,start,,,c6id.metal
ip-172-31-18-198,1726510014,polars,1.7.1,,groupby,G1_1e8_2e0_0_0,1726510545.08027,finish,0,0,c6id.metal
ip-172-31-18-198,1726510014,polars,1.7.1,,groupby,G1_1e8_1e2_0_1,1726510560.09555,start,,,c6id.metal
ip-172-31-18-198,1726510014,polars,1.7.1,,groupby,G1_1e8_1e2_0_1,1726510613.6303,finish,0,0,c6id.metal
ip-172-31-18-198,1726510014,polars,1.7.1,,groupby,G1_1e8_1e2_5_0,1726510628.64541,start,,,c6id.metal
ip-172-31-18-198,1726510014,polars,1.7.1,,groupby,G1_1e8_1e2_5_0,1726510701.27814,finish,0,0,c6id.metal
ip-172-31-18-198,1726510014,polars,1.7.1,,groupby,G1_1e9_1e2_0_0,1726510716.2935,start,,,c6id.metal
ip-172-31-18-198,1726510014,polars,1.7.1,,groupby,G1_1e9_1e2_0_0,1726511534.7361,finish,0,0,c6id.metal
ip-172-31-18-198,1726510014,polars,1.7.1,,groupby,G1_1e9_1e1_0_0,1726511549.75141,start,,,c6id.metal
ip-172-31-18-198,1726510014,polars,1.7.1,,groupby,G1_1e9_1e1_0_0,1726512801.56974,finish,0,0,c6id.metal
ip-172-31-18-198,1726510014,polars,1.7.1,,groupby,G1_1e9_2e0_0_0,1726512816.58496,start,,,c6id.metal
ip-172-31-18-198,1726510014,polars,1.7.1,,groupby,G1_1e9_2e0_0_0,1726515104.13855,finish,0,0,c6id.metal
ip-172-31-18-198,1726510014,polars,1.7.1,,groupby,G1_1e9_1e2_0_1,1726515119.15363,start,,,c6id.metal
ip-172-31-18-198,1726510014,polars,1.7.1,,groupby,G1_1e9_1e2_0_1,1726515899.08067,finish,0,0,c6id.metal
ip-172-31-18-198,1726510014,polars,1.7.1,,groupby,G1_1e9_1e2_5_0,1726515914.09593,start,,,c6id.metal
ip-172-31-18-198,1726510014,polars,1.7.1,,groupby,G1_1e9_1e2_5_0,1726516901.97966,finish,0,0,c6id.metal
ip-172-31-18-198,1726510014,polars,1.7.1,,join,J1_1e7_NA_0_0,1726516916.99489,start,,,c6id.metal
ip-172-31-18-198,1726510014,polars,1.7.1,,join,J1_1e7_NA_0_0,1726516932.45343,finish,8,0,c6id.metal
ip-172-31-18-198,1726510014,polars,1.7.1,,join,J1_1e7_NA_5_0,1726516947.46872,start,,,c6id.metal
ip-172-31-18-198,1726510014,polars,1.7.1,,join,J1_1e7_NA_5_0,1726516963.07631,finish,8,0,c6id.metal
ip-172-31-18-198,1726510014,polars,1.7.1,,join,J1_1e7_NA_0_1,1726516978.09158,start,,,c6id.metal
ip-172-31-18-198,1726510014,polars,1.7.1,,join,J1_1e7_NA_0_1,1726516992.78703,finish,8,0,c6id.metal
ip-172-31-18-198,1726510014,polars,1.7.1,,join,J1_1e8_NA_0_0,1726517007.80232,start,,,c6id.metal
ip-172-31-18-198,1726510014,polars,1.7.1,,join,J1_1e8_NA_0_0,1726517205.99052,finish,8,0,c6id.metal
ip-172-31-18-198,1726510014,polars,1.7.1,,join,J1_1e8_NA_5_0,1726517221.00576,start,,,c6id.metal
ip-172-31-18-198,1726510014,polars,1.7.1,,join,J1_1e8_NA_5_0,1726517416.07868,finish,8,0,c6id.metal
ip-172-31-18-198,1726510014,polars,1.7.1,,join,J1_1e8_NA_0_1,1726517431.09395,start,,,c6id.metal
ip-172-31-18-198,1726510014,polars,1.7.1,,join,J1_1e8_NA_0_1,1726517627.89207,finish,8,0,c6id.metal
ip-172-31-18-198,1726510014,polars,1.7.1,,join,J1_1e9_NA_0_0,1726517642.90733,start,,,c6id.metal
ip-172-31-18-198,1726510014,polars,1.7.1,,join,J1_1e9_NA_0_0,1726519130.09247,finish,0,15,c6id.metal
ip-172-31-18-198,1726558956,collapse,2.0.16,,join,J1_1e8_NA_0_0,1726558980.98849,start,,,c6id.metal
ip-172-31-18-198,1726558956,collapse,2.0.16,,join,J1_1e8_NA_0_0,1726560227.48741,finish,0,0,c6id.metal
ip-172-31-18-198,1726558956,collapse,2.0.16,,join,J1_1e8_NA_5_0,1726560242.5027,start,,,c6id.metal
ip-172-31-18-198,1726558956,collapse,2.0.16,,join,J1_1e8_NA_5_0,1726561583.39346,finish,0,0,c6id.metal
ip-172-31-18-198,1726558956,collapse,2.0.16,,join,J1_1e8_NA_0_1,1726561598.40876,start,,,c6id.metal
ip-172-31-18-198,1726558956,collapse,2.0.16,,join,J1_1e8_NA_0_1,1726562766.1144,finish,0,0,c6id.metal
ip-172-31-18-198,1726558956,collapse,2.0.16,,join,J1_1e9_NA_0_0,1726562781.12963,start,,,c6id.metal
ip-172-31-18-198,1726558956,collapse,2.0.16,,join,J1_1e9_NA_0_0,1726562781.514,finish,4,1,c6id.metal
ip-172-31-18-198,1726558956,data.table,1.16.99,944340901d5b37cfdac43c9cc5b8695c5c12f5a0,join,J1_1e8_NA_0_0,1726562796.52921,start,,,c6id.metal
ip-172-31-18-198,1726558956,data.table,1.16.99,944340901d5b37cfdac43c9cc5b8695c5c12f5a0,join,J1_1e8_NA_0_0,1726564267.39533,finish,0,0,c6id.metal
ip-172-31-18-198,1726558956,data.table,1.16.99,944340901d5b37cfdac43c9cc5b8695c5c12f5a0,join,J1_1e8_NA_5_0,1726564282.41063,start,,,c6id.metal
ip-172-31-18-198,1726558956,data.table,1.16.99,944340901d5b37cfdac43c9cc5b8695c5c12f5a0,join,J1_1e8_NA_5_0,1726565555.68361,finish,0,0,c6id.metal
ip-172-31-18-198,1726558956,data.table,1.16.99,944340901d5b37cfdac43c9cc5b8695c5c12f5a0,join,J1_1e8_NA_0_1,1726565570.69888,start,,,c6id.metal
ip-172-31-18-198,1726558956,data.table,1.16.99,944340901d5b37cfdac43c9cc5b8695c5c12f5a0,join,J1_1e8_NA_0_1,1726566859.33508,finish,0,0,c6id.metal
ip-172-31-18-198,1726558956,data.table,1.16.99,944340901d5b37cfdac43c9cc5b8695c5c12f5a0,join,J1_1e9_NA_0_0,1726566874.35011,start,,,c6id.metal
ip-172-31-18-198,1726558956,data.table,1.16.99,944340901d5b37cfdac43c9cc5b8695c5c12f5a0,join,J1_1e9_NA_0_0,1726566874.66833,finish,4,1,c6id.metal
ip-172-31-18-198,1726558956,juliads,0.7.21, ,join,J1_1e8_NA_0_0,1726566889.68353,start,,,c6id.metal
ip-172-31-18-198,1726558956,juliads,0.7.21, ,join,J1_1e8_NA_0_0,1726566899.04442,finish,1,139,c6id.metal
ip-172-31-18-198,1726558956,juliads,0.7.21, ,join,J1_1e8_NA_5_0,1726566914.05946,start,,,c6id.metal
ip-172-31-18-198,1726558956,juliads,0.7.21, ,join,J1_1e8_NA_5_0,1726566915.58118,finish,1,139,c6id.metal
ip-172-31-18-198,1726558956,juliads,0.7.21, ,join,J1_1e8_NA_0_1,1726566930.59645,start,,,c6id.metal
ip-172-31-18-198,1726558956,juliads,0.7.21, ,join,J1_1e8_NA_0_1,1726566932.08623,finish,1,139,c6id.metal
ip-172-31-18-198,1726558956,juliads,0.7.21, ,join,J1_1e9_NA_0_0,1726566947.1015,start,,,c6id.metal
ip-172-31-18-198,1726558956,juliads,0.7.21, ,join,J1_1e9_NA_0_0,1726566948.59457,finish,1,139,c6id.metal
ip-172-31-18-198,1726558956,juliadf,1.6.1,04c738083f29f86e62c8afc341f0967d8717bdb8,join,J1_1e8_NA_0_0,1726566963.60981,start,,,c6id.metal
ip-172-31-18-198,1726558956,juliadf,1.6.1,04c738083f29f86e62c8afc341f0967d8717bdb8,join,J1_1e8_NA_0_0,1726566967.11561,finish,1,139,c6id.metal
ip-172-31-18-198,1726558956,juliadf,1.6.1,04c738083f29f86e62c8afc341f0967d8717bdb8,join,J1_1e8_NA_5_0,1726566982.1308,start,,,c6id.metal
ip-172-31-18-198,1726558956,juliadf,1.6.1,04c738083f29f86e62c8afc341f0967d8717bdb8,join,J1_1e8_NA_5_0,1726566983.63265,finish,1,139,c6id.metal
ip-172-31-18-198,1726558956,juliadf,1.6.1,04c738083f29f86e62c8afc341f0967d8717bdb8,join,J1_1e8_NA_0_1,1726566998.64793,start,,,c6id.metal
ip-172-31-18-198,1726558956,juliadf,1.6.1,04c738083f29f86e62c8afc341f0967d8717bdb8,join,J1_1e8_NA_0_1,1726567000.14125,finish,1,139,c6id.metal
ip-172-31-18-198,1726558956,juliadf,1.6.1,04c738083f29f86e62c8afc341f0967d8717bdb8,join,J1_1e9_NA_0_0,1726567015.1565,start,,,c6id.metal
ip-172-31-18-198,1726558956,juliadf,1.6.1,04c738083f29f86e62c8afc341f0967d8717bdb8,join,J1_1e9_NA_0_0,1726567016.64531,finish,1,139,c6id.metal
ip-172-31-18-198,1726558956,dplyr,1.1.4,,join,J1_1e8_NA_0_0,1726567031.6606,start,,,c6id.metal
ip-172-31-18-198,1726558956,dplyr,1.1.4,,join,J1_1e8_NA_0_0,1726568390.72433,finish,0,0,c6id.metal
ip-172-31-18-198,1726558956,dplyr,1.1.4,,join,J1_1e8_NA_5_0,1726568405.73953,start,,,c6id.metal
ip-172-31-18-198,1726558956,dplyr,1.1.4,,join,J1_1e8_NA_5_0,1726569851.73032,finish,0,0,c6id.metal
ip-172-31-18-198,1726558956,dplyr,1.1.4,,join,J1_1e8_NA_0_1,1726569866.74562,start,,,c6id.metal
ip-172-31-18-198,1726558956,dplyr,1.1.4,,join,J1_1e8_NA_0_1,1726571321.22801,finish,0,0,c6id.metal
ip-172-31-18-198,1726558956,dplyr,1.1.4,,join,J1_1e9_NA_0_0,1726571336.24323,start,,,c6id.metal
ip-172-31-18-198,1726558956,dplyr,1.1.4,,join,J1_1e9_NA_0_0,1726571336.78649,finish,4,1,c6id.metal
ip-172-31-18-198,1726558956,pandas,2.2.2,d9cdd2ee5a58015ef6f4d15c7226110c9aab8140,join,J1_1e8_NA_0_0,1726571351.80178,start,,,c6id.metal
ip-172-31-18-198,1726558956,pandas,2.2.2,d9cdd2ee5a58015ef6f4d15c7226110c9aab8140,join,J1_1e8_NA_0_0,1726571916.56763,finish,0,0,c6id.metal
ip-172-31-18-198,1726558956,pandas,2.2.2,d9cdd2ee5a58015ef6f4d15c7226110c9aab8140,join,J1_1e8_NA_5_0,1726571931.58288,start,,,c6id.metal
ip-172-31-18-198,1726558956,pandas,2.2.2,d9cdd2ee5a58015ef6f4d15c7226110c9aab8140,join,J1_1e8_NA_5_0,1726572500.70484,finish,0,0,c6id.metal
ip-172-31-18-198,1726558956,pandas,2.2.2,d9cdd2ee5a58015ef6f4d15c7226110c9aab8140,join,J1_1e8_NA_0_1,1726572515.72009,start,,,c6id.metal
ip-172-31-18-198,1726558956,pandas,2.2.2,d9cdd2ee5a58015ef6f4d15c7226110c9aab8140,join,J1_1e8_NA_0_1,1726572947.96612,finish,0,0,c6id.metal
ip-172-31-18-198,1726558956,pandas,2.2.2,d9cdd2ee5a58015ef6f4d15c7226110c9aab8140,join,J1_1e9_NA_0_0,1726572962.98138,start,,,c6id.metal
ip-172-31-18-198,1726558956,pandas,2.2.2,d9cdd2ee5a58015ef6f4d15c7226110c9aab8140,join,J1_1e9_NA_0_0,1726572963.44371,finish,20,1,c6id.metal
ip-172-31-18-198,1726558956,pydatatable,1.2.0a0,b1a87103c55433dc2069df28a460f3ad15450025,join,J1_1e8_NA_0_0,1726572978.45897,start,,,c6id.metal
ip-172-31-18-198,1726558956,pydatatable,1.2.0a0,b1a87103c55433dc2069df28a460f3ad15450025,join,J1_1e8_NA_0_0,1726574779.6914,finish,6,1,c6id.metal
ip-172-31-18-198,1726558956,pydatatable,1.2.0a0,b1a87103c55433dc2069df28a460f3ad15450025,join,J1_1e8_NA_5_0,1726574794.70669,start,,,c6id.metal
ip-172-31-18-198,1726558956,pydatatable,1.2.0a0,b1a87103c55433dc2069df28a460f3ad15450025,join,J1_1e8_NA_5_0,1726576595.99735,finish,6,1,c6id.metal
ip-172-31-18-198,1726558956,pydatatable,1.2.0a0,b1a87103c55433dc2069df28a460f3ad15450025,join,J1_1e8_NA_0_1,1726576611.01267,start,,,c6id.metal
ip-172-31-18-198,1726558956,pydatatable,1.2.0a0,b1a87103c55433dc2069df28a460f3ad15450025,join,J1_1e8_NA_0_1,1726578412.27474,finish,6,1,c6id.metal
ip-172-31-18-198,1726558956,pydatatable,1.2.0a0,b1a87103c55433dc2069df28a460f3ad15450025,join,J1_1e9_NA_0_0,1726578427.28999,start,,,c6id.metal
ip-172-31-18-198,1726558956,pydatatable,1.2.0a0,b1a87103c55433dc2069df28a460f3ad15450025,join,J1_1e9_NA_0_0,1726578427.48714,finish,7,1,c6id.metal
ip-172-31-18-198,1726558956,spark,3.5.2,,join,J1_1e8_NA_0_0,1726578442.50224,start,,,c6id.metal
ip-172-31-18-198,1726558956,spark,3.5.2,,join,J1_1e8_NA_0_0,1726578618.27506,finish,3,0,c6id.metal
ip-172-31-18-198,1726558956,spark,3.5.2,,join,J1_1e8_NA_5_0,1726578633.29018,start,,,c6id.metal
ip-172-31-18-198,1726558956,spark,3.5.2,,join,J1_1e8_NA_5_0,1726578801.61603,finish,3,0,c6id.metal
ip-172-31-18-198,1726558956,spark,3.5.2,,join,J1_1e8_NA_0_1,1726578816.63125,start,,,c6id.metal
ip-172-31-18-198,1726558956,spark,3.5.2,,join,J1_1e8_NA_0_1,1726578980.37673,finish,3,0,c6id.metal
ip-172-31-18-198,1726558956,spark,3.5.2,,join,J1_1e9_NA_0_0,1726578995.39197,start,,,c6id.metal
ip-172-31-18-198,1726558956,spark,3.5.2,,join,J1_1e9_NA_0_0,1726578999.14916,finish,16,1,c6id.metal
ip-172-31-18-198,1726558956,dask,2024.9.0,ae250c9ac88a9b3ad2efef602bc42ac288a6e8ab,join,J1_1e8_NA_0_0,1726579014.1644,start,,,c6id.metal
ip-172-31-18-198,1726558956,dask,2024.9.0,ae250c9ac88a9b3ad2efef602bc42ac288a6e8ab,join,J1_1e8_NA_0_0,1726579781.21027,finish,0,0,c6id.metal
ip-172-31-18-198,1726558956,dask,2024.9.0,ae250c9ac88a9b3ad2efef602bc42ac288a6e8ab,join,J1_1e8_NA_5_0,1726579796.22551,start,,,c6id.metal
ip-172-31-18-198,1726558956,dask,2024.9.0,ae250c9ac88a9b3ad2efef602bc42ac288a6e8ab,join,J1_1e8_NA_5_0,1726579796.98704,finish,1,0,c6id.metal
ip-172-31-18-198,1726558956,dask,2024.9.0,ae250c9ac88a9b3ad2efef602bc42ac288a6e8ab,join,J1_1e8_NA_0_1,1726579812.00228,start,,,c6id.metal
ip-172-31-18-198,1726558956,dask,2024.9.0,ae250c9ac88a9b3ad2efef602bc42ac288a6e8ab,join,J1_1e8_NA_0_1,1726579812.76856,finish,1,0,c6id.metal
ip-172-31-18-198,1726558956,dask,2024.9.0,ae250c9ac88a9b3ad2efef602bc42ac288a6e8ab,join,J1_1e9_NA_0_0,1726579827.7838,start,,,c6id.metal
ip-172-31-18-198,1726558956,dask,2024.9.0,ae250c9ac88a9b3ad2efef602bc42ac288a6e8ab,join,J1_1e9_NA_0_0,1726579828.55643,finish,58,1,c6id.metal
ip-172-31-18-198,1726558956,clickhouse,24.8.4.13,,join,J1_1e8_NA_0_0,1726579843.57171,start,,,c6id.metal
ip-172-31-18-198,1726558956,clickhouse,24.8.4.13,,join,J1_1e8_NA_0_0,1726580098.02769,finish,0,0,c6id.metal
ip-172-31-18-198,1726558956,clickhouse,24.8.4.13,,join,J1_1e8_NA_5_0,1726580113.04289,start,,,c6id.metal
ip-172-31-18-198,1726558956,clickhouse,24.8.4.13,,join,J1_1e8_NA_5_0,1726580365.6727,finish,0,0,c6id.metal
ip-172-31-18-198,1726558956,clickhouse,24.8.4.13,,join,J1_1e8_NA_0_1,1726580380.68791,start,,,c6id.metal
ip-172-31-18-198,1726558956,clickhouse,24.8.4.13,,join,J1_1e8_NA_0_1,1726580613.41084,finish,0,0,c6id.metal
ip-172-31-18-198,1726558956,clickhouse,24.8.4.13,,join,J1_1e9_NA_0_0,1726580628.42607,start,,,c6id.metal
ip-172-31-18-198,1726558956,clickhouse,24.8.4.13,,join,J1_1e9_NA_0_0,1726580629.95421,finish,3,108,c6id.metal
ip-172-31-18-198,1726558956,polars,1.7.1,,join,J1_1e8_NA_0_0,1726580644.96942,start,,,c6id.metal
ip-172-31-18-198,1726558956,polars,1.7.1,,join,J1_1e8_NA_0_0,1726580744.22967,finish,11,1,c6id.metal
ip-172-31-18-198,1726558956,polars,1.7.1,,join,J1_1e8_NA_5_0,1726580759.24475,start,,,c6id.metal
ip-172-31-18-198,1726558956,polars,1.7.1,,join,J1_1e8_NA_5_0,1726580856.05231,finish,11,1,c6id.metal
ip-172-31-18-198,1726558956,polars,1.7.1,,join,J1_1e8_NA_0_1,1726580871.06766,start,,,c6id.metal
ip-172-31-18-198,1726558956,polars,1.7.1,,join,J1_1e8_NA_0_1,1726580971.70776,finish,11,1,c6id.metal
ip-172-31-18-198,1726558956,polars,1.7.1,,join,J1_1e9_NA_0_0,1726580986.70879,start,,,c6id.metal
ip-172-31-18-198,1726558956,polars,1.7.1,,join,J1_1e9_NA_0_0,1726580986.95516,finish,20,1,c6id.metal
ip-172-31-18-198,1726558956,R-arrow,17.0.0.1,,join,J1_1e8_NA_0_0,1726581001.96204,start,,,c6id.metal
ip-172-31-18-198,1726558956,R-arrow,17.0.0.1,,join,J1_1e8_NA_0_0,1726581441.1209,finish,16,1,c6id.metal
ip-172-31-18-198,1726558956,R-arrow,17.0.0.1,,join,J1_1e8_NA_5_0,1726581456.13595,start,,,c6id.metal
ip-172-31-18-198,1726558956,R-arrow,17.0.0.1,,join,J1_1e8_NA_5_0,1726581911.1694,finish,16,1,c6id.metal
ip-172-31-18-198,1726558956,R-arrow,17.0.0.1,,join,J1_1e8_NA_0_1,1726581926.18445,start,,,c6id.metal
ip-172-31-18-198,1726558956,R-arrow,17.0.0.1,,join,J1_1e8_NA_0_1,1726582299.93844,finish,16,1,c6id.metal
ip-172-31-18-198,1726558956,R-arrow,17.0.0.1,,join,J1_1e9_NA_0_0,1726582314.9538,start,,,c6id.metal
ip-172-31-18-198,1726558956,R-arrow,17.0.0.1,,join,J1_1e9_NA_0_0,1726582315.6636,finish,2,1,c6id.metal
ip-172-31-18-198,1726558956,duckdb,1.0.99.9000,fa5c2fe15f,join,J1_1e8_NA_0_0,1726582330.67891,start,,,c6id.metal
ip-172-31-18-198,1726558956,duckdb,1.0.99.9000,fa5c2fe15f,join,J1_1e8_NA_0_0,1726582370.25157,finish,0,0,c6id.metal
ip-172-31-18-198,1726558956,duckdb,1.0.99.9000,fa5c2fe15f,join,J1_1e8_NA_5_0,1726582385.2668,start,,,c6id.metal
ip-172-31-18-198,1726558956,duckdb,1.0.99.9000,fa5c2fe15f,join,J1_1e8_NA_5_0,1726582408.39703,finish,0,0,c6id.metal
ip-172-31-18-198,1726558956,duckdb,1.0.99.9000,fa5c2fe15f,join,J1_1e8_NA_0_1,1726582423.41228,start,,,c6id.metal
ip-172-31-18-198,1726558956,duckdb,1.0.99.9000,fa5c2fe15f,join,J1_1e8_NA_0_1,1726582458.44168,finish,0,0,c6id.metal
ip-172-31-18-198,1726558956,duckdb,1.0.99.9000,fa5c2fe15f,join,J1_1e9_NA_0_0,1726582473.4569,start,,,c6id.metal
ip-172-31-18-198,1726558956,duckdb,1.0.99.9000,fa5c2fe15f,join,J1_1e9_NA_0_0,1726582473.91909,finish,5,1,c6id.metal
ip-172-31-18-198,1726558956,duckdb-latest,1.0.99.9000,fa5c2fe15f,join,J1_1e8_NA_0_0,1726582488.93412,start,,,c6id.metal
ip-172-31-18-198,1726558956,duckdb-latest,1.0.99.9000,fa5c2fe15f,join,J1_1e8_NA_0_0,1726582526.34229,finish,0,0,c6id.metal
ip-172-31-18-198,1726558956,duckdb-latest,1.0.99.9000,fa5c2fe15f,join,J1_1e8_NA_5_0,1726582541.35738,start,,,c6id.metal
ip-172-31-18-198,1726558956,duckdb-latest,1.0.99.9000,fa5c2fe15f,join,J1_1e8_NA_5_0,1726582562.10246,finish,0,0,c6id.metal
ip-172-31-18-198,1726558956,duckdb-latest,1.0.99.9000,fa5c2fe15f,join,J1_1e8_NA_0_1,1726582577.1176,start,,,c6id.metal
ip-172-31-18-198,1726558956,duckdb-latest,1.0.99.9000,fa5c2fe15f,join,J1_1e8_NA_0_1,1726582611.09412,finish,0,0,c6id.metal
ip-172-31-18-198,1726558956,duckdb-latest,1.0.99.9000,fa5c2fe15f,join,J1_1e9_NA_0_0,1726582626.10931,start,,,c6id.metal
ip-172-31-18-198,1726558956,duckdb-latest,1.0.99.9000,fa5c2fe15f,join,J1_1e9_NA_0_0,1726582626.56843,finish,5,1,c6id.metal
ip-172-31-18-198,1726558956,datafusion,41.0.0,,join,J1_1e8_NA_0_0,1726582641.58354,start,,,c6id.metal
ip-172-31-18-198,1726558956,datafusion,41.0.0,,join,J1_1e8_NA_0_0,1726582667.81994,finish,0,0,c6id.metal
ip-172-31-18-198,1726558956,datafusion,41.0.0,,join,J1_1e8_NA_5_0,1726582682.83526,start,,,c6id.metal
ip-172-31-18-198,1726558956,datafusion,41.0.0,,join,J1_1e8_NA_5_0,1726582710.81015,finish,0,0,c6id.metal
ip-172-31-18-198,1726558956,datafusion,41.0.0,,join,J1_1e8_NA_0_1,1726582725.82547,start,,,c6id.metal
ip-172-31-18-198,1726558956,datafusion,41.0.0,,join,J1_1e8_NA_0_1,1726582751.6049,finish,0,0,c6id.metal
ip-172-31-18-198,1726558956,datafusion,41.0.0,,join,J1_1e9_NA_0_0,1726582766.62018,start,,,c6id.metal
ip-172-31-18-198,1726558956,datafusion,41.0.0,,join,J1_1e9_NA_0_0,1726582767.1296,finish,13,1,c6id.metal
ip-172-31-18-198,1726585973,datafusion,41.0.0,,groupby,G1_1e7_1e2_0_0,1726585992.11054,start,,,c6id.metal
ip-172-31-18-198,1726585973,datafusion,41.0.0,,groupby,G1_1e7_1e2_0_0,1726585995.7695,finish,0,0,c6id.metal
ip-172-31-18-198,1726585973,datafusion,41.0.0,,groupby,G1_1e7_1e1_0_0,1726586010.78462,start,,,c6id.metal
ip-172-31-18-198,1726585973,datafusion,41.0.0,,groupby,G1_1e7_1e1_0_0,1726586015.07216,finish,0,0,c6id.metal
ip-172-31-18-198,1726585973,datafusion,41.0.0,,groupby,G1_1e7_2e0_0_0,1726586030.08741,start,,,c6id.metal
ip-172-31-18-198,1726585973,datafusion,41.0.0,,groupby,G1_1e7_2e0_0_0,1726586036.99979,finish,0,0,c6id.metal
ip-172-31-18-198,1726585973,datafusion,41.0.0,,groupby,G1_1e7_1e2_0_1,1726586052.01512,start,,,c6id.metal
ip-172-31-18-198,1726585973,datafusion,41.0.0,,groupby,G1_1e7_1e2_0_1,1726586055.56602,finish,0,0,c6id.metal
ip-172-31-18-198,1726585973,datafusion,41.0.0,,groupby,G1_1e7_1e2_5_0,1726586070.58129,start,,,c6id.metal
ip-172-31-18-198,1726585973,datafusion,41.0.0,,groupby,G1_1e7_1e2_5_0,1726586074.48383,finish,0,0,c6id.metal
ip-172-31-18-198,1726585973,datafusion,41.0.0,,groupby,G1_1e8_1e2_0_0,1726586089.49909,start,,,c6id.metal
ip-172-31-18-198,1726585973,datafusion,41.0.0,,groupby,G1_1e8_1e2_0_0,1726586111.7531,finish,0,0,c6id.metal
ip-172-31-18-198,1726585973,datafusion,41.0.0,,groupby,G1_1e8_1e1_0_0,1726586126.76843,start,,,c6id.metal
ip-172-31-18-198,1726585973,datafusion,41.0.0,,groupby,G1_1e8_1e1_0_0,1726586157.25339,finish,0,0,c6id.metal
ip-172-31-18-198,1726585973,datafusion,41.0.0,,groupby,G1_1e8_2e0_0_0,1726586172.26848,start,,,c6id.metal
ip-172-31-18-198,1726585973,datafusion,41.0.0,,groupby,G1_1e8_2e0_0_0,1726586235.04683,finish,0,0,c6id.metal
ip-172-31-18-198,1726585973,datafusion,41.0.0,,groupby,G1_1e8_1e2_0_1,1726586250.06201,start,,,c6id.metal
ip-172-31-18-198,1726585973,datafusion,41.0.0,,groupby,G1_1e8_1e2_0_1,1726586270.04934,finish,0,0,c6id.metal
ip-172-31-18-198,1726585973,datafusion,41.0.0,,groupby,G1_1e8_1e2_5_0,1726586285.0646,start,,,c6id.metal
ip-172-31-18-198,1726585973,datafusion,41.0.0,,groupby,G1_1e8_1e2_5_0,1726586308.82812,finish,0,0,c6id.metal
ip-172-31-18-198,1726585973,datafusion,41.0.0,,groupby,G1_1e9_1e2_0_0,1726586323.8432,start,,,c6id.metal
ip-172-31-18-198,1726585973,datafusion,41.0.0,,groupby,G1_1e9_1e2_0_0,1726586493.37608,finish,0,15,c6id.metal
ip-172-31-18-198,1726589712,datafusion,41.0.0,,groupby,G1_1e7_1e2_0_0,1726589713.76884,start,,,c6id.metal
ip-172-31-18-198,1726589712,datafusion,41.0.0,,groupby,G1_1e7_1e2_0_0,1726589717.4564,finish,0,0,c6id.metal
ip-172-31-18-198,1726589712,datafusion,41.0.0,,groupby,G1_1e7_1e1_0_0,1726589732.47164,start,,,c6id.metal
ip-172-31-18-198,1726589712,datafusion,41.0.0,,groupby,G1_1e7_1e1_0_0,1726589736.55706,finish,0,0,c6id.metal
ip-172-31-18-198,1726589712,datafusion,41.0.0,,groupby,G1_1e7_2e0_0_0,1726589751.57231,start,,,c6id.metal
ip-172-31-18-198,1726589712,datafusion,41.0.0,,groupby,G1_1e7_2e0_0_0,1726589758.24089,finish,0,0,c6id.metal
ip-172-31-18-198,1726589712,datafusion,41.0.0,,groupby,G1_1e7_1e2_0_1,1726589773.25594,start,,,c6id.metal
ip-172-31-18-198,1726589712,datafusion,41.0.0,,groupby,G1_1e7_1e2_0_1,1726589776.7847,finish,0,0,c6id.metal
ip-172-31-18-198,1726589712,datafusion,41.0.0,,groupby,G1_1e7_1e2_5_0,1726589791.79979,start,,,c6id.metal
ip-172-31-18-198,1726589712,datafusion,41.0.0,,groupby,G1_1e7_1e2_5_0,1726589795.68462,finish,0,0,c6id.metal
ip-172-31-18-198,1726589712,datafusion,41.0.0,,groupby,G1_1e8_1e2_0_0,1726589810.69991,start,,,c6id.metal
ip-172-31-18-198,1726589712,datafusion,41.0.0,,groupby,G1_1e8_1e2_0_0,1726589832.67896,finish,0,0,c6id.metal
ip-172-31-18-198,1726589712,datafusion,41.0.0,,groupby,G1_1e8_1e1_0_0,1726589847.69423,start,,,c6id.metal
ip-172-31-18-198,1726589712,datafusion,41.0.0,,groupby,G1_1e8_1e1_0_0,1726589877.24846,finish,0,0,c6id.metal
ip-172-31-18-198,1726589712,datafusion,41.0.0,,groupby,G1_1e8_2e0_0_0,1726589892.26375,start,,,c6id.metal
ip-172-31-18-198,1726589712,datafusion,41.0.0,,groupby,G1_1e8_2e0_0_0,1726589949.59448,finish,0,0,c6id.metal
ip-172-31-18-198,1726589712,datafusion,41.0.0,,groupby,G1_1e8_1e2_0_1,1726589964.6096,start,,,c6id.metal
ip-172-31-18-198,1726589712,datafusion,41.0.0,,groupby,G1_1e8_1e2_0_1,1726589985.48225,finish,0,0,c6id.metal
ip-172-31-18-198,1726589712,datafusion,41.0.0,,groupby,G1_1e8_1e2_5_0,1726590000.49752,start,,,c6id.metal
ip-172-31-18-198,1726589712,datafusion,41.0.0,,groupby,G1_1e8_1e2_5_0,1726590025.40959,finish,0,0,c6id.metal
ip-172-31-18-198,1726589712,datafusion,41.0.0,,groupby,G1_1e9_1e2_0_0,1726590040.42485,start,,,c6id.metal
ip-172-31-18-198,1726589712,datafusion,41.0.0,,groupby,G1_1e9_1e2_0_0,1726590209.84573,finish,1,15,c6id.metal
ip-172-31-18-198,1726589712,datafusion,41.0.0,,join,J1_1e7_NA_0_0,1726590224.86091,start,,,c6id.metal
ip-172-31-18-198,1726589712,datafusion,41.0.0,,join,J1_1e7_NA_0_0,1726590229.97058,finish,0,0,c6id.metal
ip-172-31-18-198,1726589712,datafusion,41.0.0,,join,J1_1e7_NA_5_0,1726590244.9858,start,,,c6id.metal
ip-172-31-18-198,1726589712,datafusion,41.0.0,,join,J1_1e7_NA_5_0,1726590248.7638,finish,0,0,c6id.metal
ip-172-31-18-198,1726589712,datafusion,41.0.0,,join,J1_1e7_NA_0_1,1726590263.77891,start,,,c6id.metal
ip-172-31-18-198,1726589712,datafusion,41.0.0,,join,J1_1e7_NA_0_1,1726590267.46315,finish,0,0,c6id.metal
ip-172-31-18-198,1726594193,dask,2024.9.0,ae250c9ac88a9b3ad2efef602bc42ac288a6e8ab,groupby,G1_1e7_1e2_0_0,1726594195.74048,start,,,c6id.metal
ip-172-31-18-198,1726594193,dask,2024.9.0,ae250c9ac88a9b3ad2efef602bc42ac288a6e8ab,groupby,G1_1e7_1e2_0_0,1726594231.59233,finish,74,1,c6id.metal
ip-172-31-18-198,1726594193,dask,2024.9.0,ae250c9ac88a9b3ad2efef602bc42ac288a6e8ab,groupby,G1_1e7_1e1_0_0,1726594246.60765,start,,,c6id.metal
ip-172-31-18-198,1726594193,dask,2024.9.0,ae250c9ac88a9b3ad2efef602bc42ac288a6e8ab,groupby,G1_1e7_1e1_0_0,1726594474.89326,finish,74,1,c6id.metal
ip-172-31-18-198,1726594193,dask,2024.9.0,ae250c9ac88a9b3ad2efef602bc42ac288a6e8ab,groupby,G1_1e7_2e0_0_0,1726594489.90829,start,,,c6id.metal
ip-172-31-18-198,1726594193,dask,2024.9.0,ae250c9ac88a9b3ad2efef602bc42ac288a6e8ab,groupby,G1_1e7_2e0_0_0,1726595094.27104,finish,325,1,c6id.metal
ip-172-31-18-198,1726594193,dask,2024.9.0,ae250c9ac88a9b3ad2efef602bc42ac288a6e8ab,groupby,G1_1e7_1e2_0_1,1726595109.28626,start,,,c6id.metal
ip-172-31-18-198,1726594193,dask,2024.9.0,ae250c9ac88a9b3ad2efef602bc42ac288a6e8ab,groupby,G1_1e7_1e2_0_1,1726595144.45711,finish,98,1,c6id.metal
ip-172-31-18-198,1726594193,dask,2024.9.0,ae250c9ac88a9b3ad2efef602bc42ac288a6e8ab,groupby,G1_1e7_1e2_5_0,1726595159.47237,start,,,c6id.metal
ip-172-31-18-198,1726594193,dask,2024.9.0,ae250c9ac88a9b3ad2efef602bc42ac288a6e8ab,groupby,G1_1e7_1e2_5_0,1726595161.57699,finish,1,0,c6id.metal
ip-172-31-18-198,1726594193,dask,2024.9.0,ae250c9ac88a9b3ad2efef602bc42ac288a6e8ab,groupby,G1_1e8_1e2_0_0,1726595176.59221,start,,,c6id.metal
ip-172-31-18-198,1726594193,dask,2024.9.0,ae250c9ac88a9b3ad2efef602bc42ac288a6e8ab,groupby,G1_1e8_1e2_0_0,1726595403.71226,finish,99,1,c6id.metal
ip-172-31-18-198,1726594193,dask,2024.9.0,ae250c9ac88a9b3ad2efef602bc42ac288a6e8ab,groupby,G1_1e8_1e1_0_0,1726595418.72753,start,,,c6id.metal
ip-172-31-18-198,1726594193,dask,2024.9.0,ae250c9ac88a9b3ad2efef602bc42ac288a6e8ab,groupby,G1_1e8_1e1_0_0,1726596859.67083,finish,50,1,c6id.metal
ip-172-31-18-198,1726594193,dask,2024.9.0,ae250c9ac88a9b3ad2efef602bc42ac288a6e8ab,groupby,G1_1e8_2e0_0_0,1726596874.68611,start,,,c6id.metal
ip-172-31-18-198,1726594193,dask,2024.9.0,ae250c9ac88a9b3ad2efef602bc42ac288a6e8ab,groupby,G1_1e8_2e0_0_0,1726598189.81898,finish,89,1,c6id.metal
ip-172-31-18-198,1726594193,dask,2024.9.0,ae250c9ac88a9b3ad2efef602bc42ac288a6e8ab,groupby,G1_1e8_1e2_0_1,1726598204.8342,start,,,c6id.metal
ip-172-31-18-198,1726594193,dask,2024.9.0,ae250c9ac88a9b3ad2efef602bc42ac288a6e8ab,groupby,G1_1e8_1e2_0_1,1726598423.97688,finish,98,1,c6id.metal
ip-172-31-18-198,1726594193,dask,2024.9.0,ae250c9ac88a9b3ad2efef602bc42ac288a6e8ab,groupby,G1_1e8_1e2_5_0,1726598438.99217,start,,,c6id.metal
ip-172-31-18-198,1726594193,dask,2024.9.0,ae250c9ac88a9b3ad2efef602bc42ac288a6e8ab,groupby,G1_1e8_1e2_5_0,1726598441.04293,finish,1,0,c6id.metal
ip-172-31-18-198,1726594193,dask,2024.9.0,ae250c9ac88a9b3ad2efef602bc42ac288a6e8ab,groupby,G1_1e9_1e2_0_0,1726598456.05819,start,,,c6id.metal
ip-172-31-18-198,1726594193,dask,2024.9.0,ae250c9ac88a9b3ad2efef602bc42ac288a6e8ab,groupby,G1_1e9_1e2_0_0,1726599398.73897,finish,2837826,1,c6id.metal
ip-172-31-18-198,1726594193,dask,2024.9.0,ae250c9ac88a9b3ad2efef602bc42ac288a6e8ab,join,J1_1e7_NA_0_0,1726599413.75415,start,,,c6id.metal
ip-172-31-18-198,1726594193,dask,2024.9.0,ae250c9ac88a9b3ad2efef602bc42ac288a6e8ab,join,J1_1e7_NA_0_0,1726599478.51445,finish,0,0,c6id.metal
ip-172-31-18-198,1726594193,dask,2024.9.0,ae250c9ac88a9b3ad2efef602bc42ac288a6e8ab,join,J1_1e7_NA_5_0,1726599493.52971,start,,,c6id.metal
ip-172-31-18-198,1726594193,dask,2024.9.0,ae250c9ac88a9b3ad2efef602bc42ac288a6e8ab,join,J1_1e7_NA_5_0,1726599494.3109,finish,1,0,c6id.metal
ip-172-31-18-198,1726594193,dask,2024.9.0,ae250c9ac88a9b3ad2efef602bc42ac288a6e8ab,join,J1_1e7_NA_0_1,1726599509.32618,start,,,c6id.metal
ip-172-31-18-198,1726594193,dask,2024.9.0,ae250c9ac88a9b3ad2efef602bc42ac288a6e8ab,join,J1_1e7_NA_0_1,1726599510.09635,finish,1,0,c6id.metal
ip-172-31-18-198,1726594193,dask,2024.9.0,ae250c9ac88a9b3ad2efef602bc42ac288a6e8ab,join,J1_1e8_NA_0_0,1726599525.11158,start,,,c6id.metal
ip-172-31-18-198,1726594193,dask,2024.9.0,ae250c9ac88a9b3ad2efef602bc42ac288a6e8ab,join,J1_1e8_NA_0_0,1726600304.01131,finish,0,0,c6id.metal
ip-172-31-18-198,1726594193,dask,2024.9.0,ae250c9ac88a9b3ad2efef602bc42ac288a6e8ab,join,J1_1e8_NA_5_0,1726600319.02664,start,,,c6id.metal
ip-172-31-18-198,1726594193,dask,2024.9.0,ae250c9ac88a9b3ad2efef602bc42ac288a6e8ab,join,J1_1e8_NA_5_0,1726600319.79619,finish,1,0,c6id.metal
ip-172-31-18-198,1726594193,dask,2024.9.0,ae250c9ac88a9b3ad2efef602bc42ac288a6e8ab,join,J1_1e8_NA_0_1,1726600334.81146,start,,,c6id.metal
ip-172-31-18-198,1726594193,dask,2024.9.0,ae250c9ac88a9b3ad2efef602bc42ac288a6e8ab,join,J1_1e8_NA_0_1,1726600335.5805,finish,1,0,c6id.metal
ip-172-31-18-198,1727266784,duckdb,1.1.0,fa5c2fe15f,groupby,G1_1e7_1e2_0_0,1727266785.49646,start,,,c6id.metal
ip-172-31-18-198,1727266784,duckdb,1.1.0,fa5c2fe15f,groupby,G1_1e7_1e2_0_0,1727266789.9479,finish,2,0,c6id.metal
ip-172-31-18-198,1727266784,duckdb,1.1.0,fa5c2fe15f,groupby,G1_1e7_1e1_0_0,1727266804.96322,start,,,c6id.metal
ip-172-31-18-198,1727266784,duckdb,1.1.0,fa5c2fe15f,groupby,G1_1e7_1e1_0_0,1727266809.78746,finish,2,0,c6id.metal
ip-172-31-18-198,1727266784,duckdb,1.1.0,fa5c2fe15f,groupby,G1_1e7_2e0_0_0,1727266824.80278,start,,,c6id.metal
ip-172-31-18-198,1727266784,duckdb,1.1.0,fa5c2fe15f,groupby,G1_1e7_2e0_0_0,1727266829.53344,finish,2,0,c6id.metal
ip-172-31-18-198,1727266784,duckdb,1.1.0,fa5c2fe15f,groupby,G1_1e7_1e2_0_1,1727266844.54882,start,,,c6id.metal
ip-172-31-18-198,1727266784,duckdb,1.1.0,fa5c2fe15f,groupby,G1_1e7_1e2_0_1,1727266848.69753,finish,2,0,c6id.metal
ip-172-31-18-198,1727266784,duckdb,1.1.0,fa5c2fe15f,groupby,G1_1e7_1e2_5_0,1727266863.71291,start,,,c6id.metal
ip-172-31-18-198,1727266784,duckdb,1.1.0,fa5c2fe15f,groupby,G1_1e7_1e2_5_0,1727266867.65799,finish,2,0,c6id.metal
ip-172-31-18-198,1727266784,duckdb,1.1.0,fa5c2fe15f,groupby,G1_1e8_1e2_0_0,1727266882.67328,start,,,c6id.metal
ip-172-31-18-198,1727266784,duckdb,1.1.0,fa5c2fe15f,groupby,G1_1e8_1e2_0_0,1727266905.44859,finish,2,0,c6id.metal
ip-172-31-18-198,1727266784,duckdb,1.1.0,fa5c2fe15f,groupby,G1_1e8_1e1_0_0,1727266920.4639,start,,,c6id.metal
ip-172-31-18-198,1727266784,duckdb,1.1.0,fa5c2fe15f,groupby,G1_1e8_1e1_0_0,1727266949.25046,finish,2,0,c6id.metal
ip-172-31-18-198,1727266784,duckdb,1.1.0,fa5c2fe15f,groupby,G1_1e8_2e0_0_0,1727266964.26582,start,,,c6id.metal
ip-172-31-18-198,1727266784,duckdb,1.1.0,fa5c2fe15f,groupby,G1_1e8_2e0_0_0,1727266988.12279,finish,2,0,c6id.metal
ip-172-31-18-198,1727266784,duckdb,1.1.0,fa5c2fe15f,groupby,G1_1e8_1e2_0_1,1727267003.13806,start,,,c6id.metal
ip-172-31-18-198,1727266784,duckdb,1.1.0,fa5c2fe15f,groupby,G1_1e8_1e2_0_1,1727267023.68044,finish,2,0,c6id.metal
ip-172-31-18-198,1727266784,duckdb,1.1.0,fa5c2fe15f,groupby,G1_1e8_1e2_5_0,1727267038.6957,start,,,c6id.metal
ip-172-31-18-198,1727266784,duckdb,1.1.0,fa5c2fe15f,groupby,G1_1e8_1e2_5_0,1727267055.83197,finish,2,0,c6id.metal
ip-172-31-18-198,1727266784,duckdb,1.1.0,fa5c2fe15f,join,J1_1e7_NA_0_0,1727267070.84722,start,,,c6id.metal
ip-172-31-18-198,1727266784,duckdb,1.1.0,fa5c2fe15f,join,J1_1e7_NA_0_0,1727267075.60315,finish,0,0,c6id.metal
ip-172-31-18-198,1727266784,duckdb,1.1.0,fa5c2fe15f,join,J1_1e7_NA_5_0,1727267090.6184,start,,,c6id.metal
ip-172-31-18-198,1727266784,duckdb,1.1.0,fa5c2fe15f,join,J1_1e7_NA_5_0,1727267094.41407,finish,0,0,c6id.metal
ip-172-31-18-198,1727266784,duckdb,1.1.0,fa5c2fe15f,join,J1_1e7_NA_0_1,1727267109.42938,start,,,c6id.metal
ip-172-31-18-198,1727266784,duckdb,1.1.0,fa5c2fe15f,join,J1_1e7_NA_0_1,1727267113.84199,finish,0,0,c6id.metal
ip-172-31-18-198,1727266784,duckdb,1.1.0,fa5c2fe15f,join,J1_1e8_NA_0_0,1727267128.85725,start,,,c6id.metal
ip-172-31-18-198,1727266784,duckdb,1.1.0,fa5c2fe15f,join,J1_1e8_NA_0_0,1727267166.07619,finish,0,0,c6id.metal
ip-172-31-18-198,1727266784,duckdb,1.1.0,fa5c2fe15f,join,J1_1e8_NA_5_0,1727267181.09146,start,,,c6id.metal
ip-172-31-18-198,1727266784,duckdb,1.1.0,fa5c2fe15f,join,J1_1e8_NA_5_0,1727267203.44515,finish,0,0,c6id.metal
ip-172-31-18-198,1727266784,duckdb,1.1.0,fa5c2fe15f,join,J1_1e8_NA_0_1,1727267218.46024,start,,,c6id.metal
ip-172-31-18-198,1727266784,duckdb,1.1.0,fa5c2fe15f,join,J1_1e8_NA_0_1,1727267253.45365,finish,0,0,c6id.metal
ip-172-31-18-198,1727291171,duckdb,1.1.0,fa5c2fe15f,groupby,G1_1e9_1e2_0_0,1727291172.4699,start,,,c6id.metal
ip-172-31-18-198,1727291171,duckdb,1.1.0,fa5c2fe15f,groupby,G1_1e9_1e2_0_0,1727291399.47592,finish,2,0,c6id.metal
ip-172-31-18-198,1727291171,duckdb,1.1.0,fa5c2fe15f,groupby,G1_1e9_1e1_0_0,1727291414.4912,start,,,c6id.metal
ip-172-31-18-198,1727291171,duckdb,1.1.0,fa5c2fe15f,groupby,G1_1e9_1e1_0_0,1727291704.78366,finish,2,0,c6id.metal
ip-172-31-18-198,1727291171,duckdb,1.1.0,fa5c2fe15f,groupby,G1_1e9_2e0_0_0,1727291719.79897,start,,,c6id.metal
ip-172-31-18-198,1727291171,duckdb,1.1.0,fa5c2fe15f,groupby,G1_1e9_2e0_0_0,1727291979.72466,finish,2,0,c6id.metal
ip-172-31-18-198,1727291171,duckdb,1.1.0,fa5c2fe15f,groupby,G1_1e9_1e2_0_1,1727291994.74002,start,,,c6id.metal
ip-172-31-18-198,1727291171,duckdb,1.1.0,fa5c2fe15f,groupby,G1_1e9_1e2_0_1,1727292215.53464,finish,2,0,c6id.metal
ip-172-31-18-198,1727291171,duckdb,1.1.0,fa5c2fe15f,groupby,G1_1e9_1e2_5_0,1727292230.54985,start,,,c6id.metal
ip-172-31-18-198,1727291171,duckdb,1.1.0,fa5c2fe15f,groupby,G1_1e9_1e2_5_0,1727292380.61295,finish,2,0,c6id.metal
ip-172-31-18-198,1727291171,duckdb,1.1.0,fa5c2fe15f,join,J1_1e9_NA_0_0,1727292395.62823,start,,,c6id.metal
ip-172-31-18-198,1727291171,duckdb,1.1.0,fa5c2fe15f,join,J1_1e9_NA_0_0,1727293116.99451,finish,0,0,c6id.metal
ip-172-31-18-198,1727334229,duckdb,1.1.0,fa5c2fe15f,join,J1_1e9_NA_0_0,1727334230.23319,start,,,c6id.metal
ip-172-31-18-198,1727334229,duckdb,1.1.0,fa5c2fe15f,join,J1_1e9_NA_0_0,1727334376.86005,finish,5,1,c6id.metal
ip-172-31-18-198,1727334739,duckdb,1.1.0,fa5c2fe15f,join,J1_1e9_NA_0_0,1727334740.35473,start,,,c6id.metal
ip-172-31-18-198,1727334739,duckdb,1.1.0,fa5c2fe15f,join,J1_1e9_NA_0_0,1727335475.06759,finish,0,0,c6id.metal
ip-172-31-18-198,1727691656,juliads,0.7.21, ,groupby,G1_1e7_1e2_0_0,1727691658.19057,start,,,c6id.metal
ip-172-31-18-198,1727691656,juliads,0.7.21, ,groupby,G1_1e7_1e2_0_0,1727691779.72471,finish,1,139,c6id.metal
ip-172-31-18-198,1727691656,juliads,0.7.21, ,join,J1_1e7_NA_0_0,1727691794.74001,start,,,c6id.metal
ip-172-31-18-198,1727691656,juliads,0.7.21, ,join,J1_1e7_NA_0_0,1727691797.21927,finish,1,139,c6id.metal
ip-172-31-18-198,1727691656,juliadf,1.6.1,04c738083f29f86e62c8afc341f0967d8717bdb8,groupby,G1_1e7_1e2_0_0,1727691812.23449,start,,,c6id.metal
ip-172-31-18-198,1727691656,juliadf,1.6.1,04c738083f29f86e62c8afc341f0967d8717bdb8,groupby,G1_1e7_1e2_0_0,1727691815.53612,finish,1,139,c6id.metal
ip-172-31-18-198,1727691656,juliadf,1.6.1,04c738083f29f86e62c8afc341f0967d8717bdb8,join,J1_1e7_NA_0_0,1727691830.55144,start,,,c6id.metal
ip-172-31-18-198,1727691656,juliadf,1.6.1,04c738083f29f86e62c8afc341f0967d8717bdb8,join,J1_1e7_NA_0_0,1727691834.21122,finish,1,139,c6id.metal
ip-172-31-18-198,1727691861,juliads,0.7.21, ,groupby,G1_1e7_1e2_0_0,1727691862.6885,start,,,c6id.metal
ip-172-31-18-198,1727691861,juliads,0.7.21, ,groupby,G1_1e7_1e2_0_0,1727691912.22635,finish,1,139,c6id.metal
ip-172-31-18-198,1727691861,juliads,0.7.21, ,groupby,G1_1e7_1e1_0_0,1727691927.24164,start,,,c6id.metal
ip-172-31-18-198,1727691861,juliads,0.7.21, ,groupby,G1_1e7_1e1_0_0,1727691972.15898,finish,1,139,c6id.metal
ip-172-31-18-198,1727691861,juliads,0.7.21, ,groupby,G1_1e7_2e0_0_0,1727691987.17431,start,,,c6id.metal
ip-172-31-18-198,1727691861,juliads,0.7.21, ,groupby,G1_1e7_2e0_0_0,1727692039.36892,finish,1,139,c6id.metal
ip-172-31-18-198,1727691861,juliads,0.7.21, ,groupby,G1_1e7_1e2_0_1,1727692054.38421,start,,,c6id.metal
ip-172-31-18-198,1727691861,juliads,0.7.21, ,groupby,G1_1e7_1e2_0_1,1727692105.4306,finish,1,139,c6id.metal
ip-172-31-18-198,1727691861,juliads,0.7.21, ,groupby,G1_1e7_1e2_5_0,1727692120.44575,start,,,c6id.metal
ip-172-31-18-198,1727691861,juliads,0.7.21, ,groupby,G1_1e7_1e2_5_0,1727692169.77226,finish,1,139,c6id.metal
ip-172-31-18-198,1727691861,juliads,0.7.21, ,groupby,G1_1e8_1e2_0_0,1727692184.78738,start,,,c6id.metal
ip-172-31-18-198,1727691861,juliads,0.7.21, ,groupby,G1_1e8_1e2_0_0,1727692234.46883,finish,1,139,c6id.metal
ip-172-31-18-198,1727691861,juliads,0.7.21, ,groupby,G1_1e8_1e1_0_0,1727692249.48415,start,,,c6id.metal
ip-172-31-18-198,1727691861,juliads,0.7.21, ,groupby,G1_1e8_1e1_0_0,1727692300.42534,finish,1,139,c6id.metal
ip-172-31-18-198,1727691861,juliads,0.7.21, ,groupby,G1_1e8_2e0_0_0,1727692315.44063,start,,,c6id.metal
ip-172-31-18-198,1727691861,juliads,0.7.21, ,groupby,G1_1e8_2e0_0_0,1727692369.75953,finish,1,139,c6id.metal
ip-172-31-18-198,1727691861,juliads,0.7.21, ,groupby,G1_1e8_1e2_0_1,1727692384.77476,start,,,c6id.metal
ip-172-31-18-198,1727691861,juliads,0.7.21, ,groupby,G1_1e8_1e2_0_1,1727692434.58319,finish,1,139,c6id.metal
ip-172-31-18-198,1727691861,juliads,0.7.21, ,groupby,G1_1e8_1e2_5_0,1727692449.59845,start,,,c6id.metal
ip-172-31-18-198,1727691861,juliads,0.7.21, ,groupby,G1_1e8_1e2_5_0,1727692501.69889,finish,1,139,c6id.metal
ip-172-31-18-198,1727691861,juliads,0.7.21, ,groupby,G1_1e9_1e2_0_0,1727692516.71414,start,,,c6id.metal
ip-172-31-18-198,1727691861,juliads,0.7.21, ,groupby,G1_1e9_1e2_0_0,1727692565.27271,finish,1,139,c6id.metal
ip-172-31-18-198,1727691861,juliads,0.7.21, ,groupby,G1_1e9_1e1_0_0,1727692580.28794,start,,,c6id.metal
ip-172-31-18-198,1727691861,juliads,0.7.21, ,groupby,G1_1e9_1e1_0_0,1727692633.60843,finish,1,139,c6id.metal
ip-172-31-18-198,1727691861,juliads,0.7.21, ,groupby,G1_1e9_2e0_0_0,1727692648.62371,start,,,c6id.metal
ip-172-31-18-198,1727691861,juliads,0.7.21, ,groupby,G1_1e9_2e0_0_0,1727692700.19539,finish,1,139,c6id.metal
ip-172-31-18-198,1727691861,juliads,0.7.21, ,groupby,G1_1e9_1e2_0_1,1727692715.21072,start,,,c6id.metal
ip-172-31-18-198,1727691861,juliads,0.7.21, ,groupby,G1_1e9_1e2_0_1,1727692766.1125,finish,1,139,c6id.metal
ip-172-31-18-198,1727691861,juliads,0.7.21, ,groupby,G1_1e9_1e2_5_0,1727692781.12777,start,,,c6id.metal
ip-172-31-18-198,1727691861,juliads,0.7.21, ,groupby,G1_1e9_1e2_5_0,1727692832.96247,finish,1,139,c6id.metal
ip-172-31-18-198,1727691861,juliads,0.7.21, ,join,J1_1e7_NA_0_0,1727692847.97771,start,,,c6id.metal
ip-172-31-18-198,1727691861,juliads,0.7.21, ,join,J1_1e7_NA_0_0,1727692850.43257,finish,1,139,c6id.metal
ip-172-31-18-198,1727691861,juliads,0.7.21, ,join,J1_1e7_NA_5_0,1727692865.44788,start,,,c6id.metal
ip-172-31-18-198,1727691861,juliads,0.7.21, ,join,J1_1e7_NA_5_0,1727692867.90829,finish,1,139,c6id.metal
ip-172-31-18-198,1727691861,juliads,0.7.21, ,join,J1_1e7_NA_0_1,1727692882.92357,start,,,c6id.metal
ip-172-31-18-198,1727691861,juliads,0.7.21, ,join,J1_1e7_NA_0_1,1727692885.41015,finish,1,139,c6id.metal
ip-172-31-18-198,1727691861,juliads,0.7.21, ,join,J1_1e8_NA_0_0,1727692900.42548,start,,,c6id.metal
ip-172-31-18-198,1727691861,juliads,0.7.21, ,join,J1_1e8_NA_0_0,1727692902.88721,finish,1,139,c6id.metal
ip-172-31-18-198,1727691861,juliads,0.7.21, ,join,J1_1e8_NA_5_0,1727692917.90255,start,,,c6id.metal
ip-172-31-18-198,1727691861,juliads,0.7.21, ,join,J1_1e8_NA_5_0,1727692920.41068,finish,1,139,c6id.metal
ip-172-31-18-198,1727691861,juliads,0.7.21, ,join,J1_1e8_NA_0_1,1727692935.42593,start,,,c6id.metal
ip-172-31-18-198,1727691861,juliads,0.7.21, ,join,J1_1e8_NA_0_1,1727692937.90563,finish,1,139,c6id.metal
ip-172-31-18-198,1727691861,juliads,0.7.21, ,join,J1_1e9_NA_0_0,1727692952.9208,start,,,c6id.metal
ip-172-31-18-198,1727691861,juliads,0.7.21, ,join,J1_1e9_NA_0_0,1727692955.42372,finish,1,139,c6id.metal
ip-172-31-18-198,1727691861,juliadf,1.6.1,04c738083f29f86e62c8afc341f0967d8717bdb8,groupby,G1_1e7_1e2_0_0,1727692970.43649,start,,,c6id.metal
ip-172-31-18-198,1727691861,juliadf,1.6.1,04c738083f29f86e62c8afc341f0967d8717bdb8,groupby,G1_1e7_1e2_0_0,1727692973.77139,finish,1,139,c6id.metal
ip-172-31-18-198,1727691861,juliadf,1.6.1,04c738083f29f86e62c8afc341f0967d8717bdb8,groupby,G1_1e7_1e1_0_0,1727692988.78673,start,,,c6id.metal
ip-172-31-18-198,1727691861,juliadf,1.6.1,04c738083f29f86e62c8afc341f0967d8717bdb8,groupby,G1_1e7_1e1_0_0,1727692992.07552,finish,1,139,c6id.metal
ip-172-31-18-198,1727691861,juliadf,1.6.1,04c738083f29f86e62c8afc341f0967d8717bdb8,groupby,G1_1e7_2e0_0_0,1727693007.09063,start,,,c6id.metal
ip-172-31-18-198,1727691861,juliadf,1.6.1,04c738083f29f86e62c8afc341f0967d8717bdb8,groupby,G1_1e7_2e0_0_0,1727693010.41974,finish,1,139,c6id.metal
ip-172-31-18-198,1727691861,juliadf,1.6.1,04c738083f29f86e62c8afc341f0967d8717bdb8,groupby,G1_1e7_1e2_0_1,1727693025.43507,start,,,c6id.metal
ip-172-31-18-198,1727691861,juliadf,1.6.1,04c738083f29f86e62c8afc341f0967d8717bdb8,groupby,G1_1e7_1e2_0_1,1727693028.74575,finish,1,139,c6id.metal
ip-172-31-18-198,1727691861,juliadf,1.6.1,04c738083f29f86e62c8afc341f0967d8717bdb8,groupby,G1_1e7_1e2_5_0,1727693043.761,start,,,c6id.metal
ip-172-31-18-198,1727691861,juliadf,1.6.1,04c738083f29f86e62c8afc341f0967d8717bdb8,groupby,G1_1e7_1e2_5_0,1727693047.07845,finish,1,139,c6id.metal
ip-172-31-18-198,1727691861,juliadf,1.6.1,04c738083f29f86e62c8afc341f0967d8717bdb8,groupby,G1_1e8_1e2_0_0,1727693062.09378,start,,,c6id.metal
ip-172-31-18-198,1727691861,juliadf,1.6.1,04c738083f29f86e62c8afc341f0967d8717bdb8,groupby,G1_1e8_1e2_0_0,1727693065.39553,finish,1,139,c6id.metal
ip-172-31-18-198,1727691861,juliadf,1.6.1,04c738083f29f86e62c8afc341f0967d8717bdb8,groupby,G1_1e8_1e1_0_0,1727693080.41077,start,,,c6id.metal
ip-172-31-18-198,1727691861,juliadf,1.6.1,04c738083f29f86e62c8afc341f0967d8717bdb8,groupby,G1_1e8_1e1_0_0,1727693083.75216,finish,1,139,c6id.metal
ip-172-31-18-198,1727691861,juliadf,1.6.1,04c738083f29f86e62c8afc341f0967d8717bdb8,groupby,G1_1e8_2e0_0_0,1727693098.76745,start,,,c6id.metal
ip-172-31-18-198,1727691861,juliadf,1.6.1,04c738083f29f86e62c8afc341f0967d8717bdb8,groupby,G1_1e8_2e0_0_0,1727693102.08232,finish,1,139,c6id.metal
ip-172-31-18-198,1727691861,juliadf,1.6.1,04c738083f29f86e62c8afc341f0967d8717bdb8,groupby,G1_1e8_1e2_0_1,1727693117.09769,start,,,c6id.metal
ip-172-31-18-198,1727691861,juliadf,1.6.1,04c738083f29f86e62c8afc341f0967d8717bdb8,groupby,G1_1e8_1e2_0_1,1727693120.40953,finish,1,139,c6id.metal
ip-172-31-18-198,1727691861,juliadf,1.6.1,04c738083f29f86e62c8afc341f0967d8717bdb8,groupby,G1_1e8_1e2_5_0,1727693135.42483,start,,,c6id.metal
ip-172-31-18-198,1727691861,juliadf,1.6.1,04c738083f29f86e62c8afc341f0967d8717bdb8,groupby,G1_1e8_1e2_5_0,1727693138.74363,finish,1,139,c6id.metal
ip-172-31-18-198,1727691861,juliadf,1.6.1,04c738083f29f86e62c8afc341f0967d8717bdb8,groupby,G1_1e9_1e2_0_0,1727693153.75897,start,,,c6id.metal
ip-172-31-18-198,1727691861,juliadf,1.6.1,04c738083f29f86e62c8afc341f0967d8717bdb8,groupby,G1_1e9_1e2_0_0,1727693157.06117,finish,1,139,c6id.metal
ip-172-31-18-198,1727691861,juliadf,1.6.1,04c738083f29f86e62c8afc341f0967d8717bdb8,groupby,G1_1e9_1e1_0_0,1727693172.07647,start,,,c6id.metal
ip-172-31-18-198,1727691861,juliadf,1.6.1,04c738083f29f86e62c8afc341f0967d8717bdb8,groupby,G1_1e9_1e1_0_0,1727693175.37652,finish,1,139,c6id.metal
ip-172-31-18-198,1727691861,juliadf,1.6.1,04c738083f29f86e62c8afc341f0967d8717bdb8,groupby,G1_1e9_2e0_0_0,1727693190.39186,start,,,c6id.metal
ip-172-31-18-198,1727691861,juliadf,1.6.1,04c738083f29f86e62c8afc341f0967d8717bdb8,groupby,G1_1e9_2e0_0_0,1727693193.69657,finish,1,139,c6id.metal
ip-172-31-18-198,1727691861,juliadf,1.6.1,04c738083f29f86e62c8afc341f0967d8717bdb8,groupby,G1_1e9_1e2_0_1,1727693208.71179,start,,,c6id.metal
ip-172-31-18-198,1727691861,juliadf,1.6.1,04c738083f29f86e62c8afc341f0967d8717bdb8,groupby,G1_1e9_1e2_0_1,1727693211.99407,finish,1,139,c6id.metal
ip-172-31-18-198,1727691861,juliadf,1.6.1,04c738083f29f86e62c8afc341f0967d8717bdb8,groupby,G1_1e9_1e2_5_0,1727693227.0094,start,,,c6id.metal
ip-172-31-18-198,1727691861,juliadf,1.6.1,04c738083f29f86e62c8afc341f0967d8717bdb8,groupby,G1_1e9_1e2_5_0,1727693230.2929,finish,1,139,c6id.metal
ip-172-31-18-198,1727691861,juliadf,1.6.1,04c738083f29f86e62c8afc341f0967d8717bdb8,join,J1_1e7_NA_0_0,1727693245.30821,start,,,c6id.metal
ip-172-31-18-198,1727691861,juliadf,1.6.1,04c738083f29f86e62c8afc341f0967d8717bdb8,join,J1_1e7_NA_0_0,1727693248.95778,finish,1,139,c6id.metal
ip-172-31-18-198,1727691861,juliadf,1.6.1,04c738083f29f86e62c8afc341f0967d8717bdb8,join,J1_1e7_NA_5_0,1727693263.97307,start,,,c6id.metal
ip-172-31-18-198,1727691861,juliadf,1.6.1,04c738083f29f86e62c8afc341f0967d8717bdb8,join,J1_1e7_NA_5_0,1727693267.60041,finish,1,139,c6id.metal
ip-172-31-18-198,1727691861,juliadf,1.6.1,04c738083f29f86e62c8afc341f0967d8717bdb8,join,J1_1e7_NA_0_1,1727693282.61571,start,,,c6id.metal
ip-172-31-18-198,1727691861,juliadf,1.6.1,04c738083f29f86e62c8afc341f0967d8717bdb8,join,J1_1e7_NA_0_1,1727693286.3185,finish,1,139,c6id.metal
ip-172-31-18-198,1727691861,juliadf,1.6.1,04c738083f29f86e62c8afc341f0967d8717bdb8,join,J1_1e8_NA_0_0,1727693301.33366,start,,,c6id.metal
ip-172-31-18-198,1727691861,juliadf,1.6.1,04c738083f29f86e62c8afc341f0967d8717bdb8,join,J1_1e8_NA_0_0,1727693305.55978,finish,1,139,c6id.metal
ip-172-31-18-198,1727691861,juliadf,1.6.1,04c738083f29f86e62c8afc341f0967d8717bdb8,join,J1_1e8_NA_5_0,1727693320.57505,start,,,c6id.metal
ip-172-31-18-198,1727691861,juliadf,1.6.1,04c738083f29f86e62c8afc341f0967d8717bdb8,join,J1_1e8_NA_5_0,1727693324.82034,finish,1,139,c6id.metal
ip-172-31-18-198,1727691861,juliadf,1.6.1,04c738083f29f86e62c8afc341f0967d8717bdb8,join,J1_1e8_NA_0_1,1727693339.83563,start,,,c6id.metal
ip-172-31-18-198,1727691861,juliadf,1.6.1,04c738083f29f86e62c8afc341f0967d8717bdb8,join,J1_1e8_NA_0_1,1727693344.33422,finish,1,139,c6id.metal
ip-172-31-18-198,1727691861,juliadf,1.6.1,04c738083f29f86e62c8afc341f0967d8717bdb8,join,J1_1e9_NA_0_0,1727693359.34948,start,,,c6id.metal
ip-172-31-18-198,1727691861,juliadf,1.6.1,04c738083f29f86e62c8afc341f0967d8717bdb8,join,J1_1e9_NA_0_0,1727693369.63709,finish,1,139,c6id.metal
ip-172-31-18-198,1727700986,polars,1.8.2,,groupby,G1_1e7_1e2_0_0,1727700988.11067,start,,,c6id.metal
ip-172-31-18-198,1727700986,polars,1.8.2,,groupby,G1_1e7_1e2_0_0,1727700993.34089,finish,0,0,c6id.metal
ip-172-31-18-198,1727700986,polars,1.8.2,,groupby,G1_1e7_1e1_0_0,1727701008.35614,start,,,c6id.metal
ip-172-31-18-198,1727700986,polars,1.8.2,,groupby,G1_1e7_1e1_0_0,1727701017.36427,finish,0,0,c6id.metal
ip-172-31-18-198,1727700986,polars,1.8.2,,groupby,G1_1e7_2e0_0_0,1727701032.3794,start,,,c6id.metal
ip-172-31-18-198,1727700986,polars,1.8.2,,groupby,G1_1e7_2e0_0_0,1727701053.48902,finish,0,0,c6id.metal
ip-172-31-18-198,1727700986,polars,1.8.2,,groupby,G1_1e7_1e2_0_1,1727701068.50435,start,,,c6id.metal
ip-172-31-18-198,1727700986,polars,1.8.2,,groupby,G1_1e7_1e2_0_1,1727701073.72601,finish,0,0,c6id.metal
ip-172-31-18-198,1727700986,polars,1.8.2,,groupby,G1_1e7_1e2_5_0,1727701088.74114,start,,,c6id.metal
ip-172-31-18-198,1727700986,polars,1.8.2,,groupby,G1_1e7_1e2_5_0,1727701094.79601,finish,0,0,c6id.metal
ip-172-31-18-198,1727700986,polars,1.8.2,,groupby,G1_1e8_1e2_0_0,1727701109.80991,start,,,c6id.metal
ip-172-31-18-198,1727700986,polars,1.8.2,,groupby,G1_1e8_1e2_0_0,1727701165.33906,finish,0,0,c6id.metal
ip-172-31-18-198,1727700986,polars,1.8.2,,groupby,G1_1e8_1e1_0_0,1727701180.35434,start,,,c6id.metal
ip-172-31-18-198,1727700986,polars,1.8.2,,groupby,G1_1e8_1e1_0_0,1727701278.82271,finish,0,0,c6id.metal
ip-172-31-18-198,1727700986,polars,1.8.2,,groupby,G1_1e8_2e0_0_0,1727701293.83783,start,,,c6id.metal
ip-172-31-18-198,1727700986,polars,1.8.2,,groupby,G1_1e8_2e0_0_0,1727701506.0456,finish,0,0,c6id.metal
ip-172-31-18-198,1727700986,polars,1.8.2,,groupby,G1_1e8_1e2_0_1,1727701521.06086,start,,,c6id.metal
ip-172-31-18-198,1727700986,polars,1.8.2,,groupby,G1_1e8_1e2_0_1,1727701591.64356,finish,0,0,c6id.metal
ip-172-31-18-198,1727700986,polars,1.8.2,,groupby,G1_1e8_1e2_5_0,1727701606.65882,start,,,c6id.metal
ip-172-31-18-198,1727700986,polars,1.8.2,,groupby,G1_1e8_1e2_5_0,1727701681.57171,finish,0,0,c6id.metal
ip-172-31-18-198,1727700986,polars,1.8.2,,groupby,G1_1e9_1e2_0_0,1727701696.58698,start,,,c6id.metal
ip-172-31-18-198,1727700986,polars,1.8.2,,groupby,G1_1e9_1e2_0_0,1727702603.98795,finish,0,0,c6id.metal
ip-172-31-18-198,1727700986,polars,1.8.2,,groupby,G1_1e9_1e1_0_0,1727702619.00304,start,,,c6id.metal
ip-172-31-18-198,1727700986,polars,1.8.2,,groupby,G1_1e9_1e1_0_0,1727703910.24631,finish,0,0,c6id.metal
ip-172-31-18-198,1727700986,polars,1.8.2,,groupby,G1_1e9_2e0_0_0,1727703925.26159,start,,,c6id.metal
ip-172-31-18-198,1727700986,polars,1.8.2,,groupby,G1_1e9_2e0_0_0,1727706414.20049,finish,0,0,c6id.metal
ip-172-31-18-198,1727700986,polars,1.8.2,,groupby,G1_1e9_1e2_0_1,1727706429.21576,start,,,c6id.metal
ip-172-31-18-198,1727700986,polars,1.8.2,,groupby,G1_1e9_1e2_0_1,1727707211.44157,finish,0,0,c6id.metal
ip-172-31-18-198,1727700986,polars,1.8.2,,groupby,G1_1e9_1e2_5_0,1727707226.45682,start,,,c6id.metal
ip-172-31-18-198,1727700986,polars,1.8.2,,groupby,G1_1e9_1e2_5_0,1727708165.63822,finish,0,0,c6id.metal
ip-172-31-18-198,1727700986,polars,1.8.2,,join,J1_1e7_NA_0_0,1727708180.65349,start,,,c6id.metal
ip-172-31-18-198,1727700986,polars,1.8.2,,join,J1_1e7_NA_0_0,1727708196.65963,finish,0,0,c6id.metal
ip-172-31-18-198,1727700986,polars,1.8.2,,join,J1_1e7_NA_5_0,1727708211.6749,start,,,c6id.metal
ip-172-31-18-198,1727700986,polars,1.8.2,,join,J1_1e7_NA_5_0,1727708227.31649,finish,0,0,c6id.metal
ip-172-31-18-198,1727700986,polars,1.8.2,,join,J1_1e7_NA_0_1,1727708242.33178,start,,,c6id.metal
ip-172-31-18-198,1727700986,polars,1.8.2,,join,J1_1e7_NA_0_1,1727708257.5859,finish,0,0,c6id.metal
ip-172-31-18-198,1727700986,polars,1.8.2,,join,J1_1e8_NA_0_0,1727708272.601,start,,,c6id.metal
ip-172-31-18-198,1727700986,polars,1.8.2,,join,J1_1e8_NA_0_0,1727708467.79897,finish,0,0,c6id.metal
ip-172-31-18-198,1727700986,polars,1.8.2,,join,J1_1e8_NA_5_0,1727708482.81428,start,,,c6id.metal
ip-172-31-18-198,1727700986,polars,1.8.2,,join,J1_1e8_NA_5_0,1727708679.5491,finish,0,0,c6id.metal
ip-172-31-18-198,1727700986,polars,1.8.2,,join,J1_1e8_NA_0_1,1727708694.5644,start,,,c6id.metal
ip-172-31-18-198,1727700986,polars,1.8.2,,join,J1_1e8_NA_0_1,1727708890.377,finish,0,0,c6id.metal
ip-172-31-18-198,1727700986,polars,1.8.2,,join,J1_1e9_NA_0_0,1727708905.39232,start,,,c6id.metal
ip-172-31-18-198,1727700986,polars,1.8.2,,join,J1_1e9_NA_0_0,1727712075.09348,finish,0,0,c6id.metal
ip-172-31-18-198,1737125147,clickhouse,24.12.3.47,,groupby,G1_1e7_1e2_0_0,1737125149.28321,start,,,c6id.metal
ip-172-31-18-198,1737125147,clickhouse,24.12.3.47,,groupby,G1_1e7_1e2_0_0,1737125297.12998,finish,0,0,c6id.metal
ip-172-31-18-198,1737125147,clickhouse,24.12.3.47,,groupby,G1_1e7_1e1_0_0,1737125312.14531,start,,,c6id.metal
ip-172-31-18-198,1737125147,clickhouse,24.12.3.47,,groupby,G1_1e7_1e1_0_0,1737125458.68226,finish,0,0,c6id.metal
ip-172-31-18-198,1737125147,clickhouse,24.12.3.47,,groupby,G1_1e7_2e0_0_0,1737125473.69751,start,,,c6id.metal
ip-172-31-18-198,1737125147,clickhouse,24.12.3.47,,groupby,G1_1e7_2e0_0_0,1737125621.47338,finish,0,0,c6id.metal
ip-172-31-18-198,1737125147,clickhouse,24.12.3.47,,groupby,G1_1e7_1e2_0_1,1737125636.48866,start,,,c6id.metal
ip-172-31-18-198,1737125147,clickhouse,24.12.3.47,,groupby,G1_1e7_1e2_0_1,1737125784.25307,finish,0,0,c6id.metal
ip-172-31-18-198,1737125147,clickhouse,24.12.3.47,,groupby,G1_1e7_1e2_5_0,1737125799.26833,start,,,c6id.metal
ip-172-31-18-198,1737125147,clickhouse,24.12.3.47,,groupby,G1_1e7_1e2_5_0,1737125947.03649,finish,0,0,c6id.metal
ip-172-31-18-198,1737125147,clickhouse,24.12.3.47,,groupby,G1_1e8_1e2_0_0,1737125962.05171,start,,,c6id.metal
ip-172-31-18-198,1737125147,clickhouse,24.12.3.47,,groupby,G1_1e8_1e2_0_0,1737126127.74072,finish,0,0,c6id.metal
ip-172-31-18-198,1737125147,clickhouse,24.12.3.47,,groupby,G1_1e8_1e1_0_0,1737126142.7559,start,,,c6id.metal
ip-172-31-18-198,1737125147,clickhouse,24.12.3.47,,groupby,G1_1e8_1e1_0_0,1737126310.69346,finish,0,0,c6id.metal
ip-172-31-18-198,1737125147,clickhouse,24.12.3.47,,groupby,G1_1e8_2e0_0_0,1737126325.70868,start,,,c6id.metal
ip-172-31-18-198,1737125147,clickhouse,24.12.3.47,,groupby,G1_1e8_2e0_0_0,1737126495.60554,finish,0,0,c6id.metal
ip-172-31-18-198,1737125147,clickhouse,24.12.3.47,,groupby,G1_1e8_1e2_0_1,1737126510.62073,start,,,c6id.metal
ip-172-31-18-198,1737125147,clickhouse,24.12.3.47,,groupby,G1_1e8_1e2_0_1,1737126677.36354,finish,0,0,c6id.metal
ip-172-31-18-198,1737125147,clickhouse,24.12.3.47,,groupby,G1_1e8_1e2_5_0,1737126692.37882,start,,,c6id.metal
ip-172-31-18-198,1737125147,clickhouse,24.12.3.47,,groupby,G1_1e8_1e2_5_0,1737126862.34171,finish,0,0,c6id.metal
ip-172-31-18-198,1737125147,clickhouse,24.12.3.47,,groupby,G1_1e9_1e2_0_0,1737126877.35695,start,,,c6id.metal
ip-172-31-18-198,1737125147,clickhouse,24.12.3.47,,groupby,G1_1e9_1e2_0_0,1737127244.49421,finish,0,0,c6id.metal
ip-172-31-18-198,1737125147,clickhouse,24.12.3.47,,groupby,G1_1e9_1e1_0_0,1737127259.50948,start,,,c6id.metal
ip-172-31-18-198,1737125147,clickhouse,24.12.3.47,,groupby,G1_1e9_1e1_0_0,1737127655.7574,finish,0,0,c6id.metal
ip-172-31-18-198,1737125147,clickhouse,24.12.3.47,,groupby,G1_1e9_2e0_0_0,1737127670.77259,start,,,c6id.metal
ip-172-31-18-198,1737125147,clickhouse,24.12.3.47,,groupby,G1_1e9_2e0_0_0,1737128090.89116,finish,0,0,c6id.metal
ip-172-31-18-198,1737125147,clickhouse,24.12.3.47,,groupby,G1_1e9_1e2_0_1,1737128105.90639,start,,,c6id.metal
ip-172-31-18-198,1737125147,clickhouse,24.12.3.47,,groupby,G1_1e9_1e2_0_1,1737128491.9655,finish,0,0,c6id.metal
ip-172-31-18-198,1737125147,clickhouse,24.12.3.47,,groupby,G1_1e9_1e2_5_0,1737128506.98069,start,,,c6id.metal
ip-172-31-18-198,1737125147,clickhouse,24.12.3.47,,groupby,G1_1e9_1e2_5_0,1737128934.71766,finish,0,0,c6id.metal
ip-172-31-18-198,1737139037,clickhouse,24.12.3.47,,join,J1_1e7_NA_0_0,1737139038.22011,start,,,c6id.metal
ip-172-31-18-198,1737139037,clickhouse,24.12.3.47,,join,J1_1e7_NA_0_0,1737139186.76422,finish,0,0,c6id.metal
ip-172-31-18-198,1737139037,clickhouse,24.12.3.47,,join,J1_1e7_NA_5_0,1737139201.77943,start,,,c6id.metal
ip-172-31-18-198,1737139037,clickhouse,24.12.3.47,,join,J1_1e7_NA_5_0,1737139351.56061,finish,0,0,c6id.metal
ip-172-31-18-198,1737139037,clickhouse,24.12.3.47,,join,J1_1e7_NA_0_1,1737139366.57579,start,,,c6id.metal
ip-172-31-18-198,1737139037,clickhouse,24.12.3.47,,join,J1_1e7_NA_0_1,1737139516.32541,finish,0,0,c6id.metal
ip-172-31-18-198,1737139037,clickhouse,24.12.3.47,,join,J1_1e8_NA_0_0,1737139531.34058,start,,,c6id.metal
ip-172-31-18-198,1737139037,clickhouse,24.12.3.47,,join,J1_1e8_NA_0_0,1737139729.24583,finish,0,0,c6id.metal
ip-172-31-18-198,1737139037,clickhouse,24.12.3.47,,join,J1_1e8_NA_5_0,1737139744.2611,start,,,c6id.metal
ip-172-31-18-198,1737139037,clickhouse,24.12.3.47,,join,J1_1e8_NA_5_0,1737139943.10156,finish,0,0,c6id.metal
ip-172-31-18-198,1737139037,clickhouse,24.12.3.47,,join,J1_1e8_NA_0_1,1737139958.11677,start,,,c6id.metal
ip-172-31-18-198,1737139037,clickhouse,24.12.3.47,,join,J1_1e8_NA_0_1,1737140158.98172,finish,0,0,c6id.metal
ip-172-31-18-198,1737139037,clickhouse,24.12.3.47,,join,J1_1e9_NA_0_0,1737140173.99678,start,,,c6id.metal
ip-172-31-18-198,1737139037,clickhouse,24.12.3.47,,join,J1_1e9_NA_0_0,1737141262.38761,finish,0,0,c6id.metal
ip-172-31-18-189,1737573805,collapse,2.0.19,,groupby,G1_1e7_1e2_0_0,1737573807.61785,start,,,c6id.4xlarge
ip-172-31-18-189,1737573805,collapse,2.0.19,,groupby,G1_1e7_1e2_0_0,1737573818.14207,finish,0,0,c6id.4xlarge
ip-172-31-18-189,1737573805,collapse,2.0.19,,groupby,G1_1e7_1e1_0_0,1737573833.1572,start,,,c6id.4xlarge
ip-172-31-18-189,1737573805,collapse,2.0.19,,groupby,G1_1e7_1e1_0_0,1737573852.29397,finish,0,0,c6id.4xlarge
ip-172-31-18-189,1737573805,collapse,2.0.19,,groupby,G1_1e7_2e0_0_0,1737573867.30909,start,,,c6id.4xlarge
ip-172-31-18-189,1737573805,collapse,2.0.19,,groupby,G1_1e7_2e0_0_0,1737573924.42125,finish,0,0,c6id.4xlarge
ip-172-31-18-189,1737573805,collapse,2.0.19,,groupby,G1_1e7_1e2_0_1,1737573939.43637,start,,,c6id.4xlarge
ip-172-31-18-189,1737573805,collapse,2.0.19,,groupby,G1_1e7_1e2_0_1,1737573948.28259,finish,0,0,c6id.4xlarge
ip-172-31-18-189,1737573805,collapse,2.0.19,,groupby,G1_1e7_1e2_5_0,1737573963.29772,start,,,c6id.4xlarge
ip-172-31-18-189,1737573805,collapse,2.0.19,,groupby,G1_1e7_1e2_5_0,1737573974.38163,finish,0,0,c6id.4xlarge
ip-172-31-18-189,1737573805,collapse,2.0.19,,groupby,G1_1e8_1e2_0_0,1737573989.39676,start,,,c6id.4xlarge
ip-172-31-18-189,1737573805,collapse,2.0.19,,groupby,G1_1e8_1e2_0_0,1737574121.22644,finish,0,0,c6id.4xlarge
ip-172-31-18-189,1737573805,collapse,2.0.19,,groupby,G1_1e8_1e1_0_0,1737574136.24155,start,,,c6id.4xlarge
ip-172-31-18-189,1737573805,collapse,2.0.19,,groupby,G1_1e8_1e1_0_0,1737574399.63579,finish,0,0,c6id.4xlarge
ip-172-31-18-189,1737573805,collapse,2.0.19,,groupby,G1_1e8_2e0_0_0,1737574414.65087,start,,,c6id.4xlarge
ip-172-31-18-189,1737573805,collapse,2.0.19,,groupby,G1_1e8_2e0_0_0,1737575069.4834,finish,0,0,c6id.4xlarge
ip-172-31-18-189,1737573805,collapse,2.0.19,,groupby,G1_1e8_1e2_0_1,1737575084.49849,start,,,c6id.4xlarge
ip-172-31-18-189,1737573805,collapse,2.0.19,,groupby,G1_1e8_1e2_0_1,1737575199.29687,finish,0,0,c6id.4xlarge
ip-172-31-18-189,1737573805,collapse,2.0.19,,groupby,G1_1e8_1e2_5_0,1737575214.31195,start,,,c6id.4xlarge
ip-172-31-18-189,1737573805,collapse,2.0.19,,groupby,G1_1e8_1e2_5_0,1737575348.63163,finish,0,0,c6id.4xlarge
ip-172-31-18-189,1737573805,collapse,2.0.19,,join,J1_1e7_NA_0_0,1737575363.64674,start,,,c6id.4xlarge
ip-172-31-18-189,1737573805,collapse,2.0.19,,join,J1_1e7_NA_0_0,1737575467.11551,finish,0,0,c6id.4xlarge
ip-172-31-18-189,1737573805,collapse,2.0.19,,join,J1_1e7_NA_5_0,1737575482.1306,start,,,c6id.4xlarge
ip-172-31-18-189,1737573805,collapse,2.0.19,,join,J1_1e7_NA_5_0,1737575578.61229,finish,0,0,c6id.4xlarge
ip-172-31-18-189,1737573805,collapse,2.0.19,,join,J1_1e7_NA_0_1,1737575593.62742,start,,,c6id.4xlarge
ip-172-31-18-189,1737573805,collapse,2.0.19,,join,J1_1e7_NA_0_1,1737575688.61302,finish,0,0,c6id.4xlarge
ip-172-31-18-189,1737573805,collapse,2.0.19,,join,J1_1e8_NA_0_0,1737575703.62813,start,,,c6id.4xlarge
ip-172-31-18-189,1737573805,collapse,2.0.19,,join,J1_1e8_NA_0_0,1737576892.59447,finish,0,0,c6id.4xlarge
ip-172-31-18-189,1737573805,collapse,2.0.19,,join,J1_1e8_NA_5_0,1737576907.6096,start,,,c6id.4xlarge
ip-172-31-18-189,1737573805,collapse,2.0.19,,join,J1_1e8_NA_5_0,1737578030.68023,finish,0,0,c6id.4xlarge
ip-172-31-18-189,1737573805,collapse,2.0.19,,join,J1_1e8_NA_0_1,1737578045.69532,start,,,c6id.4xlarge
ip-172-31-18-189,1737573805,collapse,2.0.19,,join,J1_1e8_NA_0_1,1737579131.14517,finish,0,0,c6id.4xlarge
ip-172-31-18-189,1737573805,data.table,1.16.99,7445df7473869a73103717a3f34d4e233d1c012b,groupby,G1_1e7_1e2_0_0,1737579146.16023,start,,,c6id.4xlarge
ip-172-31-18-189,1737573805,data.table,1.16.99,7445df7473869a73103717a3f34d4e233d1c012b,groupby,G1_1e7_1e2_0_0,1737579158.322,finish,0,0,c6id.4xlarge
ip-172-31-18-189,1737573805,data.table,1.16.99,7445df7473869a73103717a3f34d4e233d1c012b,groupby,G1_1e7_1e1_0_0,1737579173.33713,start,,,c6id.4xlarge
ip-172-31-18-189,1737573805,data.table,1.16.99,7445df7473869a73103717a3f34d4e233d1c012b,groupby,G1_1e7_1e1_0_0,1737579198.54246,finish,0,0,c6id.4xlarge
ip-172-31-18-189,1737573805,data.table,1.16.99,7445df7473869a73103717a3f34d4e233d1c012b,groupby,G1_1e7_2e0_0_0,1737579213.55756,start,,,c6id.4xlarge
ip-172-31-18-189,1737573805,data.table,1.16.99,7445df7473869a73103717a3f34d4e233d1c012b,groupby,G1_1e7_2e0_0_0,1737579293.58841,finish,0,0,c6id.4xlarge
ip-172-31-18-189,1737573805,data.table,1.16.99,7445df7473869a73103717a3f34d4e233d1c012b,groupby,G1_1e7_1e2_0_1,1737579308.6035,start,,,c6id.4xlarge
ip-172-31-18-189,1737573805,data.table,1.16.99,7445df7473869a73103717a3f34d4e233d1c012b,groupby,G1_1e7_1e2_0_1,1737579318.65968,finish,0,0,c6id.4xlarge
ip-172-31-18-189,1737573805,data.table,1.16.99,7445df7473869a73103717a3f34d4e233d1c012b,groupby,G1_1e7_1e2_5_0,1737579333.67482,start,,,c6id.4xlarge
ip-172-31-18-189,1737573805,data.table,1.16.99,7445df7473869a73103717a3f34d4e233d1c012b,groupby,G1_1e7_1e2_5_0,1737579348.14759,finish,0,0,c6id.4xlarge
ip-172-31-18-189,1737573805,data.table,1.16.99,7445df7473869a73103717a3f34d4e233d1c012b,groupby,G1_1e8_1e2_0_0,1737579363.16271,start,,,c6id.4xlarge
ip-172-31-18-189,1737573805,data.table,1.16.99,7445df7473869a73103717a3f34d4e233d1c012b,groupby,G1_1e8_1e2_0_0,1737579495.59514,finish,0,0,c6id.4xlarge
ip-172-31-18-189,1737573805,data.table,1.16.99,7445df7473869a73103717a3f34d4e233d1c012b,groupby,G1_1e8_1e1_0_0,1737579510.61023,start,,,c6id.4xlarge
ip-172-31-18-189,1737573805,data.table,1.16.99,7445df7473869a73103717a3f34d4e233d1c012b,groupby,G1_1e8_1e1_0_0,1737579812.94891,finish,0,0,c6id.4xlarge
ip-172-31-18-189,1737573805,data.table,1.16.99,7445df7473869a73103717a3f34d4e233d1c012b,groupby,G1_1e8_2e0_0_0,1737579827.96399,start,,,c6id.4xlarge
ip-172-31-18-189,1737573805,data.table,1.16.99,7445df7473869a73103717a3f34d4e233d1c012b,groupby,G1_1e8_2e0_0_0,1737580687.40202,finish,0,0,c6id.4xlarge
ip-172-31-18-189,1737573805,data.table,1.16.99,7445df7473869a73103717a3f34d4e233d1c012b,groupby,G1_1e8_1e2_0_1,1737580702.41711,start,,,c6id.4xlarge
ip-172-31-18-189,1737573805,data.table,1.16.99,7445df7473869a73103717a3f34d4e233d1c012b,groupby,G1_1e8_1e2_0_1,1737580811.6191,finish,0,0,c6id.4xlarge
ip-172-31-18-189,1737573805,data.table,1.16.99,7445df7473869a73103717a3f34d4e233d1c012b,groupby,G1_1e8_1e2_5_0,1737580826.63422,start,,,c6id.4xlarge
ip-172-31-18-189,1737573805,data.table,1.16.99,7445df7473869a73103717a3f34d4e233d1c012b,groupby,G1_1e8_1e2_5_0,1737580963.44098,finish,0,0,c6id.4xlarge
ip-172-31-18-189,1737573805,data.table,1.16.99,7445df7473869a73103717a3f34d4e233d1c012b,join,J1_1e7_NA_0_0,1737580978.45608,start,,,c6id.4xlarge
ip-172-31-18-189,1737573805,data.table,1.16.99,7445df7473869a73103717a3f34d4e233d1c012b,join,J1_1e7_NA_0_0,1737581080.20285,finish,0,0,c6id.4xlarge
ip-172-31-18-189,1737573805,data.table,1.16.99,7445df7473869a73103717a3f34d4e233d1c012b,join,J1_1e7_NA_5_0,1737581095.21799,start,,,c6id.4xlarge
ip-172-31-18-189,1737573805,data.table,1.16.99,7445df7473869a73103717a3f34d4e233d1c012b,join,J1_1e7_NA_5_0,1737581194.19369,finish,0,0,c6id.4xlarge
ip-172-31-18-189,1737573805,data.table,1.16.99,7445df7473869a73103717a3f34d4e233d1c012b,join,J1_1e7_NA_0_1,1737581209.20878,start,,,c6id.4xlarge
ip-172-31-18-189,1737573805,data.table,1.16.99,7445df7473869a73103717a3f34d4e233d1c012b,join,J1_1e7_NA_0_1,1737581296.07175,finish,0,0,c6id.4xlarge
ip-172-31-18-189,1737573805,data.table,1.16.99,7445df7473869a73103717a3f34d4e233d1c012b,join,J1_1e8_NA_0_0,1737581311.08684,start,,,c6id.4xlarge
ip-172-31-18-189,1737573805,data.table,1.16.99,7445df7473869a73103717a3f34d4e233d1c012b,join,J1_1e8_NA_0_0,1737582503.66938,finish,0,0,c6id.4xlarge
ip-172-31-18-189,1737573805,data.table,1.16.99,7445df7473869a73103717a3f34d4e233d1c012b,join,J1_1e8_NA_5_0,1737582518.68444,start,,,c6id.4xlarge
ip-172-31-18-189,1737573805,data.table,1.16.99,7445df7473869a73103717a3f34d4e233d1c012b,join,J1_1e8_NA_5_0,1737583653.09503,finish,0,0,c6id.4xlarge
ip-172-31-18-189,1737573805,data.table,1.16.99,7445df7473869a73103717a3f34d4e233d1c012b,join,J1_1e8_NA_0_1,1737583668.1101,start,,,c6id.4xlarge
ip-172-31-18-189,1737573805,data.table,1.16.99,7445df7473869a73103717a3f34d4e233d1c012b,join,J1_1e8_NA_0_1,1737584751.73671,finish,0,0,c6id.4xlarge
ip-172-31-18-189,1737573805,dplyr,1.1.4,,groupby,G1_1e7_1e2_0_0,1737584766.75258,start,,,c6id.4xlarge
ip-172-31-18-189,1737573805,dplyr,1.1.4,,groupby,G1_1e7_1e2_0_0,1737584965.80347,finish,16,0,c6id.4xlarge
ip-172-31-18-189,1737573805,dplyr,1.1.4,,groupby,G1_1e7_1e1_0_0,1737584980.81858,start,,,c6id.4xlarge
ip-172-31-18-189,1737573805,dplyr,1.1.4,,groupby,G1_1e7_1e1_0_0,1737585248.55498,finish,16,0,c6id.4xlarge
ip-172-31-18-189,1737573805,dplyr,1.1.4,,groupby,G1_1e7_2e0_0_0,1737585263.5701,start,,,c6id.4xlarge
ip-172-31-18-189,1737573805,dplyr,1.1.4,,groupby,G1_1e7_2e0_0_0,1737585831.60918,finish,16,0,c6id.4xlarge
ip-172-31-18-189,1737573805,dplyr,1.1.4,,groupby,G1_1e7_1e2_0_1,1737585846.6243,start,,,c6id.4xlarge
ip-172-31-18-189,1737573805,dplyr,1.1.4,,groupby,G1_1e7_1e2_0_1,1737586040.85268,finish,16,0,c6id.4xlarge
ip-172-31-18-189,1737573805,dplyr,1.1.4,,groupby,G1_1e7_1e2_5_0,1737586055.8678,start,,,c6id.4xlarge
ip-172-31-18-189,1737573805,dplyr,1.1.4,,groupby,G1_1e7_1e2_5_0,1737586256.39663,finish,16,0,c6id.4xlarge
ip-172-31-18-189,1737573805,dplyr,1.1.4,,groupby,G1_1e8_1e2_0_0,1737586271.41175,start,,,c6id.4xlarge
ip-172-31-18-189,1737573805,dplyr,1.1.4,,groupby,G1_1e8_1e2_0_0,1737586634.64794,finish,12,15,c6id.4xlarge
ip-172-31-18-189,1737614313,spark,3.5.4,,groupby,G1_1e7_1e2_0_0,1737614315.26067,start,,,c6id.4xlarge
ip-172-31-18-189,1737614313,spark,3.5.4,,groupby,G1_1e7_1e2_0_0,1737614362.19831,finish,3,0,c6id.4xlarge
ip-172-31-18-189,1737614313,spark,3.5.4,,groupby,G1_1e7_1e1_0_0,1737614377.21345,start,,,c6id.4xlarge
ip-172-31-18-189,1737614313,spark,3.5.4,,groupby,G1_1e7_1e1_0_0,1737614428.3472,finish,3,0,c6id.4xlarge
ip-172-31-18-189,1737614313,spark,3.5.4,,groupby,G1_1e7_2e0_0_0,1737614443.36234,start,,,c6id.4xlarge
ip-172-31-18-189,1737614313,spark,3.5.4,,groupby,G1_1e7_2e0_0_0,1737614494.41701,finish,3,0,c6id.4xlarge
ip-172-31-18-189,1737614313,spark,3.5.4,,groupby,G1_1e7_1e2_0_1,1737614509.43216,start,,,c6id.4xlarge
ip-172-31-18-189,1737614313,spark,3.5.4,,groupby,G1_1e7_1e2_0_1,1737614554.4979,finish,3,0,c6id.4xlarge
ip-172-31-18-189,1737614313,spark,3.5.4,,groupby,G1_1e7_1e2_5_0,1737614569.51304,start,,,c6id.4xlarge
ip-172-31-18-189,1737614313,spark,3.5.4,,groupby,G1_1e7_1e2_5_0,1737614615.16548,finish,3,0,c6id.4xlarge
ip-172-31-18-189,1737614313,spark,3.5.4,,groupby,G1_1e8_1e2_0_0,1737614630.18062,start,,,c6id.4xlarge
ip-172-31-18-189,1737614313,spark,3.5.4,,groupby,G1_1e8_1e2_0_0,1737614964.60321,finish,3,0,c6id.4xlarge
ip-172-31-18-189,1737614313,spark,3.5.4,,groupby,G1_1e8_1e1_0_0,1737614979.61837,start,,,c6id.4xlarge
ip-172-31-18-189,1737614313,spark,3.5.4,,groupby,G1_1e8_1e1_0_0,1737615346.74403,finish,3,0,c6id.4xlarge
ip-172-31-18-189,1737614313,spark,3.5.4,,groupby,G1_1e8_2e0_0_0,1737615361.75916,start,,,c6id.4xlarge
ip-172-31-18-189,1737614313,spark,3.5.4,,groupby,G1_1e8_2e0_0_0,1737615710.30734,finish,3,0,c6id.4xlarge
ip-172-31-18-189,1737614313,spark,3.5.4,,groupby,G1_1e8_1e2_0_1,1737615725.32247,start,,,c6id.4xlarge
ip-172-31-18-189,1737614313,spark,3.5.4,,groupby,G1_1e8_1e2_0_1,1737615990.28795,finish,3,0,c6id.4xlarge
ip-172-31-18-189,1737614313,spark,3.5.4,,groupby,G1_1e8_1e2_5_0,1737616005.30308,start,,,c6id.4xlarge
ip-172-31-18-189,1737614313,spark,3.5.4,,groupby,G1_1e8_1e2_5_0,1737616363.84187,finish,3,0,c6id.4xlarge
ip-172-31-18-189,1737614313,spark,3.5.4,,join,J1_1e7_NA_0_0,1737616378.857,start,,,c6id.4xlarge
ip-172-31-18-189,1737614313,spark,3.5.4,,join,J1_1e7_NA_0_0,1737616452.58905,finish,3,0,c6id.4xlarge
ip-172-31-18-189,1737614313,spark,3.5.4,,join,J1_1e7_NA_5_0,1737616467.60418,start,,,c6id.4xlarge
ip-172-31-18-189,1737614313,spark,3.5.4,,join,J1_1e7_NA_5_0,1737616543.31541,finish,3,0,c6id.4xlarge
ip-172-31-18-189,1737614313,spark,3.5.4,,join,J1_1e7_NA_0_1,1737616558.33055,start,,,c6id.4xlarge
ip-172-31-18-189,1737614313,spark,3.5.4,,join,J1_1e7_NA_0_1,1737616618.38428,finish,3,0,c6id.4xlarge
ip-172-31-18-189,1737614313,spark,3.5.4,,join,J1_1e8_NA_0_0,1737616633.39941,start,,,c6id.4xlarge
ip-172-31-18-189,1737614313,spark,3.5.4,,join,J1_1e8_NA_0_0,1737617619.13961,finish,3,0,c6id.4xlarge
ip-172-31-18-189,1737614313,spark,3.5.4,,join,J1_1e8_NA_5_0,1737617634.15475,start,,,c6id.4xlarge
ip-172-31-18-189,1737614313,spark,3.5.4,,join,J1_1e8_NA_5_0,1737618646.81985,finish,3,0,c6id.4xlarge
ip-172-31-18-189,1737614313,spark,3.5.4,,join,J1_1e8_NA_0_1,1737618661.83522,start,,,c6id.4xlarge
ip-172-31-18-189,1737614313,spark,3.5.4,,join,J1_1e8_NA_0_1,1737619532.80251,finish,3,0,c6id.4xlarge
ip-172-31-18-189,1737614313,clickhouse,24.12.3.47,,groupby,G1_1e7_1e2_0_0,1737619547.81763,start,,,c6id.4xlarge
ip-172-31-18-189,1737614313,clickhouse,24.12.3.47,,groupby,G1_1e7_1e2_0_0,1737619698.6358,finish,0,0,c6id.4xlarge
ip-172-31-18-189,1737614313,clickhouse,24.12.3.47,,groupby,G1_1e7_1e1_0_0,1737619713.6509,start,,,c6id.4xlarge
ip-172-31-18-189,1737614313,clickhouse,24.12.3.47,,groupby,G1_1e7_1e1_0_0,1737619864.38587,finish,0,0,c6id.4xlarge
ip-172-31-18-189,1737614313,clickhouse,24.12.3.47,,groupby,G1_1e7_2e0_0_0,1737619879.40096,start,,,c6id.4xlarge
ip-172-31-18-189,1737614313,clickhouse,24.12.3.47,,groupby,G1_1e7_2e0_0_0,1737620030.15143,finish,0,0,c6id.4xlarge
ip-172-31-18-189,1737614313,clickhouse,24.12.3.47,,groupby,G1_1e7_1e2_0_1,1737620045.16653,start,,,c6id.4xlarge
ip-172-31-18-189,1737614313,clickhouse,24.12.3.47,,groupby,G1_1e7_1e2_0_1,1737620193.68246,finish,0,0,c6id.4xlarge
ip-172-31-18-189,1737614313,clickhouse,24.12.3.47,,groupby,G1_1e7_1e2_5_0,1737620208.69755,start,,,c6id.4xlarge
ip-172-31-18-189,1737614313,clickhouse,24.12.3.47,,groupby,G1_1e7_1e2_5_0,1737620358.20979,finish,0,0,c6id.4xlarge
ip-172-31-18-189,1737614313,clickhouse,24.12.3.47,,groupby,G1_1e8_1e2_0_0,1737620373.22487,start,,,c6id.4xlarge
ip-172-31-18-189,1737614313,clickhouse,24.12.3.47,,groupby,G1_1e8_1e2_0_0,1737620578.94359,finish,0,0,c6id.4xlarge
ip-172-31-18-189,1737614313,clickhouse,24.12.3.47,,groupby,G1_1e8_1e1_0_0,1737620593.95869,start,,,c6id.4xlarge
ip-172-31-18-189,1737614313,clickhouse,24.12.3.47,,groupby,G1_1e8_1e1_0_0,1737620810.43395,finish,0,0,c6id.4xlarge
ip-172-31-18-189,1737614313,clickhouse,24.12.3.47,,groupby,G1_1e8_2e0_0_0,1737620825.44904,start,,,c6id.4xlarge
ip-172-31-18-189,1737614313,clickhouse,24.12.3.47,,groupby,G1_1e8_2e0_0_0,1737621044.95367,finish,0,0,c6id.4xlarge
ip-172-31-18-189,1737614313,clickhouse,24.12.3.47,,groupby,G1_1e8_1e2_0_1,1737621059.96876,start,,,c6id.4xlarge
ip-172-31-18-189,1737614313,clickhouse,24.12.3.47,,groupby,G1_1e8_1e2_0_1,1737621262.62831,finish,0,0,c6id.4xlarge
ip-172-31-18-189,1737614313,clickhouse,24.12.3.47,,groupby,G1_1e8_1e2_5_0,1737621277.64343,start,,,c6id.4xlarge
ip-172-31-18-189,1737614313,clickhouse,24.12.3.47,,groupby,G1_1e8_1e2_5_0,1737621494.30852,finish,0,0,c6id.4xlarge
ip-172-31-18-189,1737614313,clickhouse,24.12.3.47,,join,J1_1e7_NA_0_0,1737621509.32361,start,,,c6id.4xlarge
ip-172-31-18-189,1737614313,clickhouse,24.12.3.47,,join,J1_1e7_NA_0_0,1737621662.08072,finish,0,0,c6id.4xlarge
ip-172-31-18-189,1737614313,clickhouse,24.12.3.47,,join,J1_1e7_NA_5_0,1737621677.0958,start,,,c6id.4xlarge
ip-172-31-18-189,1737614313,clickhouse,24.12.3.47,,join,J1_1e7_NA_5_0,1737621830.86848,finish,0,0,c6id.4xlarge
ip-172-31-18-189,1737614313,clickhouse,24.12.3.47,,join,J1_1e7_NA_0_1,1737621845.87562,start,,,c6id.4xlarge
ip-172-31-18-189,1737614313,clickhouse,24.12.3.47,,join,J1_1e7_NA_0_1,1737621997.63847,finish,0,0,c6id.4xlarge
ip-172-31-18-189,1737614313,clickhouse,24.12.3.47,,join,J1_1e8_NA_0_0,1737622012.65357,start,,,c6id.4xlarge
ip-172-31-18-189,1737614313,clickhouse,24.12.3.47,,join,J1_1e8_NA_0_0,1737622350.19394,finish,3,0,c6id.4xlarge
ip-172-31-18-189,1737614313,clickhouse,24.12.3.47,,join,J1_1e8_NA_5_0,1737622365.20901,start,,,c6id.4xlarge
ip-172-31-18-189,1737614313,clickhouse,24.12.3.47,,join,J1_1e8_NA_5_0,1737622705.76593,finish,3,0,c6id.4xlarge
ip-172-31-18-189,1737614313,clickhouse,24.12.3.47,,join,J1_1e8_NA_0_1,1737622720.781,start,,,c6id.4xlarge
ip-172-31-18-189,1737614313,clickhouse,24.12.3.47,,join,J1_1e8_NA_0_1,1737622978.49621,finish,3,0,c6id.4xlarge
ip-172-31-18-189,1737614313,polars,1.20.0,,groupby,G1_1e7_1e2_0_0,1737622993.5113,start,,,c6id.4xlarge
ip-172-31-18-189,1737614313,polars,1.20.0,,groupby,G1_1e7_1e2_0_0,1737622995.24208,finish,9,1,c6id.4xlarge
ip-172-31-18-189,1737614313,polars,1.20.0,,groupby,G1_1e7_1e1_0_0,1737623010.25717,start,,,c6id.4xlarge
ip-172-31-18-189,1737614313,polars,1.20.0,,groupby,G1_1e7_1e1_0_0,1737623011.94074,finish,9,1,c6id.4xlarge
ip-172-31-18-189,1737614313,polars,1.20.0,,groupby,G1_1e7_2e0_0_0,1737623026.95583,start,,,c6id.4xlarge
ip-172-31-18-189,1737614313,polars,1.20.0,,groupby,G1_1e7_2e0_0_0,1737623029.9829,finish,9,1,c6id.4xlarge
ip-172-31-18-189,1737614313,polars,1.20.0,,groupby,G1_1e7_1e2_0_1,1737623044.998,start,,,c6id.4xlarge
ip-172-31-18-189,1737614313,polars,1.20.0,,groupby,G1_1e7_1e2_0_1,1737623046.46928,finish,9,1,c6id.4xlarge
ip-172-31-18-189,1737614313,polars,1.20.0,,groupby,G1_1e7_1e2_5_0,1737623061.48437,start,,,c6id.4xlarge
ip-172-31-18-189,1737614313,polars,1.20.0,,groupby,G1_1e7_1e2_5_0,1737623062.99481,finish,9,1,c6id.4xlarge
ip-172-31-18-189,1737614313,polars,1.20.0,,groupby,G1_1e8_1e2_0_0,1737623078.00991,start,,,c6id.4xlarge
ip-172-31-18-189,1737614313,polars,1.20.0,,groupby,G1_1e8_1e2_0_0,1737623096.62822,finish,9,1,c6id.4xlarge
ip-172-31-18-189,1737614313,polars,1.20.0,,groupby,G1_1e8_1e1_0_0,1737623111.64333,start,,,c6id.4xlarge
ip-172-31-18-189,1737614313,polars,1.20.0,,groupby,G1_1e8_1e1_0_0,1737623137.42831,finish,9,1,c6id.4xlarge
ip-172-31-18-189,1737614313,polars,1.20.0,,groupby,G1_1e8_2e0_0_0,1737623152.44341,start,,,c6id.4xlarge
ip-172-31-18-189,1737614313,polars,1.20.0,,groupby,G1_1e8_2e0_0_0,1737623190.24566,finish,9,1,c6id.4xlarge
ip-172-31-18-189,1737614313,polars,1.20.0,,groupby,G1_1e8_1e2_0_1,1737623205.26074,start,,,c6id.4xlarge
ip-172-31-18-189,1737614313,polars,1.20.0,,groupby,G1_1e8_1e2_0_1,1737623223.16391,finish,9,1,c6id.4xlarge
ip-172-31-18-189,1737614313,polars,1.20.0,,groupby,G1_1e8_1e2_5_0,1737623238.179,start,,,c6id.4xlarge
ip-172-31-18-189,1737614313,polars,1.20.0,,groupby,G1_1e8_1e2_5_0,1737623255.94158,finish,9,1,c6id.4xlarge
ip-172-31-18-189,1737614313,polars,1.20.0,,join,J1_1e7_NA_0_0,1737623270.95667,start,,,c6id.4xlarge
ip-172-31-18-189,1737614313,polars,1.20.0,,join,J1_1e7_NA_0_0,1737623278.49515,finish,9,1,c6id.4xlarge
ip-172-31-18-189,1737614313,polars,1.20.0,,join,J1_1e7_NA_5_0,1737623293.51024,start,,,c6id.4xlarge
ip-172-31-18-189,1737614313,polars,1.20.0,,join,J1_1e7_NA_5_0,1737623301.14571,finish,9,1,c6id.4xlarge
ip-172-31-18-189,1737614313,polars,1.20.0,,join,J1_1e7_NA_0_1,1737623316.16081,start,,,c6id.4xlarge
ip-172-31-18-189,1737614313,polars,1.20.0,,join,J1_1e7_NA_0_1,1737623323.58271,finish,9,1,c6id.4xlarge
ip-172-31-18-189,1737614313,polars,1.20.0,,join,J1_1e8_NA_0_0,1737623338.59781,start,,,c6id.4xlarge
ip-172-31-18-189,1737614313,polars,1.20.0,,join,J1_1e8_NA_0_0,1737623437.66959,finish,9,1,c6id.4xlarge
ip-172-31-18-189,1737614313,polars,1.20.0,,join,J1_1e8_NA_5_0,1737623452.68465,start,,,c6id.4xlarge
ip-172-31-18-189,1737614313,polars,1.20.0,,join,J1_1e8_NA_5_0,1737623550.26637,finish,9,1,c6id.4xlarge
ip-172-31-18-189,1737614313,polars,1.20.0,,join,J1_1e8_NA_0_1,1737623565.28144,start,,,c6id.4xlarge
ip-172-31-18-189,1737614313,polars,1.20.0,,join,J1_1e8_NA_0_1,1737623664.39746,finish,9,1,c6id.4xlarge
ip-172-31-18-189,1737614313,R-arrow,18.1.0.1,,groupby,G1_1e7_1e2_0_0,1737623679.41257,start,,,c6id.4xlarge
ip-172-31-18-189,1737614313,R-arrow,18.1.0.1,,groupby,G1_1e7_1e2_0_0,1737623686.70253,finish,3,0,c6id.4xlarge
ip-172-31-18-189,1737614313,R-arrow,18.1.0.1,,groupby,G1_1e7_1e1_0_0,1737623701.71762,start,,,c6id.4xlarge
ip-172-31-18-189,1737614313,R-arrow,18.1.0.1,,groupby,G1_1e7_1e1_0_0,1737623710.64657,finish,3,0,c6id.4xlarge
ip-172-31-18-189,1737614313,R-arrow,18.1.0.1,,groupby,G1_1e7_2e0_0_0,1737623725.66167,start,,,c6id.4xlarge
ip-172-31-18-189,1737614313,R-arrow,18.1.0.1,,groupby,G1_1e7_2e0_0_0,1737623745.52029,finish,3,0,c6id.4xlarge
ip-172-31-18-189,1737614313,R-arrow,18.1.0.1,,groupby,G1_1e7_1e2_0_1,1737623760.53538,start,,,c6id.4xlarge
ip-172-31-18-189,1737614313,R-arrow,18.1.0.1,,groupby,G1_1e7_1e2_0_1,1737623767.45706,finish,3,0,c6id.4xlarge
ip-172-31-18-189,1737614313,R-arrow,18.1.0.1,,groupby,G1_1e7_1e2_5_0,1737623782.47216,start,,,c6id.4xlarge
ip-172-31-18-189,1737614313,R-arrow,18.1.0.1,,groupby,G1_1e7_1e2_5_0,1737623789.43737,finish,3,0,c6id.4xlarge
ip-172-31-18-189,1737614313,R-arrow,18.1.0.1,,groupby,G1_1e8_1e2_0_0,1737623804.45245,start,,,c6id.4xlarge
ip-172-31-18-189,1737614313,R-arrow,18.1.0.1,,groupby,G1_1e8_1e2_0_0,1737623832.25108,finish,3,0,c6id.4xlarge
ip-172-31-18-189,1737614313,R-arrow,18.1.0.1,,groupby,G1_1e8_1e1_0_0,1737623847.26618,start,,,c6id.4xlarge
ip-172-31-18-189,1737614313,R-arrow,18.1.0.1,,groupby,G1_1e8_1e1_0_0,1737623942.49968,finish,3,0,c6id.4xlarge
ip-172-31-18-189,1737614313,R-arrow,18.1.0.1,,groupby,G1_1e8_2e0_0_0,1737623957.51544,start,,,c6id.4xlarge
ip-172-31-18-189,1737614313,R-arrow,18.1.0.1,,groupby,G1_1e8_2e0_0_0,1737624156.19671,finish,3,0,c6id.4xlarge
ip-172-31-18-189,1737614313,R-arrow,18.1.0.1,,groupby,G1_1e8_1e2_0_1,1737624171.2118,start,,,c6id.4xlarge
ip-172-31-18-189,1737614313,R-arrow,18.1.0.1,,groupby,G1_1e8_1e2_0_1,1737624199.07952,finish,3,0,c6id.4xlarge
ip-172-31-18-189,1737614313,R-arrow,18.1.0.1,,groupby,G1_1e8_1e2_5_0,1737624214.09461,start,,,c6id.4xlarge
ip-172-31-18-189,1737614313,R-arrow,18.1.0.1,,groupby,G1_1e8_1e2_5_0,1737624242.04977,finish,3,0,c6id.4xlarge
ip-172-31-18-189,1737614313,R-arrow,18.1.0.1,,join,J1_1e7_NA_0_0,1737624257.06486,start,,,c6id.4xlarge
ip-172-31-18-189,1737614313,R-arrow,18.1.0.1,,join,J1_1e7_NA_0_0,1737624304.05378,finish,0,0,c6id.4xlarge
ip-172-31-18-189,1737614313,R-arrow,18.1.0.1,,join,J1_1e7_NA_5_0,1737624319.06888,start,,,c6id.4xlarge
ip-172-31-18-189,1737614313,R-arrow,18.1.0.1,,join,J1_1e7_NA_5_0,1737624365.88856,finish,0,0,c6id.4xlarge
ip-172-31-18-189,1737614313,R-arrow,18.1.0.1,,join,J1_1e7_NA_0_1,1737624380.90365,start,,,c6id.4xlarge
ip-172-31-18-189,1737614313,R-arrow,18.1.0.1,,join,J1_1e7_NA_0_1,1737624424.81804,finish,0,0,c6id.4xlarge
ip-172-31-18-189,1737614313,R-arrow,18.1.0.1,,join,J1_1e8_NA_0_0,1737624439.83313,start,,,c6id.4xlarge
ip-172-31-18-189,1737614313,R-arrow,18.1.0.1,,join,J1_1e8_NA_0_0,1737624529.10559,finish,0,15,c6id.4xlarge
ip-172-31-18-189,1737626238,duckdb,1.1.0,fa5c2fe15f,groupby,G1_1e7_1e2_0_0,1737626239.69947,start,,,c6id.4xlarge
ip-172-31-18-189,1737626238,duckdb,1.1.0,fa5c2fe15f,groupby,G1_1e7_1e2_0_0,1737626245.13179,finish,2,0,c6id.4xlarge
ip-172-31-18-189,1737626238,duckdb,1.1.0,fa5c2fe15f,groupby,G1_1e7_1e1_0_0,1737626260.14034,start,,,c6id.4xlarge
ip-172-31-18-189,1737626238,duckdb,1.1.0,fa5c2fe15f,groupby,G1_1e7_1e1_0_0,1737626266.05323,finish,2,0,c6id.4xlarge
ip-172-31-18-189,1737626238,duckdb,1.1.0,fa5c2fe15f,groupby,G1_1e7_2e0_0_0,1737626281.06833,start,,,c6id.4xlarge
ip-172-31-18-189,1737626238,duckdb,1.1.0,fa5c2fe15f,groupby,G1_1e7_2e0_0_0,1737626286.70649,finish,2,0,c6id.4xlarge
ip-172-31-18-189,1737626238,duckdb,1.1.0,fa5c2fe15f,groupby,G1_1e7_1e2_0_1,1737626301.72157,start,,,c6id.4xlarge
ip-172-31-18-189,1737626238,duckdb,1.1.0,fa5c2fe15f,groupby,G1_1e7_1e2_0_1,1737626306.83861,finish,2,0,c6id.4xlarge
ip-172-31-18-189,1737626238,duckdb,1.1.0,fa5c2fe15f,groupby,G1_1e7_1e2_5_0,1737626321.8537,start,,,c6id.4xlarge
ip-172-31-18-189,1737626238,duckdb,1.1.0,fa5c2fe15f,groupby,G1_1e7_1e2_5_0,1737626327.05007,finish,2,0,c6id.4xlarge
ip-172-31-18-189,1737626238,duckdb,1.1.0,fa5c2fe15f,groupby,G1_1e8_1e2_0_0,1737626342.06517,start,,,c6id.4xlarge
ip-172-31-18-189,1737626238,duckdb,1.1.0,fa5c2fe15f,groupby,G1_1e8_1e2_0_0,1737626382.62732,finish,2,0,c6id.4xlarge
ip-172-31-18-189,1737626238,duckdb,1.1.0,fa5c2fe15f,groupby,G1_1e8_1e1_0_0,1737626397.64242,start,,,c6id.4xlarge
ip-172-31-18-189,1737626238,duckdb,1.1.0,fa5c2fe15f,groupby,G1_1e8_1e1_0_0,1737626441.34059,finish,2,0,c6id.4xlarge
ip-172-31-18-189,1737626238,duckdb,1.1.0,fa5c2fe15f,groupby,G1_1e8_2e0_0_0,1737626456.35568,start,,,c6id.4xlarge
ip-172-31-18-189,1737626238,duckdb,1.1.0,fa5c2fe15f,groupby,G1_1e8_2e0_0_0,1737626500.41135,finish,2,0,c6id.4xlarge
ip-172-31-18-189,1737626238,duckdb,1.1.0,fa5c2fe15f,groupby,G1_1e8_1e2_0_1,1737626515.42644,start,,,c6id.4xlarge
ip-172-31-18-189,1737626238,duckdb,1.1.0,fa5c2fe15f,groupby,G1_1e8_1e2_0_1,1737626554.01742,finish,2,0,c6id.4xlarge
ip-172-31-18-189,1737626238,duckdb,1.1.0,fa5c2fe15f,groupby,G1_1e8_1e2_5_0,1737626569.03251,start,,,c6id.4xlarge
ip-172-31-18-189,1737626238,duckdb,1.1.0,fa5c2fe15f,groupby,G1_1e8_1e2_5_0,1737626607.87137,finish,2,0,c6id.4xlarge
ip-172-31-18-189,1737626238,duckdb,1.1.0,fa5c2fe15f,join,J1_1e7_NA_0_0,1737626622.88646,start,,,c6id.4xlarge
ip-172-31-18-189,1737626238,duckdb,1.1.0,fa5c2fe15f,join,J1_1e7_NA_0_0,1737626629.92851,finish,0,0,c6id.4xlarge
ip-172-31-18-189,1737626238,duckdb,1.1.0,fa5c2fe15f,join,J1_1e7_NA_5_0,1737626644.9436,start,,,c6id.4xlarge
ip-172-31-18-189,1737626238,duckdb,1.1.0,fa5c2fe15f,join,J1_1e7_NA_5_0,1737626652.12031,finish,0,0,c6id.4xlarge
ip-172-31-18-189,1737626238,duckdb,1.1.0,fa5c2fe15f,join,J1_1e7_NA_0_1,1737626667.1354,start,,,c6id.4xlarge
ip-172-31-18-189,1737626238,duckdb,1.1.0,fa5c2fe15f,join,J1_1e7_NA_0_1,1737626673.73249,finish,0,0,c6id.4xlarge
ip-172-31-18-189,1737626238,duckdb,1.1.0,fa5c2fe15f,join,J1_1e8_NA_0_0,1737626688.74757,start,,,c6id.4xlarge
ip-172-31-18-189,1737626238,duckdb,1.1.0,fa5c2fe15f,join,J1_1e8_NA_0_0,1737626787.0638,finish,0,0,c6id.4xlarge
ip-172-31-18-189,1737626238,duckdb,1.1.0,fa5c2fe15f,join,J1_1e8_NA_5_0,1737626802.07889,start,,,c6id.4xlarge
ip-172-31-18-189,1737626238,duckdb,1.1.0,fa5c2fe15f,join,J1_1e8_NA_5_0,1737626947.33347,finish,0,0,c6id.4xlarge
ip-172-31-18-189,1737626238,duckdb,1.1.0,fa5c2fe15f,join,J1_1e8_NA_0_1,1737626962.34856,start,,,c6id.4xlarge
ip-172-31-18-189,1737626238,duckdb,1.1.0,fa5c2fe15f,join,J1_1e8_NA_0_1,1737627057.32857,finish,0,0,c6id.4xlarge
ip-172-31-18-189,1737626238,datafusion,43.1.0,,groupby,G1_1e7_1e2_0_0,1737627072.34364,start,,,c6id.4xlarge
ip-172-31-18-189,1737626238,datafusion,43.1.0,,groupby,G1_1e7_1e2_0_0,1737627072.5105,finish,4,1,c6id.4xlarge
ip-172-31-18-189,1737626238,datafusion,43.1.0,,groupby,G1_1e7_1e1_0_0,1737627087.52558,start,,,c6id.4xlarge
ip-172-31-18-189,1737626238,datafusion,43.1.0,,groupby,G1_1e7_1e1_0_0,1737627087.68085,finish,4,1,c6id.4xlarge
ip-172-31-18-189,1737626238,datafusion,43.1.0,,groupby,G1_1e7_2e0_0_0,1737627102.69596,start,,,c6id.4xlarge
ip-172-31-18-189,1737626238,datafusion,43.1.0,,groupby,G1_1e7_2e0_0_0,1737627102.85045,finish,4,1,c6id.4xlarge
ip-172-31-18-189,1737626238,datafusion,43.1.0,,groupby,G1_1e7_1e2_0_1,1737627117.86553,start,,,c6id.4xlarge
ip-172-31-18-189,1737626238,datafusion,43.1.0,,groupby,G1_1e7_1e2_0_1,1737627118.01942,finish,4,1,c6id.4xlarge
ip-172-31-18-189,1737626238,datafusion,43.1.0,,groupby,G1_1e7_1e2_5_0,1737627133.0345,start,,,c6id.4xlarge
ip-172-31-18-189,1737626238,datafusion,43.1.0,,groupby,G1_1e7_1e2_5_0,1737627133.18824,finish,4,1,c6id.4xlarge
ip-172-31-18-189,1737626238,datafusion,43.1.0,,groupby,G1_1e8_1e2_0_0,1737627148.20333,start,,,c6id.4xlarge
ip-172-31-18-189,1737626238,datafusion,43.1.0,,groupby,G1_1e8_1e2_0_0,1737627148.35643,finish,4,1,c6id.4xlarge
ip-172-31-18-189,1737626238,datafusion,43.1.0,,groupby,G1_1e8_1e1_0_0,1737627163.37151,start,,,c6id.4xlarge
ip-172-31-18-189,1737626238,datafusion,43.1.0,,groupby,G1_1e8_1e1_0_0,1737627163.52631,finish,4,1,c6id.4xlarge
ip-172-31-18-189,1737626238,datafusion,43.1.0,,groupby,G1_1e8_2e0_0_0,1737627178.5414,start,,,c6id.4xlarge
ip-172-31-18-189,1737626238,datafusion,43.1.0,,groupby,G1_1e8_2e0_0_0,1737627178.6964,finish,4,1,c6id.4xlarge
ip-172-31-18-189,1737626238,datafusion,43.1.0,,groupby,G1_1e8_1e2_0_1,1737627193.7115,start,,,c6id.4xlarge
ip-172-31-18-189,1737626238,datafusion,43.1.0,,groupby,G1_1e8_1e2_0_1,1737627193.86747,finish,4,1,c6id.4xlarge
ip-172-31-18-189,1737626238,datafusion,43.1.0,,groupby,G1_1e8_1e2_5_0,1737627208.88256,start,,,c6id.4xlarge
ip-172-31-18-189,1737626238,datafusion,43.1.0,,groupby,G1_1e8_1e2_5_0,1737627209.03791,finish,4,1,c6id.4xlarge
ip-172-31-18-189,1737626238,datafusion,43.1.0,,join,J1_1e7_NA_0_0,1737627224.05299,start,,,c6id.4xlarge
ip-172-31-18-189,1737626238,datafusion,43.1.0,,join,J1_1e7_NA_0_0,1737627224.20774,finish,4,1,c6id.4xlarge
ip-172-31-18-189,1737626238,datafusion,43.1.0,,join,J1_1e7_NA_5_0,1737627239.22283,start,,,c6id.4xlarge
ip-172-31-18-189,1737626238,datafusion,43.1.0,,join,J1_1e7_NA_5_0,1737627239.37946,finish,4,1,c6id.4xlarge
ip-172-31-18-189,1737626238,datafusion,43.1.0,,join,J1_1e7_NA_0_1,1737627254.39455,start,,,c6id.4xlarge
ip-172-31-18-189,1737626238,datafusion,43.1.0,,join,J1_1e7_NA_0_1,1737627254.54991,finish,4,1,c6id.4xlarge
ip-172-31-18-189,1737626238,datafusion,43.1.0,,join,J1_1e8_NA_0_0,1737627269.56501,start,,,c6id.4xlarge
ip-172-31-18-189,1737626238,datafusion,43.1.0,,join,J1_1e8_NA_0_0,1737627269.72048,finish,4,1,c6id.4xlarge
ip-172-31-18-189,1737626238,datafusion,43.1.0,,join,J1_1e8_NA_5_0,1737627284.7356,start,,,c6id.4xlarge
ip-172-31-18-189,1737626238,datafusion,43.1.0,,join,J1_1e8_NA_5_0,1737627284.89175,finish,4,1,c6id.4xlarge
ip-172-31-18-189,1737626238,datafusion,43.1.0,,join,J1_1e8_NA_0_1,1737627299.90687,start,,,c6id.4xlarge
ip-172-31-18-189,1737626238,datafusion,43.1.0,,join,J1_1e8_NA_0_1,1737627300.0615,finish,4,1,c6id.4xlarge
ip-172-31-18-189,1737632433,collapse,2.0.19,,groupby,G1_1e9_1e2_0_0,1737632435.105,start,,,c6id.4xlarge
ip-172-31-18-189,1737632433,collapse,2.0.19,,groupby,G1_1e9_1e2_0_0,1737632435.49409,finish,4,1,c6id.4xlarge
ip-172-31-18-189,1737632433,collapse,2.0.19,,groupby,G1_1e9_1e1_0_0,1737632450.50918,start,,,c6id.4xlarge
ip-172-31-18-189,1737632433,collapse,2.0.19,,groupby,G1_1e9_1e1_0_0,1737632450.89763,finish,4,1,c6id.4xlarge
ip-172-31-18-189,1737632433,collapse,2.0.19,,groupby,G1_1e9_2e0_0_0,1737632465.91271,start,,,c6id.4xlarge
ip-172-31-18-189,1737632433,collapse,2.0.19,,groupby,G1_1e9_2e0_0_0,1737632466.28571,finish,4,1,c6id.4xlarge
ip-172-31-18-189,1737632433,collapse,2.0.19,,groupby,G1_1e9_1e2_0_1,1737632481.3008,start,,,c6id.4xlarge
ip-172-31-18-189,1737632433,collapse,2.0.19,,groupby,G1_1e9_1e2_0_1,1737632481.67133,finish,4,1,c6id.4xlarge
ip-172-31-18-189,1737632433,collapse,2.0.19,,groupby,G1_1e9_1e2_5_0,1737632496.68642,start,,,c6id.4xlarge
ip-172-31-18-189,1737632433,collapse,2.0.19,,groupby,G1_1e9_1e2_5_0,1737632497.05593,finish,4,1,c6id.4xlarge
ip-172-31-18-189,1737632433,collapse,2.0.19,,join,J1_1e9_NA_0_0,1737632512.07101,start,,,c6id.4xlarge
ip-172-31-18-189,1737632433,collapse,2.0.19,,join,J1_1e9_NA_0_0,1737632512.45925,finish,4,1,c6id.4xlarge
ip-172-31-18-189,1737632433,spark,3.5.4,,groupby,G1_1e9_1e2_0_0,1737632527.47433,start,,,c6id.4xlarge
ip-172-31-18-189,1737632433,spark,3.5.4,,groupby,G1_1e9_1e2_0_0,1737632532.64147,finish,16,1,c6id.4xlarge
ip-172-31-18-189,1737632433,spark,3.5.4,,groupby,G1_1e9_1e1_0_0,1737632547.65482,start,,,c6id.4xlarge
ip-172-31-18-189,1737632433,spark,3.5.4,,groupby,G1_1e9_1e1_0_0,1737632551.38217,finish,16,1,c6id.4xlarge
ip-172-31-18-189,1737632433,spark,3.5.4,,groupby,G1_1e9_2e0_0_0,1737632566.39731,start,,,c6id.4xlarge
ip-172-31-18-189,1737632433,spark,3.5.4,,groupby,G1_1e9_2e0_0_0,1737632570.04761,finish,16,1,c6id.4xlarge
ip-172-31-18-189,1737632433,spark,3.5.4,,groupby,G1_1e9_1e2_0_1,1737632585.06273,start,,,c6id.4xlarge
ip-172-31-18-189,1737632433,spark,3.5.4,,groupby,G1_1e9_1e2_0_1,1737632588.6884,finish,16,1,c6id.4xlarge
ip-172-31-18-189,1737632433,spark,3.5.4,,groupby,G1_1e9_1e2_5_0,1737632603.70352,start,,,c6id.4xlarge
ip-172-31-18-189,1737632433,spark,3.5.4,,groupby,G1_1e9_1e2_5_0,1737632607.29403,finish,16,1,c6id.4xlarge
ip-172-31-18-189,1737632433,spark,3.5.4,,join,J1_1e9_NA_0_0,1737632622.30914,start,,,c6id.4xlarge
ip-172-31-18-189,1737632433,spark,3.5.4,,join,J1_1e9_NA_0_0,1737632625.95857,finish,16,1,c6id.4xlarge
ip-172-31-18-189,1737632433,polars,1.20.0,,groupby,G1_1e9_1e2_0_0,1737632640.97367,start,,,c6id.4xlarge
ip-172-31-18-189,1737632433,polars,1.20.0,,groupby,G1_1e9_1e2_0_0,1737632641.23923,finish,20,1,c6id.4xlarge
ip-172-31-18-189,1737632433,polars,1.20.0,,groupby,G1_1e9_1e1_0_0,1737632656.25433,start,,,c6id.4xlarge
ip-172-31-18-189,1737632433,polars,1.20.0,,groupby,G1_1e9_1e1_0_0,1737632656.50939,finish,20,1,c6id.4xlarge
ip-172-31-18-189,1737632433,polars,1.20.0,,groupby,G1_1e9_2e0_0_0,1737632671.52448,start,,,c6id.4xlarge
ip-172-31-18-189,1737632433,polars,1.20.0,,groupby,G1_1e9_2e0_0_0,1737632671.77953,finish,20,1,c6id.4xlarge
ip-172-31-18-189,1737632433,polars,1.20.0,,groupby,G1_1e9_1e2_0_1,1737632686.79463,start,,,c6id.4xlarge
ip-172-31-18-189,1737632433,polars,1.20.0,,groupby,G1_1e9_1e2_0_1,1737632687.0512,finish,20,1,c6id.4xlarge
ip-172-31-18-189,1737632433,polars,1.20.0,,groupby,G1_1e9_1e2_5_0,1737632702.06631,start,,,c6id.4xlarge
ip-172-31-18-189,1737632433,polars,1.20.0,,groupby,G1_1e9_1e2_5_0,1737632702.31992,finish,20,1,c6id.4xlarge
ip-172-31-18-189,1737632433,polars,1.20.0,,join,J1_1e9_NA_0_0,1737632717.33501,start,,,c6id.4xlarge
ip-172-31-18-189,1737632433,polars,1.20.0,,join,J1_1e9_NA_0_0,1737632717.58937,finish,20,1,c6id.4xlarge
ip-172-31-18-189,1737632433,duckdb,1.1.0,fa5c2fe15f,groupby,G1_1e9_1e2_0_0,1737632732.60444,start,,,c6id.4xlarge
ip-172-31-18-189,1737632433,duckdb,1.1.0,fa5c2fe15f,groupby,G1_1e9_1e2_0_0,1737632733.03032,finish,5,1,c6id.4xlarge
ip-172-31-18-189,1737632433,duckdb,1.1.0,fa5c2fe15f,groupby,G1_1e9_1e1_0_0,1737632748.04541,start,,,c6id.4xlarge
ip-172-31-18-189,1737632433,duckdb,1.1.0,fa5c2fe15f,groupby,G1_1e9_1e1_0_0,1737632748.46653,finish,5,1,c6id.4xlarge
ip-172-31-18-189,1737632433,duckdb,1.1.0,fa5c2fe15f,groupby,G1_1e9_2e0_0_0,1737632763.48162,start,,,c6id.4xlarge
ip-172-31-18-189,1737632433,duckdb,1.1.0,fa5c2fe15f,groupby,G1_1e9_2e0_0_0,1737632763.90424,finish,5,1,c6id.4xlarge
ip-172-31-18-189,1737632433,duckdb,1.1.0,fa5c2fe15f,groupby,G1_1e9_1e2_0_1,1737632778.91934,start,,,c6id.4xlarge
ip-172-31-18-189,1737632433,duckdb,1.1.0,fa5c2fe15f,groupby,G1_1e9_1e2_0_1,1737632779.34189,finish,5,1,c6id.4xlarge
ip-172-31-18-189,1737632433,duckdb,1.1.0,fa5c2fe15f,groupby,G1_1e9_1e2_5_0,1737632794.357,start,,,c6id.4xlarge
ip-172-31-18-189,1737632433,duckdb,1.1.0,fa5c2fe15f,groupby,G1_1e9_1e2_5_0,1737632794.7813,finish,5,1,c6id.4xlarge
ip-172-31-18-189,1737632433,duckdb,1.1.0,fa5c2fe15f,join,J1_1e9_NA_0_0,1737632809.79638,start,,,c6id.4xlarge
ip-172-31-18-189,1737632433,duckdb,1.1.0,fa5c2fe15f,join,J1_1e9_NA_0_0,1737632810.24784,finish,5,1,c6id.4xlarge
ip-172-31-18-189,1737632433,datafusion,43.1.0,,groupby,G1_1e9_1e2_0_0,1737632825.26307,start,,,c6id.4xlarge
ip-172-31-18-189,1737632433,datafusion,43.1.0,,groupby,G1_1e9_1e2_0_0,1737632825.41907,finish,4,1,c6id.4xlarge
ip-172-31-18-189,1737632433,datafusion,43.1.0,,groupby,G1_1e9_1e1_0_0,1737632840.43416,start,,,c6id.4xlarge
ip-172-31-18-189,1737632433,datafusion,43.1.0,,groupby,G1_1e9_1e1_0_0,1737632840.59055,finish,4,1,c6id.4xlarge
ip-172-31-18-189,1737632433,datafusion,43.1.0,,groupby,G1_1e9_2e0_0_0,1737632855.60564,start,,,c6id.4xlarge
ip-172-31-18-189,1737632433,datafusion,43.1.0,,groupby,G1_1e9_2e0_0_0,1737632855.75952,finish,4,1,c6id.4xlarge
ip-172-31-18-189,1737632433,datafusion,43.1.0,,groupby,G1_1e9_1e2_0_1,1737632870.77462,start,,,c6id.4xlarge
ip-172-31-18-189,1737632433,datafusion,43.1.0,,groupby,G1_1e9_1e2_0_1,1737632870.92902,finish,4,1,c6id.4xlarge
ip-172-31-18-189,1737632433,datafusion,43.1.0,,groupby,G1_1e9_1e2_5_0,1737632885.94411,start,,,c6id.4xlarge
ip-172-31-18-189,1737632433,datafusion,43.1.0,,groupby,G1_1e9_1e2_5_0,1737632886.09913,finish,4,1,c6id.4xlarge
ip-172-31-18-189,1737632433,datafusion,43.1.0,,join,J1_1e9_NA_0_0,1737632901.11421,start,,,c6id.4xlarge
ip-172-31-18-189,1737632433,datafusion,43.1.0,,join,J1_1e9_NA_0_0,1737632901.26976,finish,4,1,c6id.4xlarge
ip-172-31-18-189,1737638697,collapse,2.0.19,,groupby,G1_1e9_1e2_0_0,1737638717.49555,start,,,c6id.4xlarge
ip-172-31-18-189,1737638697,collapse,2.0.19,,groupby,G1_1e9_1e2_0_0,1737638717.89244,finish,3,1,c6id.4xlarge
ip-172-31-18-189,1737638697,collapse,2.0.19,,groupby,G1_1e9_1e1_0_0,1737638732.90751,start,,,c6id.4xlarge
ip-172-31-18-189,1737638697,collapse,2.0.19,,groupby,G1_1e9_1e1_0_0,1737638733.29268,finish,3,1,c6id.4xlarge
ip-172-31-18-189,1737638697,collapse,2.0.19,,groupby,G1_1e9_2e0_0_0,1737638748.30777,start,,,c6id.4xlarge
ip-172-31-18-189,1737638697,collapse,2.0.19,,groupby,G1_1e9_2e0_0_0,1737638748.68231,finish,3,1,c6id.4xlarge
ip-172-31-18-189,1737638915,spark,3.5.4,,groupby,G1_1e9_1e2_0_0,1737638916.11657,start,,,c6id.4xlarge
ip-172-31-18-189,1737638915,spark,3.5.4,,groupby,G1_1e9_1e2_0_0,1737639366.8157,finish,79,15,c6id.4xlarge
ip-172-31-18-189,1737639482,clickhouse,24.12.3.47,,groupby,G1_1e9_1e2_0_0,1737639484.35302,start,,,c6id.4xlarge
ip-172-31-18-189,1737639482,clickhouse,24.12.3.47,,groupby,G1_1e9_1e2_0_0,1737639487.41374,finish,3,241,c6id.4xlarge
ip-172-31-18-189,1737639482,clickhouse,24.12.3.47,,groupby,G1_1e9_1e1_0_0,1737639502.41721,start,,,c6id.4xlarge
ip-172-31-18-189,1737639482,clickhouse,24.12.3.47,,groupby,G1_1e9_1e1_0_0,1737639503.3514,finish,3,241,c6id.4xlarge
ip-172-31-18-189,1737639482,clickhouse,24.12.3.47,,groupby,G1_1e9_2e0_0_0,1737639518.36654,start,,,c6id.4xlarge
ip-172-31-18-189,1737639482,clickhouse,24.12.3.47,,groupby,G1_1e9_2e0_0_0,1737639519.2898,finish,3,241,c6id.4xlarge
ip-172-31-18-189,1737639482,clickhouse,24.12.3.47,,groupby,G1_1e9_1e2_0_1,1737639534.29949,start,,,c6id.4xlarge
ip-172-31-18-189,1737639482,clickhouse,24.12.3.47,,groupby,G1_1e9_1e2_0_1,1737639535.21558,finish,3,241,c6id.4xlarge
ip-172-31-18-189,1737639482,clickhouse,24.12.3.47,,groupby,G1_1e9_1e2_5_0,1737639550.21853,start,,,c6id.4xlarge
ip-172-31-18-189,1737639482,clickhouse,24.12.3.47,,groupby,G1_1e9_1e2_5_0,1737639551.13435,finish,3,241,c6id.4xlarge
ip-172-31-18-189,1737640990,clickhouse,24.12.3.47,,groupby,G1_1e9_1e2_0_0,1737641009.71477,start,,,c6id.4xlarge
ip-172-31-18-189,1737640990,clickhouse,24.12.3.47,,groupby,G1_1e9_1e2_0_0,1737642082.01306,finish,3,241,c6id.4xlarge
ip-172-31-18-189,1737640990,clickhouse,24.12.3.47,,groupby,G1_1e9_1e1_0_0,1737642097.02806,start,,,c6id.4xlarge
ip-172-31-18-189,1737640990,clickhouse,24.12.3.47,,groupby,G1_1e9_1e1_0_0,1737642528.00044,finish,3,243,c6id.4xlarge
ip-172-31-18-189,1737640990,clickhouse,24.12.3.47,,groupby,G1_1e9_2e0_0_0,1737642543.01559,start,,,c6id.4xlarge
ip-172-31-18-189,1737640990,clickhouse,24.12.3.47,,groupby,G1_1e9_2e0_0_0,1737642547.35447,finish,3,243,c6id.4xlarge
ip-172-31-18-189,1737640990,clickhouse,24.12.3.47,,groupby,G1_1e9_1e2_0_1,1737642562.35479,start,,,c6id.4xlarge
ip-172-31-18-189,1737640990,clickhouse,24.12.3.47,,groupby,G1_1e9_1e2_0_1,1737642618.0897,finish,3,243,c6id.4xlarge
ip-172-31-18-189,1737640990,clickhouse,24.12.3.47,,groupby,G1_1e9_1e2_5_0,1737642633.10484,start,,,c6id.4xlarge
ip-172-31-18-189,1737640990,clickhouse,24.12.3.47,,groupby,G1_1e9_1e2_5_0,1737642637.00903,finish,5,243,c6id.4xlarge
ip-172-31-18-189,1737640990,clickhouse,24.12.3.47,,join,J1_1e9_NA_0_0,1737642652.02418,start,,,c6id.4xlarge
ip-172-31-18-189,1737640990,clickhouse,24.12.3.47,,join,J1_1e9_NA_0_0,1737642656.37742,finish,3,243,c6id.4xlarge
ip-172-31-18-189,1737640990,polars,1.20.0,,groupby,G1_1e9_1e2_0_0,1737642671.38173,start,,,c6id.4xlarge
ip-172-31-18-189,1737640990,polars,1.20.0,,groupby,G1_1e9_1e2_0_0,1737642691.95393,finish,0,15,c6id.4xlarge
ip-172-31-18-189,1737642805,duckdb,1.1.0,fa5c2fe15f,groupby,G1_1e9_1e2_0_0,1737642806.5377,start,,,c6id.4xlarge
ip-172-31-18-189,1737642805,duckdb,1.1.0,fa5c2fe15f,groupby,G1_1e9_1e2_0_0,1737642807.07549,finish,5,1,c6id.4xlarge
ip-172-31-18-189,1737642805,duckdb,1.1.0,fa5c2fe15f,groupby,G1_1e9_1e1_0_0,1737642822.09059,start,,,c6id.4xlarge
ip-172-31-18-189,1737642805,duckdb,1.1.0,fa5c2fe15f,groupby,G1_1e9_1e1_0_0,1737642822.52163,finish,5,1,c6id.4xlarge
ip-172-31-18-189,1737642873,duckdb,1.1.0,fa5c2fe15f,groupby,G1_1e9_1e2_0_0,1737642874.64843,start,,,c6id.4xlarge
ip-172-31-18-189,1737642873,duckdb,1.1.0,fa5c2fe15f,groupby,G1_1e9_1e2_0_0,1737643699.06477,finish,0,15,c6id.4xlarge
ip-172-31-18-189,1737642873,duckdb,1.1.0,fa5c2fe15f,groupby,G1_1e9_1e1_0_0,1737643714.07986,start,,,c6id.4xlarge
ip-172-31-18-189,1737643944,duckdb,1.1.0,fa5c2fe15f,groupby,G1_1e9_1e2_0_0,1737643945.5995,start,,,c6id.4xlarge
ip-172-31-18-189,1737643944,duckdb,1.1.0,fa5c2fe15f,groupby,G1_1e9_1e2_0_0,1737643946.02848,finish,4,1,c6id.4xlarge
ip-172-31-18-189,1737643944,duckdb,1.1.0,fa5c2fe15f,groupby,G1_1e9_1e1_0_0,1737643961.04357,start,,,c6id.4xlarge
ip-172-31-18-189,1737643944,duckdb,1.1.0,fa5c2fe15f,groupby,G1_1e9_1e1_0_0,1737643961.46534,finish,4,1,c6id.4xlarge
ip-172-31-18-189,1737644055,duckdb,1.1.0,fa5c2fe15f,groupby,G1_1e9_1e2_0_0,1737644056.59293,start,,,c6id.4xlarge
ip-172-31-18-189,1737644055,duckdb,1.1.0,fa5c2fe15f,groupby,G1_1e9_1e2_0_0,1737644057.01099,finish,4,1,c6id.4xlarge
ip-172-31-18-189,1737644055,duckdb,1.1.0,fa5c2fe15f,groupby,G1_1e9_1e1_0_0,1737644072.02609,start,,,c6id.4xlarge
ip-172-31-18-189,1737644055,duckdb,1.1.0,fa5c2fe15f,groupby,G1_1e9_1e1_0_0,1737644072.44729,finish,4,1,c6id.4xlarge
ip-172-31-18-189,1737644111,duckdb,1.1.0,fa5c2fe15f,groupby,G1_1e9_1e2_0_0,1737644112.20834,start,,,c6id.4xlarge
ip-172-31-18-189,1737644111,duckdb,1.1.0,fa5c2fe15f,groupby,G1_1e9_1e2_0_0,1737644948.46074,finish,0,15,c6id.4xlarge
ip-172-31-18-189,1737644111,duckdb,1.1.0,fa5c2fe15f,groupby,G1_1e9_1e1_0_0,1737644963.47438,start,,,c6id.4xlarge
ip-172-31-18-189,1737645471,duckdb,1.1.0,fa5c2fe15f,groupby,G1_1e9_1e2_0_0,1737645473.20436,start,,,c6id.4xlarge
ip-172-31-18-189,1737645471,duckdb,1.1.0,fa5c2fe15f,groupby,G1_1e9_1e2_0_0,1737646306.62057,finish,1,15,c6id.4xlarge
ip-172-31-18-189,1737645471,duckdb,1.1.0,fa5c2fe15f,groupby,G1_1e9_1e1_0_0,1737646321.63567,start,,,c6id.4xlarge
ip-172-31-18-189,1737646471,duckdb,1.1.0,fa5c2fe15f,groupby,G1_1e9_1e2_0_0,1737646474.30074,start,,,c6id.4xlarge
ip-172-31-18-189,1737646471,duckdb,1.1.0,fa5c2fe15f,groupby,G1_1e9_1e2_0_0,1737646615.83331,finish,5,1,c6id.4xlarge
ip-172-31-18-189,1737646471,duckdb,1.1.0,fa5c2fe15f,groupby,G1_1e9_1e1_0_0,1737646630.84843,start,,,c6id.4xlarge
ip-172-31-18-189,1737646471,duckdb,1.1.0,fa5c2fe15f,groupby,G1_1e9_1e1_0_0,1737646631.32258,finish,5,1,c6id.4xlarge
ip-172-31-18-189,1737646471,duckdb,1.1.0,fa5c2fe15f,groupby,G1_1e9_2e0_0_0,1737646646.33766,start,,,c6id.4xlarge
ip-172-31-18-189,1737646471,duckdb,1.1.0,fa5c2fe15f,groupby,G1_1e9_2e0_0_0,1737646768.27703,finish,5,1,c6id.4xlarge
ip-172-31-18-189,1737646879,duckdb,1.1.0,fa5c2fe15f,groupby,G1_1e9_1e2_0_0,1737646880.39436,start,,,c6id.4xlarge
ip-172-31-18-189,1737646879,duckdb,1.1.0,fa5c2fe15f,groupby,G1_1e9_1e2_0_0,1737648187.80667,finish,2,0,c6id.4xlarge
ip-172-31-18-189,1737646879,duckdb,1.1.0,fa5c2fe15f,groupby,G1_1e9_1e1_0_0,1737648202.82175,start,,,c6id.4xlarge
ip-172-31-18-189,1737646879,duckdb,1.1.0,fa5c2fe15f,groupby,G1_1e9_1e1_0_0,1737649530.80857,finish,2,0,c6id.4xlarge
ip-172-31-18-189,1737646879,duckdb,1.1.0,fa5c2fe15f,groupby,G1_1e9_2e0_0_0,1737649545.82363,start,,,c6id.4xlarge
ip-172-31-18-189,1737646879,duckdb,1.1.0,fa5c2fe15f,groupby,G1_1e9_2e0_0_0,1737650867.77911,finish,2,0,c6id.4xlarge
ip-172-31-18-189,1737646879,duckdb,1.1.0,fa5c2fe15f,groupby,G1_1e9_1e2_0_1,1737650882.79418,start,,,c6id.4xlarge
ip-172-31-18-189,1737646879,duckdb,1.1.0,fa5c2fe15f,groupby,G1_1e9_1e2_0_1,1737652159.48557,finish,2,0,c6id.4xlarge
ip-172-31-18-189,1737646879,duckdb,1.1.0,fa5c2fe15f,groupby,G1_1e9_1e2_5_0,1737652174.50064,start,,,c6id.4xlarge
ip-172-31-18-189,1737646879,duckdb,1.1.0,fa5c2fe15f,groupby,G1_1e9_1e2_5_0,1737653454.49812,finish,2,0,c6id.4xlarge
ip-172-31-18-189,1737646879,duckdb,1.1.0,fa5c2fe15f,join,J1_1e9_NA_0_0,1737653469.51317,start,,,c6id.4xlarge
ip-172-31-18-189,1737646879,duckdb,1.1.0,fa5c2fe15f,join,J1_1e9_NA_0_0,1737653470.15234,finish,6,1,c6id.4xlarge
ip-172-31-18-189,1737646879,datafusion,43.1.0,,groupby,G1_1e9_1e2_0_0,1737653485.16741,start,,,c6id.4xlarge
ip-172-31-18-189,1737646879,datafusion,43.1.0,,groupby,G1_1e9_1e2_0_0,1737653485.40088,finish,4,1,c6id.4xlarge
ip-172-31-18-189,1737646879,datafusion,43.1.0,,groupby,G1_1e9_1e1_0_0,1737653500.41597,start,,,c6id.4xlarge
ip-172-31-18-189,1737646879,datafusion,43.1.0,,groupby,G1_1e9_1e1_0_0,1737653500.57092,finish,4,1,c6id.4xlarge
ip-172-31-18-189,1737646879,datafusion,43.1.0,,groupby,G1_1e9_2e0_0_0,1737653515.58599,start,,,c6id.4xlarge
ip-172-31-18-189,1737646879,datafusion,43.1.0,,groupby,G1_1e9_2e0_0_0,1737653515.74295,finish,4,1,c6id.4xlarge
ip-172-31-18-189,1737646879,datafusion,43.1.0,,groupby,G1_1e9_1e2_0_1,1737653530.75803,start,,,c6id.4xlarge
ip-172-31-18-189,1737646879,datafusion,43.1.0,,groupby,G1_1e9_1e2_0_1,1737653530.91248,finish,4,1,c6id.4xlarge
ip-172-31-18-189,1737646879,datafusion,43.1.0,,groupby,G1_1e9_1e2_5_0,1737653545.92755,start,,,c6id.4xlarge
ip-172-31-18-189,1737646879,datafusion,43.1.0,,groupby,G1_1e9_1e2_5_0,1737653546.08185,finish,4,1,c6id.4xlarge
ip-172-31-18-189,1737646879,datafusion,43.1.0,,join,J1_1e9_NA_0_0,1737653561.09693,start,,,c6id.4xlarge
ip-172-31-18-189,1737646879,datafusion,43.1.0,,join,J1_1e9_NA_0_0,1737653561.25162,finish,4,1,c6id.4xlarge
ip-172-31-18-189,1737901674,duckdb,1.1.0,fa5c2fe15f,join,J1_1e9_NA_0_0,1737901693.51613,start,,,c6id.4xlarge
ip-172-31-18-189,1737901674,duckdb,1.1.0,fa5c2fe15f,join,J1_1e9_NA_0_0,1737901694.01483,finish,5,1,c6id.4xlarge
ip-172-31-18-189,1737901674,clickhouse,24.12.3.47,,join,J1_1e9_NA_0_0,1737901709.02996,start,,,c6id.4xlarge
ip-172-31-18-189,1737901674,clickhouse,24.12.3.47,,join,J1_1e9_NA_0_0,1737901710.73909,finish,3,108,c6id.4xlarge
ip-172-31-18-189,1737910731,duckdb,1.1.0,fa5c2fe15f,join,J1_1e9_NA_0_0,1737910750.87675,start,,,c6id.4xlarge
ip-172-31-18-189,1737910731,duckdb,1.1.0,fa5c2fe15f,join,J1_1e9_NA_0_0,1737911007.74818,finish,0,15,c6id.4xlarge
ip-172-31-18-189,1737913240,duckdb,1.1.0,fa5c2fe15f,join,J1_1e9_NA_0_0,1737913241.02321,start,,,c6id.4xlarge
ip-172-31-18-189,1737913240,duckdb,1.1.0,fa5c2fe15f,join,J1_1e9_NA_0_0,1737913241.55136,finish,5,1,c6id.4xlarge
ip-172-31-18-189,1737913279,duckdb,1.1.0,fa5c2fe15f,join,J1_1e9_NA_0_0,1737913280.43649,start,,,c6id.4xlarge
ip-172-31-18-189,1737913279,duckdb,1.1.0,fa5c2fe15f,join,J1_1e9_NA_0_0,1737913646.70054,finish,0,15,c6id.4xlarge
ip-172-31-18-189,1738749180,duckdb,1.2.0,84dc9bcf17,groupby,G1_1e7_1e2_0_0,1738749181.61851,start,,,c6id.4xlarge
ip-172-31-18-189,1738749180,duckdb,1.2.0,84dc9bcf17,groupby,G1_1e7_1e2_0_0,1738749186.57344,finish,0,0,c6id.4xlarge
ip-172-31-18-189,1738749180,duckdb,1.2.0,84dc9bcf17,groupby,G1_1e7_1e1_0_0,1738749201.58857,start,,,c6id.4xlarge
ip-172-31-18-189,1738749180,duckdb,1.2.0,84dc9bcf17,groupby,G1_1e7_1e1_0_0,1738749206.86294,finish,0,0,c6id.4xlarge
ip-172-31-18-189,1738749180,duckdb,1.2.0,84dc9bcf17,groupby,G1_1e7_2e0_0_0,1738749221.87809,start,,,c6id.4xlarge
ip-172-31-18-189,1738749180,duckdb,1.2.0,84dc9bcf17,groupby,G1_1e7_2e0_0_0,1738749227.09276,finish,0,0,c6id.4xlarge
ip-172-31-18-189,1738749180,duckdb,1.2.0,84dc9bcf17,groupby,G1_1e7_1e2_0_1,1738749242.10788,start,,,c6id.4xlarge
ip-172-31-18-189,1738749180,duckdb,1.2.0,84dc9bcf17,groupby,G1_1e7_1e2_0_1,1738749246.89224,finish,0,0,c6id.4xlarge
ip-172-31-18-189,1738749180,duckdb,1.2.0,84dc9bcf17,groupby,G1_1e7_1e2_5_0,1738749261.89999,start,,,c6id.4xlarge
ip-172-31-18-189,1738749180,duckdb,1.2.0,84dc9bcf17,groupby,G1_1e7_1e2_5_0,1738749266.66569,finish,0,0,c6id.4xlarge
ip-172-31-18-189,1738749180,duckdb,1.2.0,84dc9bcf17,groupby,G1_1e8_1e2_0_0,1738749281.6808,start,,,c6id.4xlarge
ip-172-31-18-189,1738749180,duckdb,1.2.0,84dc9bcf17,groupby,G1_1e8_1e2_0_0,1738749314.23119,finish,0,0,c6id.4xlarge
ip-172-31-18-189,1738749180,duckdb,1.2.0,84dc9bcf17,groupby,G1_1e8_1e1_0_0,1738749329.24629,start,,,c6id.4xlarge
ip-172-31-18-189,1738749180,duckdb,1.2.0,84dc9bcf17,groupby,G1_1e8_1e1_0_0,1738749367.91031,finish,0,0,c6id.4xlarge
ip-172-31-18-189,1738749180,duckdb,1.2.0,84dc9bcf17,groupby,G1_1e8_2e0_0_0,1738749382.91959,start,,,c6id.4xlarge
ip-172-31-18-189,1738749180,duckdb,1.2.0,84dc9bcf17,groupby,G1_1e8_2e0_0_0,1738749421.4592,finish,0,0,c6id.4xlarge
ip-172-31-18-189,1738749180,duckdb,1.2.0,84dc9bcf17,groupby,G1_1e8_1e2_0_1,1738749436.47435,start,,,c6id.4xlarge
ip-172-31-18-189,1738749180,duckdb,1.2.0,84dc9bcf17,groupby,G1_1e8_1e2_0_1,1738749467.14969,finish,0,0,c6id.4xlarge
ip-172-31-18-189,1738749180,duckdb,1.2.0,84dc9bcf17,groupby,G1_1e8_1e2_5_0,1738749482.16479,start,,,c6id.4xlarge
ip-172-31-18-189,1738749180,duckdb,1.2.0,84dc9bcf17,groupby,G1_1e8_1e2_5_0,1738749512.75514,finish,0,0,c6id.4xlarge
ip-172-31-18-189,1738749180,duckdb,1.2.0,84dc9bcf17,join,J1_1e7_NA_0_0,1738749527.76698,start,,,c6id.4xlarge
ip-172-31-18-189,1738749180,duckdb,1.2.0,84dc9bcf17,join,J1_1e7_NA_0_0,1738749534.66929,finish,0,0,c6id.4xlarge
ip-172-31-18-189,1738749180,duckdb,1.2.0,84dc9bcf17,join,J1_1e7_NA_5_0,1738749549.68439,start,,,c6id.4xlarge
ip-172-31-18-189,1738749180,duckdb,1.2.0,84dc9bcf17,join,J1_1e7_NA_5_0,1738749556.56965,finish,0,0,c6id.4xlarge
ip-172-31-18-189,1738749180,duckdb,1.2.0,84dc9bcf17,join,J1_1e7_NA_0_1,1738749571.58474,start,,,c6id.4xlarge
ip-172-31-18-189,1738749180,duckdb,1.2.0,84dc9bcf17,join,J1_1e7_NA_0_1,1738749578.16459,finish,0,0,c6id.4xlarge
ip-172-31-18-189,1738749180,duckdb,1.2.0,84dc9bcf17,join,J1_1e8_NA_0_0,1738749593.17972,start,,,c6id.4xlarge
ip-172-31-18-189,1738749180,duckdb,1.2.0,84dc9bcf17,join,J1_1e8_NA_0_0,1738749676.95872,finish,0,0,c6id.4xlarge
ip-172-31-18-189,1738749180,duckdb,1.2.0,84dc9bcf17,join,J1_1e8_NA_5_0,1738749691.97381,start,,,c6id.4xlarge
ip-172-31-18-189,1738749180,duckdb,1.2.0,84dc9bcf17,join,J1_1e8_NA_5_0,1738749799.69437,finish,0,0,c6id.4xlarge
ip-172-31-18-189,1738749180,duckdb,1.2.0,84dc9bcf17,join,J1_1e8_NA_0_1,1738749814.70946,start,,,c6id.4xlarge
ip-172-31-18-189,1738749180,duckdb,1.2.0,84dc9bcf17,join,J1_1e8_NA_0_1,1738749893.35684,finish,0,0,c6id.4xlarge
ip-172-31-18-189,1738754516,duckdb,1.2.0,84dc9bcf17,groupby,G1_1e9_1e2_0_0,1738754517.62581,start,,,c6id.4xlarge
ip-172-31-18-189,1738754516,duckdb,1.2.0,84dc9bcf17,groupby,G1_1e9_1e2_0_0,1738755529.26458,finish,0,0,c6id.4xlarge
ip-172-31-18-189,1738754516,duckdb,1.2.0,84dc9bcf17,groupby,G1_1e9_1e1_0_0,1738755544.27968,start,,,c6id.4xlarge
ip-172-31-18-189,1738754516,duckdb,1.2.0,84dc9bcf17,groupby,G1_1e9_1e1_0_0,1738756626.78014,finish,0,0,c6id.4xlarge
ip-172-31-18-189,1738754516,duckdb,1.2.0,84dc9bcf17,groupby,G1_1e9_2e0_0_0,1738756641.79525,start,,,c6id.4xlarge
ip-172-31-18-189,1738754516,duckdb,1.2.0,84dc9bcf17,groupby,G1_1e9_2e0_0_0,1738757933.45809,finish,0,0,c6id.4xlarge
ip-172-31-18-189,1738754516,duckdb,1.2.0,84dc9bcf17,groupby,G1_1e9_1e2_0_1,1738757948.47323,start,,,c6id.4xlarge
ip-172-31-18-189,1738754516,duckdb,1.2.0,84dc9bcf17,groupby,G1_1e9_1e2_0_1,1738758913.23834,finish,0,0,c6id.4xlarge
ip-172-31-18-189,1738754516,duckdb,1.2.0,84dc9bcf17,groupby,G1_1e9_1e2_5_0,1738758928.25342,start,,,c6id.4xlarge
ip-172-31-18-189,1738754516,duckdb,1.2.0,84dc9bcf17,groupby,G1_1e9_1e2_5_0,1738759888.14193,finish,0,0,c6id.4xlarge
ip-172-31-18-189,1738754516,duckdb,1.2.0,84dc9bcf17,join,J1_1e9_NA_0_0,1738759903.15701,start,,,c6id.4xlarge
ip-172-31-18-189,1738754516,duckdb,1.2.0,84dc9bcf17,join,J1_1e9_NA_0_0,1738762611.06562,finish,0,0,c6id.4xlarge
ip-172-31-18-189,1738770729,clickhouse,25.1.3.23,,groupby,G1_1e7_1e2_0_0,1738770747.56458,start,,,c6id.4xlarge
ip-172-31-18-189,1738770729,clickhouse,25.1.3.23,,groupby,G1_1e7_1e2_0_0,1738770751.47453,finish,3,241,c6id.4xlarge
ip-172-31-18-189,1738770729,clickhouse,25.1.3.23,,groupby,G1_1e7_1e1_0_0,1738770766.47497,start,,,c6id.4xlarge
ip-172-31-18-189,1738770729,clickhouse,25.1.3.23,,groupby,G1_1e7_1e1_0_0,1738770769.53838,finish,3,241,c6id.4xlarge
ip-172-31-18-189,1738770729,clickhouse,25.1.3.23,,groupby,G1_1e7_2e0_0_0,1738770784.54801,start,,,c6id.4xlarge
ip-172-31-18-189,1738770729,clickhouse,25.1.3.23,,groupby,G1_1e7_2e0_0_0,1738770787.66205,finish,3,241,c6id.4xlarge
ip-172-31-18-189,1738770729,clickhouse,25.1.3.23,,groupby,G1_1e7_1e2_0_1,1738770802.67527,start,,,c6id.4xlarge
ip-172-31-18-189,1738770729,clickhouse,25.1.3.23,,groupby,G1_1e7_1e2_0_1,1738770806.03112,finish,3,241,c6id.4xlarge
ip-172-31-18-189,1738770729,clickhouse,25.1.3.23,,groupby,G1_1e7_1e2_5_0,1738770821.04626,start,,,c6id.4xlarge
ip-172-31-18-189,1738770729,clickhouse,25.1.3.23,,groupby,G1_1e7_1e2_5_0,1738770824.43747,finish,3,241,c6id.4xlarge
ip-172-31-18-189,1738770729,clickhouse,25.1.3.23,,groupby,G1_1e8_1e2_0_0,1738770839.44616,start,,,c6id.4xlarge
ip-172-31-18-189,1738770729,clickhouse,25.1.3.23,,groupby,G1_1e8_1e2_0_0,1738770856.8646,finish,3,241,c6id.4xlarge
ip-172-31-18-189,1738770923,clickhouse,25.1.3.23,,groupby,G1_1e7_1e2_0_0,1738770942.12317,start,,,c6id.4xlarge
ip-172-31-18-189,1738770923,clickhouse,25.1.3.23,,groupby,G1_1e7_1e2_0_0,1738771090.58074,finish,62,1,c6id.4xlarge
ip-172-31-18-189,1738770923,clickhouse,25.1.3.23,,groupby,G1_1e7_1e1_0_0,1738771105.59582,start,,,c6id.4xlarge
ip-172-31-18-189,1738770923,clickhouse,25.1.3.23,,groupby,G1_1e7_1e1_0_0,1738771221.98868,finish,60,2,c6id.4xlarge
ip-172-31-18-189,1738771236,clickhouse,25.1.3.23,,groupby,G1_1e7_1e2_0_0,1738771236.88729,start,,,c6id.4xlarge
ip-172-31-18-189,1738771236,clickhouse,25.1.3.23,,groupby,G1_1e7_1e2_0_0,1738771384.65302,finish,0,0,c6id.4xlarge
ip-172-31-18-189,1738771236,clickhouse,25.1.3.23,,groupby,G1_1e7_1e1_0_0,1738771399.66811,start,,,c6id.4xlarge
ip-172-31-18-189,1738771236,clickhouse,25.1.3.23,,groupby,G1_1e7_1e1_0_0,1738771549.18962,finish,0,0,c6id.4xlarge
ip-172-31-18-189,1738771236,clickhouse,25.1.3.23,,groupby,G1_1e7_2e0_0_0,1738771564.2047,start,,,c6id.4xlarge
ip-172-31-18-189,1738771236,clickhouse,25.1.3.23,,groupby,G1_1e7_2e0_0_0,1738771713.7278,finish,0,0,c6id.4xlarge
ip-172-31-18-189,1738771236,clickhouse,25.1.3.23,,groupby,G1_1e7_1e2_0_1,1738771728.74292,start,,,c6id.4xlarge
ip-172-31-18-189,1738771236,clickhouse,25.1.3.23,,groupby,G1_1e7_1e2_0_1,1738771878.24561,finish,0,0,c6id.4xlarge
ip-172-31-18-189,1738771236,clickhouse,25.1.3.23,,groupby,G1_1e7_1e2_5_0,1738771893.26069,start,,,c6id.4xlarge
ip-172-31-18-189,1738771236,clickhouse,25.1.3.23,,groupby,G1_1e7_1e2_5_0,1738772043.77627,finish,0,0,c6id.4xlarge
ip-172-31-18-189,1738771236,clickhouse,25.1.3.23,,groupby,G1_1e8_1e2_0_0,1738772058.79137,start,,,c6id.4xlarge
ip-172-31-18-189,1738771236,clickhouse,25.1.3.23,,groupby,G1_1e8_1e2_0_0,1738772271.7974,finish,0,0,c6id.4xlarge
ip-172-31-18-189,1738771236,clickhouse,25.1.3.23,,groupby,G1_1e8_1e1_0_0,1738772286.8125,start,,,c6id.4xlarge
ip-172-31-18-189,1738771236,clickhouse,25.1.3.23,,groupby,G1_1e8_1e1_0_0,1738772510.5754,finish,0,0,c6id.4xlarge
ip-172-31-18-189,1738771236,clickhouse,25.1.3.23,,groupby,G1_1e8_2e0_0_0,1738772525.59049,start,,,c6id.4xlarge
ip-172-31-18-189,1738771236,clickhouse,25.1.3.23,,groupby,G1_1e8_2e0_0_0,1738772767.30703,finish,0,0,c6id.4xlarge
ip-172-31-18-189,1738771236,clickhouse,25.1.3.23,,groupby,G1_1e8_1e2_0_1,1738772782.32213,start,,,c6id.4xlarge
ip-172-31-18-189,1738771236,clickhouse,25.1.3.23,,groupby,G1_1e8_1e2_0_1,1738772998.09185,finish,0,0,c6id.4xlarge
ip-172-31-18-189,1738771236,clickhouse,25.1.3.23,,groupby,G1_1e8_1e2_5_0,1738773013.10595,start,,,c6id.4xlarge
ip-172-31-18-189,1738771236,clickhouse,25.1.3.23,,groupby,G1_1e8_1e2_5_0,1738773243.86526,finish,0,0,c6id.4xlarge
ip-172-31-18-189,1738771236,clickhouse,25.1.3.23,,groupby,G1_1e9_1e2_0_0,1738773258.88035,start,,,c6id.4xlarge
ip-172-31-18-189,1738771236,clickhouse,25.1.3.23,,groupby,G1_1e9_1e2_0_0,1738775200.87439,finish,0,0,c6id.4xlarge
ip-172-31-18-189,1738771236,clickhouse,25.1.3.23,,groupby,G1_1e9_1e1_0_0,1738775215.88947,start,,,c6id.4xlarge
ip-172-31-18-189,1738771236,clickhouse,25.1.3.23,,groupby,G1_1e9_1e1_0_0,1738778200.77498,finish,0,0,c6id.4xlarge
ip-172-31-18-189,1738771236,clickhouse,25.1.3.23,,groupby,G1_1e9_2e0_0_0,1738778215.7901,start,,,c6id.4xlarge
ip-172-31-18-189,1738771236,clickhouse,25.1.3.23,,groupby,G1_1e9_2e0_0_0,1738781486.98035,finish,0,0,c6id.4xlarge
ip-172-31-18-189,1738771236,clickhouse,25.1.3.23,,groupby,G1_1e9_1e2_0_1,1738781501.99545,start,,,c6id.4xlarge
ip-172-31-18-189,1738771236,clickhouse,25.1.3.23,,groupby,G1_1e9_1e2_0_1,1738783428.74408,finish,0,0,c6id.4xlarge
ip-172-31-18-189,1738771236,clickhouse,25.1.3.23,,groupby,G1_1e9_1e2_5_0,1738783443.75916,start,,,c6id.4xlarge
ip-172-31-18-189,1738771236,clickhouse,25.1.3.23,,groupby,G1_1e9_1e2_5_0,1738785511.53426,finish,0,0,c6id.4xlarge
ip-172-31-18-189,1738771236,clickhouse,25.1.3.23,,join,J1_1e7_NA_0_0,1738785526.53796,start,,,c6id.4xlarge
ip-172-31-18-189,1738771236,clickhouse,25.1.3.23,,join,J1_1e7_NA_0_0,1738785678.37032,finish,0,0,c6id.4xlarge
ip-172-31-18-189,1738771236,clickhouse,25.1.3.23,,join,J1_1e7_NA_5_0,1738785693.3854,start,,,c6id.4xlarge
ip-172-31-18-189,1738771236,clickhouse,25.1.3.23,,join,J1_1e7_NA_5_0,1738785846.8804,finish,0,0,c6id.4xlarge
ip-172-31-18-189,1738771236,clickhouse,25.1.3.23,,join,J1_1e7_NA_0_1,1738785861.8955,start,,,c6id.4xlarge
ip-172-31-18-189,1738771236,clickhouse,25.1.3.23,,join,J1_1e7_NA_0_1,1738786013.40749,finish,0,0,c6id.4xlarge
ip-172-31-18-189,1738771236,clickhouse,25.1.3.23,,join,J1_1e8_NA_0_0,1738786028.42257,start,,,c6id.4xlarge
ip-172-31-18-189,1738771236,clickhouse,25.1.3.23,,join,J1_1e8_NA_0_0,1738786243.0274,finish,3,0,c6id.4xlarge
ip-172-31-18-189,1738771236,clickhouse,25.1.3.23,,join,J1_1e8_NA_5_0,1738786258.04249,start,,,c6id.4xlarge
ip-172-31-18-189,1738771236,clickhouse,25.1.3.23,,join,J1_1e8_NA_5_0,1738786475.0861,finish,3,0,c6id.4xlarge
ip-172-31-18-189,1738771236,clickhouse,25.1.3.23,,join,J1_1e8_NA_0_1,1738786490.10117,start,,,c6id.4xlarge
ip-172-31-18-189,1738771236,clickhouse,25.1.3.23,,join,J1_1e8_NA_0_1,1738786702.97093,finish,3,0,c6id.4xlarge
ip-172-31-18-189,1738829457,clickhouse,25.1.3.23,,groupby,G1_1e7_1e2_0_0,1738829476.04875,start,,,c6id.4xlarge
ip-172-31-18-189,1738829457,clickhouse,25.1.3.23,,groupby,G1_1e7_1e2_0_0,1738829477.5936,finish,3,47,c6id.4xlarge
ip-172-31-18-189,1738829457,clickhouse,25.1.3.23,,groupby,G1_1e7_1e1_0_0,1738829492.60303,start,,,c6id.4xlarge
ip-172-31-18-189,1738829457,clickhouse,25.1.3.23,,groupby,G1_1e7_1e1_0_0,1738829493.4719,finish,3,47,c6id.4xlarge
ip-172-31-18-189,1738829457,clickhouse,25.1.3.23,,groupby,G1_1e7_2e0_0_0,1738829508.47459,start,,,c6id.4xlarge
ip-172-31-18-189,1738829457,clickhouse,25.1.3.23,,groupby,G1_1e7_2e0_0_0,1738829509.3359,finish,3,47,c6id.4xlarge
ip-172-31-18-189,1738829457,clickhouse,25.1.3.23,,groupby,G1_1e7_1e2_0_1,1738829524.35105,start,,,c6id.4xlarge
ip-172-31-18-189,1738829457,clickhouse,25.1.3.23,,groupby,G1_1e7_1e2_0_1,1738829525.20677,finish,3,47,c6id.4xlarge
ip-172-31-18-189,1738829457,clickhouse,25.1.3.23,,groupby,G1_1e7_1e2_5_0,1738829540.20747,start,,,c6id.4xlarge
ip-172-31-18-189,1738829457,clickhouse,25.1.3.23,,groupby,G1_1e7_1e2_5_0,1738829541.06532,finish,3,47,c6id.4xlarge
ip-172-31-18-189,1738829457,clickhouse,25.1.3.23,,groupby,G1_1e8_1e2_0_0,1738829556.08047,start,,,c6id.4xlarge
ip-172-31-18-189,1738829457,clickhouse,25.1.3.23,,groupby,G1_1e8_1e2_0_0,1738829556.9357,finish,3,47,c6id.4xlarge
ip-172-31-18-189,1738829457,clickhouse,25.1.3.23,,groupby,G1_1e8_1e1_0_0,1738829571.9404,start,,,c6id.4xlarge
ip-172-31-18-189,1738829457,clickhouse,25.1.3.23,,groupby,G1_1e8_1e1_0_0,1738829572.79815,finish,3,47,c6id.4xlarge
ip-172-31-18-189,1738829457,clickhouse,25.1.3.23,,groupby,G1_1e8_2e0_0_0,1738829587.80245,start,,,c6id.4xlarge
ip-172-31-18-189,1738829457,clickhouse,25.1.3.23,,groupby,G1_1e8_2e0_0_0,1738829588.65987,finish,3,47,c6id.4xlarge
ip-172-31-18-189,1738829457,clickhouse,25.1.3.23,,groupby,G1_1e8_1e2_0_1,1738829603.66095,start,,,c6id.4xlarge
ip-172-31-18-189,1738829457,clickhouse,25.1.3.23,,groupby,G1_1e8_1e2_0_1,1738829604.51743,finish,3,47,c6id.4xlarge
ip-172-31-18-189,1738829457,clickhouse,25.1.3.23,,groupby,G1_1e8_1e2_5_0,1738829619.53257,start,,,c6id.4xlarge
ip-172-31-18-189,1738829457,clickhouse,25.1.3.23,,groupby,G1_1e8_1e2_5_0,1738829620.38887,finish,3,47,c6id.4xlarge
ip-172-31-18-189,1738829457,clickhouse,25.1.3.23,,join,J1_1e7_NA_0_0,1738829635.39797,start,,,c6id.4xlarge
ip-172-31-18-189,1738829457,clickhouse,25.1.3.23,,join,J1_1e7_NA_0_0,1738829785.56911,finish,0,0,c6id.4xlarge
ip-172-31-18-189,1738829457,clickhouse,25.1.3.23,,join,J1_1e7_NA_5_0,1738829800.58423,start,,,c6id.4xlarge
ip-172-31-18-189,1738829457,clickhouse,25.1.3.23,,join,J1_1e7_NA_5_0,1738829952.3462,finish,0,0,c6id.4xlarge
ip-172-31-18-189,1738829457,clickhouse,25.1.3.23,,join,J1_1e7_NA_0_1,1738829967.36129,start,,,c6id.4xlarge
ip-172-31-18-189,1738829457,clickhouse,25.1.3.23,,join,J1_1e7_NA_0_1,1738830118.10613,finish,0,0,c6id.4xlarge
ip-172-31-18-189,1738829457,clickhouse,25.1.3.23,,join,J1_1e8_NA_0_0,1738830133.12121,start,,,c6id.4xlarge
ip-172-31-18-189,1738829457,clickhouse,25.1.3.23,,join,J1_1e8_NA_0_0,1738830408.01553,finish,3,0,c6id.4xlarge
ip-172-31-18-189,1738829457,clickhouse,25.1.3.23,,join,J1_1e8_NA_5_0,1738830423.0306,start,,,c6id.4xlarge
ip-172-31-18-189,1738829457,clickhouse,25.1.3.23,,join,J1_1e8_NA_5_0,1738830691.97769,finish,3,0,c6id.4xlarge
ip-172-31-18-189,1738829457,clickhouse,25.1.3.23,,join,J1_1e8_NA_0_1,1738830706.99277,start,,,c6id.4xlarge
ip-172-31-18-189,1738829457,clickhouse,25.1.3.23,,join,J1_1e8_NA_0_1,1738830937.76586,finish,3,0,c6id.4xlarge
ip-172-31-18-189,1738831219,clickhouse,25.1.3.23,,groupby,G1_1e7_1e2_0_0,1738831221.032,start,,,c6id.4xlarge
ip-172-31-18-189,1738831219,clickhouse,25.1.3.23,,groupby,G1_1e7_1e2_0_0,1738831371.81533,finish,0,0,c6id.4xlarge
ip-172-31-18-189,1738831219,clickhouse,25.1.3.23,,groupby,G1_1e7_1e1_0_0,1738831386.83045,start,,,c6id.4xlarge
ip-172-31-18-189,1738831219,clickhouse,25.1.3.23,,groupby,G1_1e7_1e1_0_0,1738831537.57956,finish,0,0,c6id.4xlarge
ip-172-31-18-189,1738831219,clickhouse,25.1.3.23,,groupby,G1_1e7_2e0_0_0,1738831552.59465,start,,,c6id.4xlarge
ip-172-31-18-189,1738831219,clickhouse,25.1.3.23,,groupby,G1_1e7_2e0_0_0,1738831703.3457,finish,0,0,c6id.4xlarge
ip-172-31-18-189,1738831219,clickhouse,25.1.3.23,,groupby,G1_1e7_1e2_0_1,1738831718.36081,start,,,c6id.4xlarge
ip-172-31-18-189,1738831219,clickhouse,25.1.3.23,,groupby,G1_1e7_1e2_0_1,1738831867.86604,finish,0,0,c6id.4xlarge
ip-172-31-18-189,1738831219,clickhouse,25.1.3.23,,groupby,G1_1e7_1e2_5_0,1738831882.88114,start,,,c6id.4xlarge
ip-172-31-18-189,1738831219,clickhouse,25.1.3.23,,groupby,G1_1e7_1e2_5_0,1738832033.6315,finish,0,0,c6id.4xlarge
ip-172-31-18-189,1738831219,clickhouse,25.1.3.23,,groupby,G1_1e8_1e2_0_0,1738832048.63247,start,,,c6id.4xlarge
ip-172-31-18-189,1738831219,clickhouse,25.1.3.23,,groupby,G1_1e8_1e2_0_0,1738832263.49863,finish,0,0,c6id.4xlarge
ip-172-31-18-189,1738831219,clickhouse,25.1.3.23,,groupby,G1_1e8_1e1_0_0,1738832278.51372,start,,,c6id.4xlarge
ip-172-31-18-189,1738831219,clickhouse,25.1.3.23,,groupby,G1_1e8_1e1_0_0,1738832503.27901,finish,0,0,c6id.4xlarge
ip-172-31-18-189,1738831219,clickhouse,25.1.3.23,,groupby,G1_1e8_2e0_0_0,1738832518.29409,start,,,c6id.4xlarge
ip-172-31-18-189,1738831219,clickhouse,25.1.3.23,,groupby,G1_1e8_2e0_0_0,1738832749.10892,finish,0,0,c6id.4xlarge
ip-172-31-18-189,1738831219,clickhouse,25.1.3.23,,groupby,G1_1e8_1e2_0_1,1738832764.12401,start,,,c6id.4xlarge
ip-172-31-18-189,1738831219,clickhouse,25.1.3.23,,groupby,G1_1e8_1e2_0_1,1738832978.77101,finish,0,0,c6id.4xlarge
ip-172-31-18-189,1738831219,clickhouse,25.1.3.23,,groupby,G1_1e8_1e2_5_0,1738832993.7861,start,,,c6id.4xlarge
ip-172-31-18-189,1738831219,clickhouse,25.1.3.23,,groupby,G1_1e8_1e2_5_0,1738833220.69483,finish,0,0,c6id.4xlarge
ip-172-31-18-189,1738834856,clickhouse,25.1.3.23,,groupby,G1_1e9_1e2_0_0,1738834858.11762,start,,,c6id.4xlarge
ip-172-31-18-189,1738834856,clickhouse,25.1.3.23,,groupby,G1_1e9_1e2_0_0,1738836806.91421,finish,0,0,c6id.4xlarge
ip-172-31-18-189,1738834856,clickhouse,25.1.3.23,,groupby,G1_1e9_1e1_0_0,1738836821.92929,start,,,c6id.4xlarge
ip-172-31-18-189,1738834856,clickhouse,25.1.3.23,,groupby,G1_1e9_1e1_0_0,1738839805.77326,finish,0,0,c6id.4xlarge
ip-172-31-18-189,1738834856,clickhouse,25.1.3.23,,groupby,G1_1e9_2e0_0_0,1738839820.78837,start,,,c6id.4xlarge
ip-172-31-18-189,1738834856,clickhouse,25.1.3.23,,groupby,G1_1e9_2e0_0_0,1738843076.69933,finish,0,0,c6id.4xlarge
ip-172-31-18-189,1738834856,clickhouse,25.1.3.23,,groupby,G1_1e9_1e2_0_1,1738843091.71443,start,,,c6id.4xlarge
ip-172-31-18-189,1738834856,clickhouse,25.1.3.23,,groupby,G1_1e9_1e2_0_1,1738845026.64449,finish,0,0,c6id.4xlarge
ip-172-31-18-189,1738834856,clickhouse,25.1.3.23,,groupby,G1_1e9_1e2_5_0,1738845041.65956,start,,,c6id.4xlarge
ip-172-31-18-189,1738834856,clickhouse,25.1.3.23,,groupby,G1_1e9_1e2_5_0,1738847109.56733,finish,0,0,c6id.4xlarge
ip-172-31-18-189,1738834856,clickhouse,25.1.3.23,,join,J1_1e9_NA_0_0,1738847124.58152,start,,,c6id.4xlarge
ip-172-31-18-189,1738834856,clickhouse,25.1.3.23,,join,J1_1e9_NA_0_0,1738847830.38371,finish,5,1,c6id.4xlarge
ip-172-31-18-198,1738833800,datafusion,43.1.0,,groupby,G1_1e7_1e2_0_0,1738833802.57515,start,,,c6id.metal
ip-172-31-18-198,1738833800,datafusion,43.1.0,,groupby,G1_1e7_1e2_0_0,1738833802.74039,finish,4,1,c6id.metal
ip-172-31-18-198,1738833800,datafusion,43.1.0,,groupby,G1_1e7_1e1_0_0,1738833817.75568,start,,,c6id.metal
ip-172-31-18-198,1738833800,datafusion,43.1.0,,groupby,G1_1e7_1e1_0_0,1738833817.92825,finish,4,1,c6id.metal
ip-172-31-18-198,1738833980,datafusion,43.1.0,,groupby,G1_1e7_1e2_0_0,1738833982.33045,start,,,c6id.metal
ip-172-31-18-198,1738833980,datafusion,43.1.0,,groupby,G1_1e7_1e2_0_0,1738833983.2473,finish,8,1,c6id.metal
ip-172-31-18-198,1738833980,datafusion,43.1.0,,groupby,G1_1e7_1e1_0_0,1738833998.26241,start,,,c6id.metal
ip-172-31-18-198,1738833980,datafusion,43.1.0,,groupby,G1_1e7_1e1_0_0,1738833999.14543,finish,8,1,c6id.metal
ip-172-31-18-198,1738834051,datafusion,43.1.0,,groupby,G1_1e7_1e2_0_0,1738834052.48492,start,,,c6id.metal
ip-172-31-18-198,1738834051,datafusion,43.1.0,,groupby,G1_1e7_1e2_0_0,1738834053.28348,finish,8,1,c6id.metal
ip-172-31-18-198,1738834051,datafusion,43.1.0,,groupby,G1_1e7_1e1_0_0,1738834068.29869,start,,,c6id.metal
ip-172-31-18-198,1738834051,datafusion,43.1.0,,groupby,G1_1e7_1e1_0_0,1738834069.1037,finish,8,1,c6id.metal
ip-172-31-18-198,1738834289,datafusion,43.1.0,,groupby,G1_1e7_1e2_0_0,1738834290.97378,start,,,c6id.metal
ip-172-31-18-198,1738834289,datafusion,43.1.0,,groupby,G1_1e7_1e2_0_0,1738834294.33627,finish,0,0,c6id.metal
ip-172-31-18-198,1738834289,datafusion,43.1.0,,groupby,G1_1e7_1e1_0_0,1738834309.35138,start,,,c6id.metal
ip-172-31-18-198,1738834289,datafusion,43.1.0,,groupby,G1_1e7_1e1_0_0,1738834313.47478,finish,0,0,c6id.metal
ip-172-31-18-198,1738834289,datafusion,43.1.0,,groupby,G1_1e7_2e0_0_0,1738834328.49007,start,,,c6id.metal
ip-172-31-18-198,1738834289,datafusion,43.1.0,,groupby,G1_1e7_2e0_0_0,1738834336.03741,finish,0,0,c6id.metal
ip-172-31-18-198,1738834289,datafusion,43.1.0,,groupby,G1_1e7_1e2_0_1,1738834351.05266,start,,,c6id.metal
ip-172-31-18-198,1738834289,datafusion,43.1.0,,groupby,G1_1e7_1e2_0_1,1738834354.62903,finish,0,0,c6id.metal
ip-172-31-18-198,1738834289,datafusion,43.1.0,,groupby,G1_1e7_1e2_5_0,1738834369.64421,start,,,c6id.metal
ip-172-31-18-198,1738834289,datafusion,43.1.0,,groupby,G1_1e7_1e2_5_0,1738834373.22188,finish,0,0,c6id.metal
ip-172-31-18-198,1738834289,datafusion,43.1.0,,groupby,G1_1e8_1e2_0_0,1738834388.237,start,,,c6id.metal
ip-172-31-18-198,1738834289,datafusion,43.1.0,,groupby,G1_1e8_1e2_0_0,1738834407.72185,finish,0,0,c6id.metal
ip-172-31-18-198,1738834289,datafusion,43.1.0,,groupby,G1_1e8_1e1_0_0,1738834422.73713,start,,,c6id.metal
ip-172-31-18-198,1738834289,datafusion,43.1.0,,groupby,G1_1e8_1e1_0_0,1738834450.89861,finish,0,0,c6id.metal
ip-172-31-18-198,1738834289,datafusion,43.1.0,,groupby,G1_1e8_2e0_0_0,1738834465.91389,start,,,c6id.metal
ip-172-31-18-198,1738834289,datafusion,43.1.0,,groupby,G1_1e8_2e0_0_0,1738834523.45967,finish,0,0,c6id.metal
ip-172-31-18-198,1738834289,datafusion,43.1.0,,groupby,G1_1e8_1e2_0_1,1738834538.47478,start,,,c6id.metal
ip-172-31-18-198,1738834289,datafusion,43.1.0,,groupby,G1_1e8_1e2_0_1,1738834559.14122,finish,0,0,c6id.metal
ip-172-31-18-198,1738834289,datafusion,43.1.0,,groupby,G1_1e8_1e2_5_0,1738834574.15635,start,,,c6id.metal
ip-172-31-18-198,1738834289,datafusion,43.1.0,,groupby,G1_1e8_1e2_5_0,1738834596.54827,finish,0,0,c6id.metal
ip-172-31-18-198,1738834289,datafusion,43.1.0,,groupby,G1_1e9_1e2_0_0,1738834611.56334,start,,,c6id.metal
ip-172-31-18-198,1738834289,datafusion,43.1.0,,groupby,G1_1e9_1e2_0_0,1738834749.67235,finish,0,15,c6id.metal
ip-172-31-18-198,1738835121,datafusion,43.1.0,,groupby,G1_1e7_1e2_0_0,1738835123.6493,start,,,c6id.metal
ip-172-31-18-198,1738835121,datafusion,43.1.0,,groupby,G1_1e7_1e2_0_0,1738835127.17274,finish,0,0,c6id.metal
ip-172-31-18-198,1738835121,datafusion,43.1.0,,groupby,G1_1e7_1e1_0_0,1738835142.18801,start,,,c6id.metal
ip-172-31-18-198,1738835121,datafusion,43.1.0,,groupby,G1_1e7_1e1_0_0,1738835146.5525,finish,0,0,c6id.metal
ip-172-31-18-198,1738835121,datafusion,43.1.0,,groupby,G1_1e7_2e0_0_0,1738835161.56781,start,,,c6id.metal
ip-172-31-18-198,1738835121,datafusion,43.1.0,,groupby,G1_1e7_2e0_0_0,1738835168.66941,finish,0,0,c6id.metal
ip-172-31-18-198,1738835121,datafusion,43.1.0,,groupby,G1_1e7_1e2_0_1,1738835183.68463,start,,,c6id.metal
ip-172-31-18-198,1738835121,datafusion,43.1.0,,groupby,G1_1e7_1e2_0_1,1738835187.23544,finish,0,0,c6id.metal
ip-172-31-18-198,1738835121,datafusion,43.1.0,,groupby,G1_1e7_1e2_5_0,1738835202.2507,start,,,c6id.metal
ip-172-31-18-198,1738835121,datafusion,43.1.0,,groupby,G1_1e7_1e2_5_0,1738835205.87028,finish,0,0,c6id.metal
ip-172-31-18-198,1738835121,datafusion,43.1.0,,groupby,G1_1e8_1e2_0_0,1738835220.88548,start,,,c6id.metal
ip-172-31-18-198,1738835121,datafusion,43.1.0,,groupby,G1_1e8_1e2_0_0,1738835238.99549,finish,0,0,c6id.metal
ip-172-31-18-198,1738835121,datafusion,43.1.0,,groupby,G1_1e8_1e1_0_0,1738835254.01079,start,,,c6id.metal
ip-172-31-18-198,1738835121,datafusion,43.1.0,,groupby,G1_1e8_1e1_0_0,1738835280.21395,finish,0,0,c6id.metal
ip-172-31-18-198,1738835121,datafusion,43.1.0,,groupby,G1_1e8_2e0_0_0,1738835295.22918,start,,,c6id.metal
ip-172-31-18-198,1738835121,datafusion,43.1.0,,groupby,G1_1e8_2e0_0_0,1738835356.22169,finish,0,0,c6id.metal
ip-172-31-18-198,1738835121,datafusion,43.1.0,,groupby,G1_1e8_1e2_0_1,1738835371.23694,start,,,c6id.metal
ip-172-31-18-198,1738835121,datafusion,43.1.0,,groupby,G1_1e8_1e2_0_1,1738835390.87266,finish,0,0,c6id.metal
ip-172-31-18-198,1738835121,datafusion,43.1.0,,groupby,G1_1e8_1e2_5_0,1738835405.88796,start,,,c6id.metal
ip-172-31-18-198,1738835121,datafusion,43.1.0,,groupby,G1_1e8_1e2_5_0,1738835427.34624,finish,0,0,c6id.metal
ip-172-31-18-198,1738835121,datafusion,43.1.0,,join,J1_1e7_NA_0_0,1738835442.36148,start,,,c6id.metal
ip-172-31-18-198,1738835121,datafusion,43.1.0,,join,J1_1e7_NA_0_0,1738835446.26516,finish,0,0,c6id.metal
ip-172-31-18-198,1738835121,datafusion,43.1.0,,join,J1_1e7_NA_5_0,1738835461.2802,start,,,c6id.metal
ip-172-31-18-198,1738835121,datafusion,43.1.0,,join,J1_1e7_NA_5_0,1738835465.1475,finish,0,0,c6id.metal
ip-172-31-18-198,1738835121,datafusion,43.1.0,,join,J1_1e7_NA_0_1,1738835480.16256,start,,,c6id.metal
ip-172-31-18-198,1738835121,datafusion,43.1.0,,join,J1_1e7_NA_0_1,1738835483.74004,finish,0,0,c6id.metal
ip-172-31-18-198,1738835121,datafusion,43.1.0,,join,J1_1e8_NA_0_0,1738835498.75529,start,,,c6id.metal
ip-172-31-18-198,1738835121,datafusion,43.1.0,,join,J1_1e8_NA_0_0,1738835532.40693,finish,0,0,c6id.metal
ip-172-31-18-198,1738835121,datafusion,43.1.0,,join,J1_1e8_NA_5_0,1738835547.42215,start,,,c6id.metal
ip-172-31-18-198,1738835121,datafusion,43.1.0,,join,J1_1e8_NA_5_0,1738835581.30939,finish,0,0,c6id.metal
ip-172-31-18-198,1738835121,datafusion,43.1.0,,join,J1_1e8_NA_0_1,1738835596.32459,start,,,c6id.metal
ip-172-31-18-198,1738835121,datafusion,43.1.0,,join,J1_1e8_NA_0_1,1738835629.79648,finish,0,0,c6id.metal
ip-172-31-18-198,1738835121,duckdb,1.2.0,5f5512b827,groupby,G1_1e7_1e2_0_0,1738835644.81152,start,,,c6id.metal
ip-172-31-18-198,1738835121,duckdb,1.2.0,5f5512b827,groupby,G1_1e7_1e2_0_0,1738835649.60893,finish,0,0,c6id.metal
ip-172-31-18-198,1738835121,duckdb,1.2.0,5f5512b827,groupby,G1_1e7_1e1_0_0,1738835664.62412,start,,,c6id.metal
ip-172-31-18-198,1738835121,duckdb,1.2.0,5f5512b827,groupby,G1_1e7_1e1_0_0,1738835669.68094,finish,0,0,c6id.metal
ip-172-31-18-198,1738835121,duckdb,1.2.0,5f5512b827,groupby,G1_1e7_2e0_0_0,1738835684.69599,start,,,c6id.metal
ip-172-31-18-198,1738835121,duckdb,1.2.0,5f5512b827,groupby,G1_1e7_2e0_0_0,1738835689.81223,finish,0,0,c6id.metal
ip-172-31-18-198,1738835121,duckdb,1.2.0,5f5512b827,groupby,G1_1e7_1e2_0_1,1738835704.82749,start,,,c6id.metal
ip-172-31-18-198,1738835121,duckdb,1.2.0,5f5512b827,groupby,G1_1e7_1e2_0_1,1738835709.08587,finish,0,0,c6id.metal
ip-172-31-18-198,1738835121,duckdb,1.2.0,5f5512b827,groupby,G1_1e7_1e2_5_0,1738835724.10101,start,,,c6id.metal
ip-172-31-18-198,1738835121,duckdb,1.2.0,5f5512b827,groupby,G1_1e7_1e2_5_0,1738835728.41267,finish,0,0,c6id.metal
ip-172-31-18-198,1738835121,duckdb,1.2.0,5f5512b827,groupby,G1_1e8_1e2_0_0,1738835743.42798,start,,,c6id.metal
ip-172-31-18-198,1738835121,duckdb,1.2.0,5f5512b827,groupby,G1_1e8_1e2_0_0,1738835765.15365,finish,0,0,c6id.metal
ip-172-31-18-198,1738835121,duckdb,1.2.0,5f5512b827,groupby,G1_1e8_1e1_0_0,1738835780.169,start,,,c6id.metal
ip-172-31-18-198,1738835121,duckdb,1.2.0,5f5512b827,groupby,G1_1e8_1e1_0_0,1738835806.61367,finish,0,0,c6id.metal
ip-172-31-18-198,1738835121,duckdb,1.2.0,5f5512b827,groupby,G1_1e8_2e0_0_0,1738835821.62899,start,,,c6id.metal
ip-172-31-18-198,1738835121,duckdb,1.2.0,5f5512b827,groupby,G1_1e8_2e0_0_0,1738835845.26363,finish,0,0,c6id.metal
ip-172-31-18-198,1738835121,duckdb,1.2.0,5f5512b827,groupby,G1_1e8_1e2_0_1,1738835860.27895,start,,,c6id.metal
ip-172-31-18-198,1738835121,duckdb,1.2.0,5f5512b827,groupby,G1_1e8_1e2_0_1,1738835879.97333,finish,0,0,c6id.metal
ip-172-31-18-198,1738835121,duckdb,1.2.0,5f5512b827,groupby,G1_1e8_1e2_5_0,1738835894.98862,start,,,c6id.metal
ip-172-31-18-198,1738835121,duckdb,1.2.0,5f5512b827,groupby,G1_1e8_1e2_5_0,1738835912.20991,finish,0,0,c6id.metal
ip-172-31-18-198,1738835121,duckdb,1.2.0,5f5512b827,join,J1_1e7_NA_0_0,1738835927.22521,start,,,c6id.metal
ip-172-31-18-198,1738835121,duckdb,1.2.0,5f5512b827,join,J1_1e7_NA_0_0,1738835932.01495,finish,0,0,c6id.metal
ip-172-31-18-198,1738835121,duckdb,1.2.0,5f5512b827,join,J1_1e7_NA_5_0,1738835947.03019,start,,,c6id.metal
ip-172-31-18-198,1738835121,duckdb,1.2.0,5f5512b827,join,J1_1e7_NA_5_0,1738835950.891,finish,0,0,c6id.metal
ip-172-31-18-198,1738835121,duckdb,1.2.0,5f5512b827,join,J1_1e7_NA_0_1,1738835965.90627,start,,,c6id.metal
ip-172-31-18-198,1738835121,duckdb,1.2.0,5f5512b827,join,J1_1e7_NA_0_1,1738835970.36594,finish,0,0,c6id.metal
ip-172-31-18-198,1738835121,duckdb,1.2.0,5f5512b827,join,J1_1e8_NA_0_0,1738835985.37708,start,,,c6id.metal
ip-172-31-18-198,1738835121,duckdb,1.2.0,5f5512b827,join,J1_1e8_NA_0_0,1738836022.37767,finish,0,0,c6id.metal
ip-172-31-18-198,1738835121,duckdb,1.2.0,5f5512b827,join,J1_1e8_NA_5_0,1738836037.37815,start,,,c6id.metal
ip-172-31-18-198,1738835121,duckdb,1.2.0,5f5512b827,join,J1_1e8_NA_5_0,1738836059.74742,finish,0,0,c6id.metal
ip-172-31-18-198,1738835121,duckdb,1.2.0,5f5512b827,join,J1_1e8_NA_0_1,1738836074.76251,start,,,c6id.metal
ip-172-31-18-198,1738835121,duckdb,1.2.0,5f5512b827,join,J1_1e8_NA_0_1,1738836108.70125,finish,0,0,c6id.metal
ip-172-31-18-198,1738835121,pandas,2.2.3,0691c5cf90477d3503834d983f69350f250a6ff7,groupby,G1_1e7_1e2_0_0,1738836123.71631,start,,,c6id.metal
ip-172-31-18-198,1738835121,pandas,2.2.3,0691c5cf90477d3503834d983f69350f250a6ff7,groupby,G1_1e7_1e2_0_0,1738836151.10991,finish,4,0,c6id.metal
ip-172-31-18-198,1738835121,pandas,2.2.3,0691c5cf90477d3503834d983f69350f250a6ff7,groupby,G1_1e7_1e1_0_0,1738836166.12514,start,,,c6id.metal
ip-172-31-18-198,1738835121,pandas,2.2.3,0691c5cf90477d3503834d983f69350f250a6ff7,groupby,G1_1e7_1e1_0_0,1738836196.64388,finish,4,0,c6id.metal
ip-172-31-18-198,1738835121,pandas,2.2.3,0691c5cf90477d3503834d983f69350f250a6ff7,groupby,G1_1e7_2e0_0_0,1738836211.65909,start,,,c6id.metal
ip-172-31-18-198,1738835121,pandas,2.2.3,0691c5cf90477d3503834d983f69350f250a6ff7,groupby,G1_1e7_2e0_0_0,1738836279.1836,finish,4,0,c6id.metal
ip-172-31-18-198,1738835121,pandas,2.2.3,0691c5cf90477d3503834d983f69350f250a6ff7,groupby,G1_1e7_1e2_0_1,1738836294.19889,start,,,c6id.metal
ip-172-31-18-198,1738835121,pandas,2.2.3,0691c5cf90477d3503834d983f69350f250a6ff7,groupby,G1_1e7_1e2_0_1,1738836320.54741,finish,4,0,c6id.metal
ip-172-31-18-198,1738835121,pandas,2.2.3,0691c5cf90477d3503834d983f69350f250a6ff7,groupby,G1_1e7_1e2_5_0,1738836335.56262,start,,,c6id.metal
ip-172-31-18-198,1738835121,pandas,2.2.3,0691c5cf90477d3503834d983f69350f250a6ff7,groupby,G1_1e7_1e2_5_0,1738836336.02607,finish,1,0,c6id.metal
ip-172-31-18-198,1738835121,pandas,2.2.3,0691c5cf90477d3503834d983f69350f250a6ff7,groupby,G1_1e8_1e2_0_0,1738836351.04129,start,,,c6id.metal
ip-172-31-18-198,1738835121,pandas,2.2.3,0691c5cf90477d3503834d983f69350f250a6ff7,groupby,G1_1e8_1e2_0_0,1738836721.20921,finish,4,0,c6id.metal
ip-172-31-18-198,1738835121,pandas,2.2.3,0691c5cf90477d3503834d983f69350f250a6ff7,groupby,G1_1e8_1e1_0_0,1738836736.22441,start,,,c6id.metal
ip-172-31-18-198,1738835121,pandas,2.2.3,0691c5cf90477d3503834d983f69350f250a6ff7,groupby,G1_1e8_1e1_0_0,1738837208.07735,finish,4,0,c6id.metal
ip-172-31-18-198,1738835121,pandas,2.2.3,0691c5cf90477d3503834d983f69350f250a6ff7,groupby,G1_1e8_2e0_0_0,1738837223.09243,start,,,c6id.metal
ip-172-31-18-198,1738835121,pandas,2.2.3,0691c5cf90477d3503834d983f69350f250a6ff7,groupby,G1_1e8_2e0_0_0,1738838097.46961,finish,4,0,c6id.metal
ip-172-31-18-198,1738835121,pandas,2.2.3,0691c5cf90477d3503834d983f69350f250a6ff7,groupby,G1_1e8_1e2_0_1,1738838112.48467,start,,,c6id.metal
ip-172-31-18-198,1738835121,pandas,2.2.3,0691c5cf90477d3503834d983f69350f250a6ff7,groupby,G1_1e8_1e2_0_1,1738838434.7663,finish,4,0,c6id.metal
ip-172-31-18-198,1738835121,pandas,2.2.3,0691c5cf90477d3503834d983f69350f250a6ff7,groupby,G1_1e8_1e2_5_0,1738838449.78157,start,,,c6id.metal
ip-172-31-18-198,1738835121,pandas,2.2.3,0691c5cf90477d3503834d983f69350f250a6ff7,groupby,G1_1e8_1e2_5_0,1738838450.25103,finish,1,0,c6id.metal
ip-172-31-18-198,1738835121,pandas,2.2.3,0691c5cf90477d3503834d983f69350f250a6ff7,join,J1_1e7_NA_0_0,1738838465.26621,start,,,c6id.metal
ip-172-31-18-198,1738835121,pandas,2.2.3,0691c5cf90477d3503834d983f69350f250a6ff7,join,J1_1e7_NA_0_0,1738838511.53808,finish,0,0,c6id.metal
ip-172-31-18-198,1738835121,pandas,2.2.3,0691c5cf90477d3503834d983f69350f250a6ff7,join,J1_1e7_NA_5_0,1738838526.55332,start,,,c6id.metal
ip-172-31-18-198,1738835121,pandas,2.2.3,0691c5cf90477d3503834d983f69350f250a6ff7,join,J1_1e7_NA_5_0,1738838574.51378,finish,0,0,c6id.metal
ip-172-31-18-198,1738835121,pandas,2.2.3,0691c5cf90477d3503834d983f69350f250a6ff7,join,J1_1e7_NA_0_1,1738838589.52905,start,,,c6id.metal
ip-172-31-18-198,1738835121,pandas,2.2.3,0691c5cf90477d3503834d983f69350f250a6ff7,join,J1_1e7_NA_0_1,1738838626.51098,finish,0,0,c6id.metal
ip-172-31-18-198,1738835121,pandas,2.2.3,0691c5cf90477d3503834d983f69350f250a6ff7,join,J1_1e8_NA_0_0,1738838641.5261,start,,,c6id.metal
ip-172-31-18-198,1738835121,pandas,2.2.3,0691c5cf90477d3503834d983f69350f250a6ff7,join,J1_1e8_NA_0_0,1738839296.29398,finish,0,0,c6id.metal
ip-172-31-18-198,1738835121,pandas,2.2.3,0691c5cf90477d3503834d983f69350f250a6ff7,join,J1_1e8_NA_5_0,1738839311.30921,start,,,c6id.metal
ip-172-31-18-198,1738835121,pandas,2.2.3,0691c5cf90477d3503834d983f69350f250a6ff7,join,J1_1e8_NA_5_0,1738839909.8616,finish,0,0,c6id.metal
ip-172-31-18-198,1738835121,pandas,2.2.3,0691c5cf90477d3503834d983f69350f250a6ff7,join,J1_1e8_NA_0_1,1738839924.87682,start,,,c6id.metal
ip-172-31-18-198,1738835121,pandas,2.2.3,0691c5cf90477d3503834d983f69350f250a6ff7,join,J1_1e8_NA_0_1,1738840409.72844,finish,0,0,c6id.metal
ip-172-31-18-198,1738835121,polars,1.21.0,,groupby,G1_1e7_1e2_0_0,1738840424.74364,start,,,c6id.metal
ip-172-31-18-198,1738835121,polars,1.21.0,,groupby,G1_1e7_1e2_0_0,1738840426.16782,finish,9,1,c6id.metal
ip-172-31-18-198,1738835121,polars,1.21.0,,groupby,G1_1e7_1e1_0_0,1738840441.18286,start,,,c6id.metal
ip-172-31-18-198,1738835121,polars,1.21.0,,groupby,G1_1e7_1e1_0_0,1738840442.72743,finish,9,1,c6id.metal
ip-172-31-18-198,1738835121,polars,1.21.0,,groupby,G1_1e7_2e0_0_0,1738840457.7427,start,,,c6id.metal
ip-172-31-18-198,1738835121,polars,1.21.0,,groupby,G1_1e7_2e0_0_0,1738840460.59507,finish,9,1,c6id.metal
ip-172-31-18-198,1738835121,polars,1.21.0,,groupby,G1_1e7_1e2_0_1,1738840475.61015,start,,,c6id.metal
ip-172-31-18-198,1738835121,polars,1.21.0,,groupby,G1_1e7_1e2_0_1,1738840476.96644,finish,9,1,c6id.metal
ip-172-31-18-198,1738835121,polars,1.21.0,,groupby,G1_1e7_1e2_5_0,1738840491.98149,start,,,c6id.metal
ip-172-31-18-198,1738835121,polars,1.21.0,,groupby,G1_1e7_1e2_5_0,1738840493.36243,finish,9,1,c6id.metal
ip-172-31-18-198,1738835121,polars,1.21.0,,groupby,G1_1e8_1e2_0_0,1738840508.37764,start,,,c6id.metal
ip-172-31-18-198,1738835121,polars,1.21.0,,groupby,G1_1e8_1e2_0_0,1738840523.25706,finish,9,1,c6id.metal
ip-172-31-18-198,1738835121,polars,1.21.0,,groupby,G1_1e8_1e1_0_0,1738840538.27216,start,,,c6id.metal
ip-172-31-18-198,1738835121,polars,1.21.0,,groupby,G1_1e8_1e1_0_0,1738840559.78412,finish,9,1,c6id.metal
ip-172-31-18-198,1738835121,polars,1.21.0,,groupby,G1_1e8_2e0_0_0,1738840574.79939,start,,,c6id.metal
ip-172-31-18-198,1738835121,polars,1.21.0,,groupby,G1_1e8_2e0_0_0,1738840608.33725,finish,9,1,c6id.metal
ip-172-31-18-198,1738835121,polars,1.21.0,,groupby,G1_1e8_1e2_0_1,1738840623.35235,start,,,c6id.metal
ip-172-31-18-198,1738835121,polars,1.21.0,,groupby,G1_1e8_1e2_0_1,1738840638.30512,finish,9,1,c6id.metal
ip-172-31-18-198,1738835121,polars,1.21.0,,groupby,G1_1e8_1e2_5_0,1738840653.32034,start,,,c6id.metal
ip-172-31-18-198,1738835121,polars,1.21.0,,groupby,G1_1e8_1e2_5_0,1738840668.02126,finish,9,1,c6id.metal
ip-172-31-18-198,1738835121,polars,1.21.0,,join,J1_1e7_NA_0_0,1738840683.03636,start,,,c6id.metal
ip-172-31-18-198,1738835121,polars,1.21.0,,join,J1_1e7_NA_0_0,1738840690.44747,finish,9,1,c6id.metal
ip-172-31-18-198,1738835121,polars,1.21.0,,join,J1_1e7_NA_5_0,1738840705.46259,start,,,c6id.metal
ip-172-31-18-198,1738835121,polars,1.21.0,,join,J1_1e7_NA_5_0,1738840712.5326,finish,9,1,c6id.metal
ip-172-31-18-198,1738835121,polars,1.21.0,,join,J1_1e7_NA_0_1,1738840727.54788,start,,,c6id.metal
ip-172-31-18-198,1738835121,polars,1.21.0,,join,J1_1e7_NA_0_1,1738840734.78085,finish,9,1,c6id.metal
ip-172-31-18-198,1738835121,polars,1.21.0,,join,J1_1e8_NA_0_0,1738840749.79612,start,,,c6id.metal
ip-172-31-18-198,1738835121,polars,1.21.0,,join,J1_1e8_NA_0_0,1738840849.4949,finish,9,1,c6id.metal
ip-172-31-18-198,1738835121,polars,1.21.0,,join,J1_1e8_NA_5_0,1738840864.51017,start,,,c6id.metal
ip-172-31-18-198,1738835121,polars,1.21.0,,join,J1_1e8_NA_5_0,1738840959.89403,finish,9,1,c6id.metal
ip-172-31-18-198,1738835121,polars,1.21.0,,join,J1_1e8_NA_0_1,1738840974.90912,start,,,c6id.metal
ip-172-31-18-198,1738835121,polars,1.21.0,,join,J1_1e8_NA_0_1,1738841065.28795,finish,9,1,c6id.metal
ip-172-31-18-198,1738835121,spark,3.5.4,,groupby,G1_1e7_1e2_0_0,1738841080.30317,start,,,c6id.metal
ip-172-31-18-198,1738835121,spark,3.5.4,,groupby,G1_1e7_1e2_0_0,1738841124.77665,finish,3,0,c6id.metal
ip-172-31-18-198,1738835121,spark,3.5.4,,groupby,G1_1e7_1e1_0_0,1738841139.79205,start,,,c6id.metal
ip-172-31-18-198,1738835121,spark,3.5.4,,groupby,G1_1e7_1e1_0_0,1738841182.44106,finish,3,0,c6id.metal
ip-172-31-18-198,1738835121,spark,3.5.4,,groupby,G1_1e7_2e0_0_0,1738841197.45643,start,,,c6id.metal
ip-172-31-18-198,1738835121,spark,3.5.4,,groupby,G1_1e7_2e0_0_0,1738841240.58414,finish,3,0,c6id.metal
ip-172-31-18-198,1738835121,spark,3.5.4,,groupby,G1_1e7_1e2_0_1,1738841255.59943,start,,,c6id.metal
ip-172-31-18-198,1738835121,spark,3.5.4,,groupby,G1_1e7_1e2_0_1,1738841295.74726,finish,3,0,c6id.metal
ip-172-31-18-198,1738835121,spark,3.5.4,,groupby,G1_1e7_1e2_5_0,1738841310.76262,start,,,c6id.metal
ip-172-31-18-198,1738835121,spark,3.5.4,,groupby,G1_1e7_1e2_5_0,1738841353.88718,finish,3,0,c6id.metal
ip-172-31-18-198,1738835121,spark,3.5.4,,groupby,G1_1e8_1e2_0_0,1738841368.90248,start,,,c6id.metal
ip-172-31-18-198,1738835121,spark,3.5.4,,groupby,G1_1e8_1e2_0_0,1738841464.64398,finish,3,0,c6id.metal
ip-172-31-18-198,1738835121,spark,3.5.4,,groupby,G1_1e8_1e1_0_0,1738841479.65923,start,,,c6id.metal
ip-172-31-18-198,1738835121,spark,3.5.4,,groupby,G1_1e8_1e1_0_0,1738841571.39059,finish,3,0,c6id.metal
ip-172-31-18-198,1738835121,spark,3.5.4,,groupby,G1_1e8_2e0_0_0,1738841586.40592,start,,,c6id.metal
ip-172-31-18-198,1738835121,spark,3.5.4,,groupby,G1_1e8_2e0_0_0,1738841687.65296,finish,3,0,c6id.metal
ip-172-31-18-198,1738835121,spark,3.5.4,,groupby,G1_1e8_1e2_0_1,1738841702.66825,start,,,c6id.metal
ip-172-31-18-198,1738835121,spark,3.5.4,,groupby,G1_1e8_1e2_0_1,1738841837.45312,finish,3,0,c6id.metal
ip-172-31-18-198,1738835121,spark,3.5.4,,groupby,G1_1e8_1e2_5_0,1738841852.46842,start,,,c6id.metal
ip-172-31-18-198,1738835121,spark,3.5.4,,groupby,G1_1e8_1e2_5_0,1738841946.70328,finish,3,0,c6id.metal
ip-172-31-18-198,1738835121,spark,3.5.4,,join,J1_1e7_NA_0_0,1738841961.71853,start,,,c6id.metal
ip-172-31-18-198,1738835121,spark,3.5.4,,join,J1_1e7_NA_0_0,1738841976.6688,finish,7,1,c6id.metal
ip-172-31-18-198,1738835121,spark,3.5.4,,join,J1_1e7_NA_5_0,1738841991.68396,start,,,c6id.metal
ip-172-31-18-198,1738835121,spark,3.5.4,,join,J1_1e7_NA_5_0,1738842007.95332,finish,7,1,c6id.metal
ip-172-31-18-198,1738835121,spark,3.5.4,,join,J1_1e7_NA_0_1,1738842022.96854,start,,,c6id.metal
ip-172-31-18-198,1738835121,spark,3.5.4,,join,J1_1e7_NA_0_1,1738842037.48079,finish,7,1,c6id.metal
ip-172-31-18-198,1738835121,spark,3.5.4,,join,J1_1e8_NA_0_0,1738842052.49605,start,,,c6id.metal
ip-172-31-18-198,1738835121,spark,3.5.4,,join,J1_1e8_NA_0_0,1738842113.82428,finish,7,1,c6id.metal
ip-172-31-18-198,1738835121,spark,3.5.4,,join,J1_1e8_NA_5_0,1738842128.83934,start,,,c6id.metal
ip-172-31-18-198,1738835121,spark,3.5.4,,join,J1_1e8_NA_5_0,1738842172.54131,finish,7,1,c6id.metal
ip-172-31-18-198,1738835121,spark,3.5.4,,join,J1_1e8_NA_0_1,1738842187.55658,start,,,c6id.metal
ip-172-31-18-198,1738835121,spark,3.5.4,,join,J1_1e8_NA_0_1,1738842229.65827,finish,7,1,c6id.metal
ip-172-31-18-198,1738835121,clickhouse,24.12.3.47,,groupby,G1_1e7_1e2_0_0,1738842244.67351,start,,,c6id.metal
ip-172-31-18-198,1738835121,clickhouse,24.12.3.47,,groupby,G1_1e7_1e2_0_0,1738842394.03236,finish,2,0,c6id.metal
ip-172-31-18-198,1738835121,clickhouse,24.12.3.47,,groupby,G1_1e7_1e1_0_0,1738842409.04757,start,,,c6id.metal
ip-172-31-18-198,1738835121,clickhouse,24.12.3.47,,groupby,G1_1e7_1e1_0_0,1738842556.81138,finish,2,0,c6id.metal
ip-172-31-18-198,1738835121,clickhouse,24.12.3.47,,groupby,G1_1e7_2e0_0_0,1738842571.82664,start,,,c6id.metal
ip-172-31-18-198,1738835121,clickhouse,24.12.3.47,,groupby,G1_1e7_2e0_0_0,1738842719.36232,finish,2,0,c6id.metal
ip-172-31-18-198,1738835121,clickhouse,24.12.3.47,,groupby,G1_1e7_1e2_0_1,1738842734.37746,start,,,c6id.metal
ip-172-31-18-198,1738835121,clickhouse,24.12.3.47,,groupby,G1_1e7_1e2_0_1,1738842881.90325,finish,2,0,c6id.metal
ip-172-31-18-198,1738835121,clickhouse,24.12.3.47,,groupby,G1_1e7_1e2_5_0,1738842896.91846,start,,,c6id.metal
ip-172-31-18-198,1738835121,clickhouse,24.12.3.47,,groupby,G1_1e7_1e2_5_0,1738843044.69706,finish,2,0,c6id.metal
ip-172-31-18-198,1738835121,clickhouse,24.12.3.47,,groupby,G1_1e8_1e2_0_0,1738843059.71231,start,,,c6id.metal
ip-172-31-18-198,1738835121,clickhouse,24.12.3.47,,groupby,G1_1e8_1e2_0_0,1738843224.69315,finish,2,0,c6id.metal
ip-172-31-18-198,1738835121,clickhouse,24.12.3.47,,groupby,G1_1e8_1e1_0_0,1738843239.70839,start,,,c6id.metal
ip-172-31-18-198,1738835121,clickhouse,24.12.3.47,,groupby,G1_1e8_1e1_0_0,1738843408.33292,finish,2,0,c6id.metal
ip-172-31-18-198,1738835121,clickhouse,24.12.3.47,,groupby,G1_1e8_2e0_0_0,1738843423.34402,start,,,c6id.metal
ip-172-31-18-198,1738835121,clickhouse,24.12.3.47,,groupby,G1_1e8_2e0_0_0,1738843593.21248,finish,2,0,c6id.metal
ip-172-31-18-198,1738835121,clickhouse,24.12.3.47,,groupby,G1_1e8_1e2_0_1,1738843608.22787,start,,,c6id.metal
ip-172-31-18-198,1738835121,clickhouse,24.12.3.47,,groupby,G1_1e8_1e2_0_1,1738843775.84153,finish,2,0,c6id.metal
ip-172-31-18-198,1738835121,clickhouse,24.12.3.47,,groupby,G1_1e8_1e2_5_0,1738843790.85683,start,,,c6id.metal
ip-172-31-18-198,1738835121,clickhouse,24.12.3.47,,groupby,G1_1e8_1e2_5_0,1738843961.55491,finish,2,0,c6id.metal
ip-172-31-18-198,1738835121,clickhouse,24.12.3.47,,join,J1_1e7_NA_0_0,1738843976.57014,start,,,c6id.metal
ip-172-31-18-198,1738835121,clickhouse,24.12.3.47,,join,J1_1e7_NA_0_0,1738844127.32645,finish,2,0,c6id.metal
ip-172-31-18-198,1738835121,clickhouse,24.12.3.47,,join,J1_1e7_NA_5_0,1738844142.34171,start,,,c6id.metal
ip-172-31-18-198,1738835121,clickhouse,24.12.3.47,,join,J1_1e7_NA_5_0,1738844291.87467,finish,2,0,c6id.metal
ip-172-31-18-198,1738835121,clickhouse,24.12.3.47,,join,J1_1e7_NA_0_1,1738844306.88996,start,,,c6id.metal
ip-172-31-18-198,1738835121,clickhouse,24.12.3.47,,join,J1_1e7_NA_0_1,1738844456.6454,finish,2,0,c6id.metal
ip-172-31-18-198,1738835121,clickhouse,24.12.3.47,,join,J1_1e8_NA_0_0,1738844471.66049,start,,,c6id.metal
ip-172-31-18-198,1738835121,clickhouse,24.12.3.47,,join,J1_1e8_NA_0_0,1738844669.56018,finish,2,0,c6id.metal
ip-172-31-18-198,1738835121,clickhouse,24.12.3.47,,join,J1_1e8_NA_5_0,1738844684.57541,start,,,c6id.metal
ip-172-31-18-198,1738835121,clickhouse,24.12.3.47,,join,J1_1e8_NA_5_0,1738844882.5834,finish,2,0,c6id.metal
ip-172-31-18-198,1738835121,clickhouse,24.12.3.47,,join,J1_1e8_NA_0_1,1738844897.59871,start,,,c6id.metal
ip-172-31-18-198,1738835121,clickhouse,24.12.3.47,,join,J1_1e8_NA_0_1,1738845097.49889,finish,2,0,c6id.metal
ip-172-31-18-198,1738850200,polars,1.21.0,,groupby,G1_1e7_1e2_0_0,1738850201.1078,start,,,c6id.metal
ip-172-31-18-198,1738850200,polars,1.21.0,,groupby,G1_1e7_1e2_0_0,1738850206.58028,finish,0,0,c6id.metal
ip-172-31-18-198,1738850200,polars,1.21.0,,groupby,G1_1e7_1e1_0_0,1738850221.59557,start,,,c6id.metal
ip-172-31-18-198,1738850200,polars,1.21.0,,groupby,G1_1e7_1e1_0_0,1738850229.37765,finish,0,0,c6id.metal
ip-172-31-18-198,1738850200,polars,1.21.0,,groupby,G1_1e7_2e0_0_0,1738850244.39291,start,,,c6id.metal
ip-172-31-18-198,1738850200,polars,1.21.0,,groupby,G1_1e7_2e0_0_0,1738850262.1817,finish,0,0,c6id.metal
ip-172-31-18-198,1738850200,polars,1.21.0,,groupby,G1_1e7_1e2_0_1,1738850277.19675,start,,,c6id.metal
ip-172-31-18-198,1738850200,polars,1.21.0,,groupby,G1_1e7_1e2_0_1,1738850281.86658,finish,0,0,c6id.metal
ip-172-31-18-198,1738850200,polars,1.21.0,,groupby,G1_1e7_1e2_5_0,1738850296.88186,start,,,c6id.metal
ip-172-31-18-198,1738850200,polars,1.21.0,,groupby,G1_1e7_1e2_5_0,1738850303.1716,finish,0,0,c6id.metal
ip-172-31-18-198,1738850200,polars,1.21.0,,groupby,G1_1e8_1e2_0_0,1738850318.18691,start,,,c6id.metal
ip-172-31-18-198,1738850200,polars,1.21.0,,groupby,G1_1e8_1e2_0_0,1738850370.13785,finish,0,0,c6id.metal
ip-172-31-18-198,1738850200,polars,1.21.0,,groupby,G1_1e8_1e1_0_0,1738850385.15305,start,,,c6id.metal
ip-172-31-18-198,1738850200,polars,1.21.0,,groupby,G1_1e8_1e1_0_0,1738850472.01187,finish,0,0,c6id.metal
ip-172-31-18-198,1738850200,polars,1.21.0,,groupby,G1_1e8_2e0_0_0,1738850487.02712,start,,,c6id.metal
ip-172-31-18-198,1738850200,polars,1.21.0,,groupby,G1_1e8_2e0_0_0,1738850680.46748,finish,0,0,c6id.metal
ip-172-31-18-198,1738850200,polars,1.21.0,,groupby,G1_1e8_1e2_0_1,1738850695.48269,start,,,c6id.metal
ip-172-31-18-198,1738850200,polars,1.21.0,,groupby,G1_1e8_1e2_0_1,1738850754.35107,finish,0,0,c6id.metal
ip-172-31-18-198,1738850200,polars,1.21.0,,groupby,G1_1e8_1e2_5_0,1738850769.3662,start,,,c6id.metal
ip-172-31-18-198,1738850200,polars,1.21.0,,groupby,G1_1e8_1e2_5_0,1738850831.42636,finish,0,0,c6id.metal
ip-172-31-18-198,1738850200,polars,1.21.0,,join,J1_1e7_NA_0_0,1738850846.44162,start,,,c6id.metal
ip-172-31-18-198,1738850200,polars,1.21.0,,join,J1_1e7_NA_0_0,1738850853.53897,finish,9,1,c6id.metal
ip-172-31-18-198,1738850200,polars,1.21.0,,join,J1_1e7_NA_5_0,1738850868.55418,start,,,c6id.metal
ip-172-31-18-198,1738850200,polars,1.21.0,,join,J1_1e7_NA_5_0,1738850875.68391,finish,9,1,c6id.metal
ip-172-31-18-198,1738850200,polars,1.21.0,,join,J1_1e7_NA_0_1,1738850890.69916,start,,,c6id.metal
ip-172-31-18-198,1738850200,polars,1.21.0,,join,J1_1e7_NA_0_1,1738850898.0619,finish,9,1,c6id.metal
ip-172-31-18-198,1738850200,polars,1.21.0,,join,J1_1e8_NA_0_0,1738850913.07711,start,,,c6id.metal
ip-172-31-18-198,1738850200,polars,1.21.0,,join,J1_1e8_NA_0_0,1738851008.60398,finish,9,1,c6id.metal
ip-172-31-18-198,1738850200,polars,1.21.0,,join,J1_1e8_NA_5_0,1738851023.61921,start,,,c6id.metal
ip-172-31-18-198,1738850200,polars,1.21.0,,join,J1_1e8_NA_5_0,1738851112.45765,finish,9,1,c6id.metal
ip-172-31-18-198,1738850200,polars,1.21.0,,join,J1_1e8_NA_0_1,1738851127.47293,start,,,c6id.metal
ip-172-31-18-198,1738850200,polars,1.21.0,,join,J1_1e8_NA_0_1,1738851221.72741,finish,9,1,c6id.metal
ip-172-31-18-198,1738850200,spark,3.5.4,,groupby,G1_1e7_1e2_0_0,1738851236.74262,start,,,c6id.metal
ip-172-31-18-198,1738850200,spark,3.5.4,,groupby,G1_1e7_1e2_0_0,1738851281.85943,finish,3,0,c6id.metal
ip-172-31-18-198,1738850200,spark,3.5.4,,groupby,G1_1e7_1e1_0_0,1738851296.87448,start,,,c6id.metal
ip-172-31-18-198,1738850200,spark,3.5.4,,groupby,G1_1e7_1e1_0_0,1738851337.89812,finish,3,0,c6id.metal
ip-172-31-18-198,1738850200,spark,3.5.4,,groupby,G1_1e7_2e0_0_0,1738851352.91322,start,,,c6id.metal
ip-172-31-18-198,1738850200,spark,3.5.4,,groupby,G1_1e7_2e0_0_0,1738851393.5279,finish,3,0,c6id.metal
ip-172-31-18-198,1738850200,spark,3.5.4,,groupby,G1_1e7_1e2_0_1,1738851408.54318,start,,,c6id.metal
ip-172-31-18-198,1738850200,spark,3.5.4,,groupby,G1_1e7_1e2_0_1,1738851451.69426,finish,3,0,c6id.metal
ip-172-31-18-198,1738850200,spark,3.5.4,,groupby,G1_1e7_1e2_5_0,1738851466.70954,start,,,c6id.metal
ip-172-31-18-198,1738850200,spark,3.5.4,,groupby,G1_1e7_1e2_5_0,1738851508.34948,finish,3,0,c6id.metal
ip-172-31-18-198,1738850200,spark,3.5.4,,groupby,G1_1e8_1e2_0_0,1738851523.36477,start,,,c6id.metal
ip-172-31-18-198,1738850200,spark,3.5.4,,groupby,G1_1e8_1e2_0_0,1738851632.11835,finish,3,0,c6id.metal
ip-172-31-18-198,1738850200,spark,3.5.4,,groupby,G1_1e8_1e1_0_0,1738851647.13363,start,,,c6id.metal
ip-172-31-18-198,1738850200,spark,3.5.4,,groupby,G1_1e8_1e1_0_0,1738851759.89419,finish,3,0,c6id.metal
ip-172-31-18-198,1738850200,spark,3.5.4,,groupby,G1_1e8_2e0_0_0,1738851774.9095,start,,,c6id.metal
ip-172-31-18-198,1738850200,spark,3.5.4,,groupby,G1_1e8_2e0_0_0,1738851894.68164,finish,3,0,c6id.metal
ip-172-31-18-198,1738850200,spark,3.5.4,,groupby,G1_1e8_1e2_0_1,1738851909.69696,start,,,c6id.metal
ip-172-31-18-198,1738850200,spark,3.5.4,,groupby,G1_1e8_1e2_0_1,1738851999.43487,finish,3,0,c6id.metal
ip-172-31-18-198,1738850200,spark,3.5.4,,groupby,G1_1e8_1e2_5_0,1738852014.45014,start,,,c6id.metal
ip-172-31-18-198,1738850200,spark,3.5.4,,groupby,G1_1e8_1e2_5_0,1738852130.11762,finish,3,0,c6id.metal
ip-172-31-18-198,1738850200,spark,3.5.4,,join,J1_1e7_NA_0_0,1738852145.13286,start,,,c6id.metal
ip-172-31-18-198,1738850200,spark,3.5.4,,join,J1_1e7_NA_0_0,1738852181.78723,finish,3,0,c6id.metal
ip-172-31-18-198,1738850200,spark,3.5.4,,join,J1_1e7_NA_5_0,1738852196.80239,start,,,c6id.metal
ip-172-31-18-198,1738850200,spark,3.5.4,,join,J1_1e7_NA_5_0,1738852236.43903,finish,3,0,c6id.metal
ip-172-31-18-198,1738850200,spark,3.5.4,,join,J1_1e7_NA_0_1,1738852251.45432,start,,,c6id.metal
ip-172-31-18-198,1738850200,spark,3.5.4,,join,J1_1e7_NA_0_1,1738852292.08713,finish,3,0,c6id.metal
ip-172-31-18-198,1738850200,spark,3.5.4,,join,J1_1e8_NA_0_0,1738852307.10239,start,,,c6id.metal
ip-172-31-18-198,1738850200,spark,3.5.4,,join,J1_1e8_NA_0_0,1738852498.49262,finish,3,0,c6id.metal
ip-172-31-18-198,1738850200,spark,3.5.4,,join,J1_1e8_NA_5_0,1738852513.50777,start,,,c6id.metal
ip-172-31-18-198,1738850200,spark,3.5.4,,join,J1_1e8_NA_5_0,1738852705.36852,finish,3,0,c6id.metal
ip-172-31-18-198,1738850200,spark,3.5.4,,join,J1_1e8_NA_0_1,1738852720.3838,start,,,c6id.metal
ip-172-31-18-198,1738850200,spark,3.5.4,,join,J1_1e8_NA_0_1,1738852868.70549,finish,3,0,c6id.metal
ip-172-31-13-90,1739179995,collapse,2.0.19,,groupby,G1_1e7_1e2_0_0,1739179998.27337,start,,,c6id.metal
ip-172-31-13-90,1739179995,collapse,2.0.19,,groupby,G1_1e7_1e2_0_0,1739180008.75084,finish,0,0,c6id.metal
ip-172-31-13-90,1739179995,collapse,2.0.19,,groupby,G1_1e7_1e1_0_0,1739180023.76613,start,,,c6id.metal
ip-172-31-13-90,1739179995,collapse,2.0.19,,groupby,G1_1e7_1e1_0_0,1739180043.88553,finish,0,0,c6id.metal
ip-172-31-13-90,1739179995,collapse,2.0.19,,groupby,G1_1e7_2e0_0_0,1739180058.90078,start,,,c6id.metal
ip-172-31-13-90,1739179995,collapse,2.0.19,,groupby,G1_1e7_2e0_0_0,1739180119.44748,finish,0,0,c6id.metal
ip-172-31-13-90,1739179995,collapse,2.0.19,,groupby,G1_1e7_1e2_0_1,1739180134.46279,start,,,c6id.metal
ip-172-31-13-90,1739179995,collapse,2.0.19,,groupby,G1_1e7_1e2_0_1,1739180143.50704,finish,0,0,c6id.metal
ip-172-31-13-90,1739179995,collapse,2.0.19,,groupby,G1_1e7_1e2_5_0,1739180158.52232,start,,,c6id.metal
ip-172-31-13-90,1739179995,collapse,2.0.19,,groupby,G1_1e7_1e2_5_0,1739180169.59038,finish,0,0,c6id.metal
ip-172-31-13-90,1739179995,collapse,2.0.19,,groupby,G1_1e8_1e2_0_0,1739180184.60567,start,,,c6id.metal
ip-172-31-13-90,1739179995,collapse,2.0.19,,groupby,G1_1e8_1e2_0_0,1739180315.42039,finish,0,0,c6id.metal
ip-172-31-13-90,1739179995,collapse,2.0.19,,groupby,G1_1e8_1e1_0_0,1739180330.4357,start,,,c6id.metal
ip-172-31-13-90,1739179995,collapse,2.0.19,,groupby,G1_1e8_1e1_0_0,1739180601.12919,finish,0,0,c6id.metal
ip-172-31-13-90,1739179995,collapse,2.0.19,,groupby,G1_1e8_2e0_0_0,1739180616.14442,start,,,c6id.metal
ip-172-31-13-90,1739179995,collapse,2.0.19,,groupby,G1_1e8_2e0_0_0,1739181298.98774,finish,0,0,c6id.metal
ip-172-31-13-90,1739179995,collapse,2.0.19,,groupby,G1_1e8_1e2_0_1,1739181314.00302,start,,,c6id.metal
ip-172-31-13-90,1739179995,collapse,2.0.19,,groupby,G1_1e8_1e2_0_1,1739181431.60098,finish,0,0,c6id.metal
ip-172-31-13-90,1739179995,collapse,2.0.19,,groupby,G1_1e8_1e2_5_0,1739181446.61625,start,,,c6id.metal
ip-172-31-13-90,1739179995,collapse,2.0.19,,groupby,G1_1e8_1e2_5_0,1739181578.7287,finish,0,0,c6id.metal
ip-172-31-13-90,1739179995,collapse,2.0.19,,join,J1_1e7_NA_0_0,1739181593.74398,start,,,c6id.metal
ip-172-31-13-90,1739179995,collapse,2.0.19,,join,J1_1e7_NA_0_0,1739181705.16237,finish,0,0,c6id.metal
ip-172-31-13-90,1739179995,collapse,2.0.19,,join,J1_1e7_NA_5_0,1739181720.17766,start,,,c6id.metal
ip-172-31-13-90,1739179995,collapse,2.0.19,,join,J1_1e7_NA_5_0,1739181824.57547,finish,0,0,c6id.metal
ip-172-31-13-90,1739179995,collapse,2.0.19,,join,J1_1e7_NA_0_1,1739181839.59076,start,,,c6id.metal
ip-172-31-13-90,1739179995,collapse,2.0.19,,join,J1_1e7_NA_0_1,1739181937.78717,finish,0,0,c6id.metal
ip-172-31-13-90,1739179995,collapse,2.0.19,,join,J1_1e8_NA_0_0,1739181952.80225,start,,,c6id.metal
ip-172-31-13-90,1739179995,collapse,2.0.19,,join,J1_1e8_NA_0_0,1739183214.87658,finish,0,0,c6id.metal
ip-172-31-13-90,1739179995,collapse,2.0.19,,join,J1_1e8_NA_5_0,1739183229.8917,start,,,c6id.metal
ip-172-31-13-90,1739179995,collapse,2.0.19,,join,J1_1e8_NA_5_0,1739184395.40231,finish,0,0,c6id.metal
ip-172-31-13-90,1739179995,collapse,2.0.19,,join,J1_1e8_NA_0_1,1739184410.41743,start,,,c6id.metal
ip-172-31-13-90,1739179995,collapse,2.0.19,,join,J1_1e8_NA_0_1,1739185549.9183,finish,0,0,c6id.metal
ip-172-31-13-90,1739179995,data.table,1.16.99,deb31d976817d2a212c3121f74a086e35282c2c2,groupby,G1_1e7_1e2_0_0,1739185564.93339,start,,,c6id.metal
ip-172-31-13-90,1739179995,data.table,1.16.99,deb31d976817d2a212c3121f74a086e35282c2c2,groupby,G1_1e7_1e2_0_0,1739185580.99343,finish,0,0,c6id.metal
ip-172-31-13-90,1739179995,data.table,1.16.99,deb31d976817d2a212c3121f74a086e35282c2c2,groupby,G1_1e7_1e1_0_0,1739185596.00852,start,,,c6id.metal
ip-172-31-13-90,1739179995,data.table,1.16.99,deb31d976817d2a212c3121f74a086e35282c2c2,groupby,G1_1e7_1e1_0_0,1739185627.97252,finish,0,0,c6id.metal
ip-172-31-13-90,1739179995,data.table,1.16.99,deb31d976817d2a212c3121f74a086e35282c2c2,groupby,G1_1e7_2e0_0_0,1739185642.98781,start,,,c6id.metal
ip-172-31-13-90,1739179995,data.table,1.16.99,deb31d976817d2a212c3121f74a086e35282c2c2,groupby,G1_1e7_2e0_0_0,1739185739.99323,finish,0,0,c6id.metal
ip-172-31-13-90,1739179995,data.table,1.16.99,deb31d976817d2a212c3121f74a086e35282c2c2,groupby,G1_1e7_1e2_0_1,1739185755.00834,start,,,c6id.metal
ip-172-31-13-90,1739179995,data.table,1.16.99,deb31d976817d2a212c3121f74a086e35282c2c2,groupby,G1_1e7_1e2_0_1,1739185766.19007,finish,0,0,c6id.metal
ip-172-31-13-90,1739179995,data.table,1.16.99,deb31d976817d2a212c3121f74a086e35282c2c2,groupby,G1_1e7_1e2_5_0,1739185781.2053,start,,,c6id.metal
ip-172-31-13-90,1739179995,data.table,1.16.99,deb31d976817d2a212c3121f74a086e35282c2c2,groupby,G1_1e7_1e2_5_0,1739185800.59435,finish,0,0,c6id.metal
ip-172-31-13-90,1739179995,data.table,1.16.99,deb31d976817d2a212c3121f74a086e35282c2c2,groupby,G1_1e8_1e2_0_0,1739185815.60945,start,,,c6id.metal
ip-172-31-13-90,1739179995,data.table,1.16.99,deb31d976817d2a212c3121f74a086e35282c2c2,groupby,G1_1e8_1e2_0_0,1739185949.41484,finish,0,0,c6id.metal
ip-172-31-13-90,1739179995,data.table,1.16.99,deb31d976817d2a212c3121f74a086e35282c2c2,groupby,G1_1e8_1e1_0_0,1739185964.43008,start,,,c6id.metal
ip-172-31-13-90,1739179995,data.table,1.16.99,deb31d976817d2a212c3121f74a086e35282c2c2,groupby,G1_1e8_1e1_0_0,1739186305.6594,finish,0,0,c6id.metal
ip-172-31-13-90,1739179995,data.table,1.16.99,deb31d976817d2a212c3121f74a086e35282c2c2,groupby,G1_1e8_2e0_0_0,1739186320.67467,start,,,c6id.metal
ip-172-31-13-90,1739179995,data.table,1.16.99,deb31d976817d2a212c3121f74a086e35282c2c2,groupby,G1_1e8_2e0_0_0,1739187204.51385,finish,0,0,c6id.metal
ip-172-31-13-90,1739179995,data.table,1.16.99,deb31d976817d2a212c3121f74a086e35282c2c2,groupby,G1_1e8_1e2_0_1,1739187219.5291,start,,,c6id.metal
ip-172-31-13-90,1739179995,data.table,1.16.99,deb31d976817d2a212c3121f74a086e35282c2c2,groupby,G1_1e8_1e2_0_1,1739187335.22778,finish,0,0,c6id.metal
ip-172-31-13-90,1739179995,data.table,1.16.99,deb31d976817d2a212c3121f74a086e35282c2c2,groupby,G1_1e8_1e2_5_0,1739187350.24307,start,,,c6id.metal
ip-172-31-13-90,1739179995,data.table,1.16.99,deb31d976817d2a212c3121f74a086e35282c2c2,groupby,G1_1e8_1e2_5_0,1739187488.31414,finish,0,0,c6id.metal
ip-172-31-13-90,1739179995,data.table,1.16.99,deb31d976817d2a212c3121f74a086e35282c2c2,join,J1_1e7_NA_0_0,1739187503.32939,start,,,c6id.metal
ip-172-31-13-90,1739179995,data.table,1.16.99,deb31d976817d2a212c3121f74a086e35282c2c2,join,J1_1e7_NA_0_0,1739187621.83929,finish,0,0,c6id.metal
ip-172-31-13-90,1739179995,data.table,1.16.99,deb31d976817d2a212c3121f74a086e35282c2c2,join,J1_1e7_NA_5_0,1739187636.85437,start,,,c6id.metal
ip-172-31-13-90,1739179995,data.table,1.16.99,deb31d976817d2a212c3121f74a086e35282c2c2,join,J1_1e7_NA_5_0,1739187749.31469,finish,0,0,c6id.metal
ip-172-31-13-90,1739179995,data.table,1.16.99,deb31d976817d2a212c3121f74a086e35282c2c2,join,J1_1e7_NA_0_1,1739187764.32993,start,,,c6id.metal
ip-172-31-13-90,1739179995,data.table,1.16.99,deb31d976817d2a212c3121f74a086e35282c2c2,join,J1_1e7_NA_0_1,1739187872.47676,finish,0,0,c6id.metal
ip-172-31-13-90,1739179995,data.table,1.16.99,deb31d976817d2a212c3121f74a086e35282c2c2,join,J1_1e8_NA_0_0,1739187887.49202,start,,,c6id.metal
ip-172-31-13-90,1739179995,data.table,1.16.99,deb31d976817d2a212c3121f74a086e35282c2c2,join,J1_1e8_NA_0_0,1739189379.7143,finish,0,0,c6id.metal
ip-172-31-13-90,1739179995,data.table,1.16.99,deb31d976817d2a212c3121f74a086e35282c2c2,join,J1_1e8_NA_5_0,1739189394.72961,start,,,c6id.metal
ip-172-31-13-90,1739179995,data.table,1.16.99,deb31d976817d2a212c3121f74a086e35282c2c2,join,J1_1e8_NA_5_0,1739190608.97703,finish,0,0,c6id.metal
ip-172-31-13-90,1739179995,data.table,1.16.99,deb31d976817d2a212c3121f74a086e35282c2c2,join,J1_1e8_NA_0_1,1739190623.99211,start,,,c6id.metal
ip-172-31-13-90,1739179995,data.table,1.16.99,deb31d976817d2a212c3121f74a086e35282c2c2,join,J1_1e8_NA_0_1,1739191887.39261,finish,0,0,c6id.metal
ip-172-31-13-90,1739179995,juliads,0.7.21, ,groupby,G1_1e7_1e2_0_0,1739191902.40788,start,,,c6id.metal
ip-172-31-13-90,1739179995,juliads,0.7.21, ,groupby,G1_1e7_1e2_0_0,1739192024.96797,finish,1,139,c6id.metal
ip-172-31-13-90,1739179995,juliads,0.7.21, ,groupby,G1_1e7_1e1_0_0,1739192039.98323,start,,,c6id.metal
ip-172-31-13-90,1739179995,juliads,0.7.21, ,groupby,G1_1e7_1e1_0_0,1739192092.90323,finish,1,139,c6id.metal
ip-172-31-13-90,1739179995,juliads,0.7.21, ,groupby,G1_1e7_2e0_0_0,1739192107.91852,start,,,c6id.metal
ip-172-31-13-90,1739179995,juliads,0.7.21, ,groupby,G1_1e7_2e0_0_0,1739192163.66585,finish,1,139,c6id.metal
ip-172-31-13-90,1739179995,juliads,0.7.21, ,groupby,G1_1e7_1e2_0_1,1739192178.68111,start,,,c6id.metal
ip-172-31-13-90,1739179995,juliads,0.7.21, ,groupby,G1_1e7_1e2_0_1,1739192230.8163,finish,1,139,c6id.metal
ip-172-31-13-90,1739179995,juliads,0.7.21, ,groupby,G1_1e7_1e2_5_0,1739192245.83163,start,,,c6id.metal
ip-172-31-13-90,1739179995,juliads,0.7.21, ,groupby,G1_1e7_1e2_5_0,1739192301.46607,finish,1,139,c6id.metal
ip-172-31-13-90,1739179995,juliads,0.7.21, ,groupby,G1_1e8_1e2_0_0,1739192316.48133,start,,,c6id.metal
ip-172-31-13-90,1739179995,juliads,0.7.21, ,groupby,G1_1e8_1e2_0_0,1739192368.18726,finish,1,139,c6id.metal
ip-172-31-13-90,1739179995,juliads,0.7.21, ,groupby,G1_1e8_1e1_0_0,1739192383.20251,start,,,c6id.metal
ip-172-31-13-90,1739179995,juliads,0.7.21, ,groupby,G1_1e8_1e1_0_0,1739192435.76015,finish,1,139,c6id.metal
ip-172-31-13-90,1739179995,juliads,0.7.21, ,groupby,G1_1e8_2e0_0_0,1739192450.77542,start,,,c6id.metal
ip-172-31-13-90,1739179995,juliads,0.7.21, ,groupby,G1_1e8_2e0_0_0,1739192505.62183,finish,1,139,c6id.metal
ip-172-31-13-90,1739179995,juliads,0.7.21, ,groupby,G1_1e8_1e2_0_1,1739192520.63691,start,,,c6id.metal
ip-172-31-13-90,1739179995,juliads,0.7.21, ,groupby,G1_1e8_1e2_0_1,1739192574.01283,finish,1,139,c6id.metal
ip-172-31-13-90,1739179995,juliads,0.7.21, ,groupby,G1_1e8_1e2_5_0,1739192589.02807,start,,,c6id.metal
ip-172-31-13-90,1739179995,juliads,0.7.21, ,groupby,G1_1e8_1e2_5_0,1739192644.38322,finish,1,139,c6id.metal
ip-172-31-13-90,1739179995,juliads,0.7.21, ,join,J1_1e7_NA_0_0,1739192659.39847,start,,,c6id.metal
ip-172-31-13-90,1739179995,juliads,0.7.21, ,join,J1_1e7_NA_0_0,1739192661.88475,finish,1,139,c6id.metal
ip-172-31-13-90,1739179995,juliads,0.7.21, ,join,J1_1e7_NA_5_0,1739192676.89998,start,,,c6id.metal
ip-172-31-13-90,1739179995,juliads,0.7.21, ,join,J1_1e7_NA_5_0,1739192679.37359,finish,1,139,c6id.metal
ip-172-31-13-90,1739179995,juliads,0.7.21, ,join,J1_1e7_NA_0_1,1739192694.38885,start,,,c6id.metal
ip-172-31-13-90,1739179995,juliads,0.7.21, ,join,J1_1e7_NA_0_1,1739192696.86704,finish,1,139,c6id.metal
ip-172-31-13-90,1739179995,juliads,0.7.21, ,join,J1_1e8_NA_0_0,1739192711.88228,start,,,c6id.metal
ip-172-31-13-90,1739179995,juliads,0.7.21, ,join,J1_1e8_NA_0_0,1739192714.37013,finish,1,139,c6id.metal
ip-172-31-13-90,1739179995,juliads,0.7.21, ,join,J1_1e8_NA_5_0,1739192729.38521,start,,,c6id.metal
ip-172-31-13-90,1739179995,juliads,0.7.21, ,join,J1_1e8_NA_5_0,1739192731.88744,finish,1,139,c6id.metal
ip-172-31-13-90,1739179995,juliads,0.7.21, ,join,J1_1e8_NA_0_1,1739192746.90254,start,,,c6id.metal
ip-172-31-13-90,1739179995,juliads,0.7.21, ,join,J1_1e8_NA_0_1,1739192749.41745,finish,1,139,c6id.metal
ip-172-31-13-90,1739179995,juliadf,1.7.0,fb61b4812c49343d7ef0b533ba982c46021938a6,groupby,G1_1e7_1e2_0_0,1739192764.43272,start,,,c6id.metal
ip-172-31-13-90,1739179995,juliadf,1.7.0,fb61b4812c49343d7ef0b533ba982c46021938a6,groupby,G1_1e7_1e2_0_0,1739192767.80037,finish,1,139,c6id.metal
ip-172-31-13-90,1739179995,juliadf,1.7.0,fb61b4812c49343d7ef0b533ba982c46021938a6,groupby,G1_1e7_1e1_0_0,1739192782.81598,start,,,c6id.metal
ip-172-31-13-90,1739179995,juliadf,1.7.0,fb61b4812c49343d7ef0b533ba982c46021938a6,groupby,G1_1e7_1e1_0_0,1739192786.1309,finish,1,139,c6id.metal
ip-172-31-13-90,1739179995,juliadf,1.7.0,fb61b4812c49343d7ef0b533ba982c46021938a6,groupby,G1_1e7_2e0_0_0,1739192801.14614,start,,,c6id.metal
ip-172-31-13-90,1739179995,juliadf,1.7.0,fb61b4812c49343d7ef0b533ba982c46021938a6,groupby,G1_1e7_2e0_0_0,1739192804.48577,finish,1,139,c6id.metal
ip-172-31-13-90,1739179995,juliadf,1.7.0,fb61b4812c49343d7ef0b533ba982c46021938a6,groupby,G1_1e7_1e2_0_1,1739192819.50105,start,,,c6id.metal
ip-172-31-13-90,1739179995,juliadf,1.7.0,fb61b4812c49343d7ef0b533ba982c46021938a6,groupby,G1_1e7_1e2_0_1,1739192822.82638,finish,1,139,c6id.metal
ip-172-31-13-90,1739179995,juliadf,1.7.0,fb61b4812c49343d7ef0b533ba982c46021938a6,groupby,G1_1e7_1e2_5_0,1739192837.84171,start,,,c6id.metal
ip-172-31-13-90,1739179995,juliadf,1.7.0,fb61b4812c49343d7ef0b533ba982c46021938a6,groupby,G1_1e7_1e2_5_0,1739192841.14137,finish,1,139,c6id.metal
ip-172-31-13-90,1739179995,juliadf,1.7.0,fb61b4812c49343d7ef0b533ba982c46021938a6,groupby,G1_1e8_1e2_0_0,1739192856.15648,start,,,c6id.metal
ip-172-31-13-90,1739179995,juliadf,1.7.0,fb61b4812c49343d7ef0b533ba982c46021938a6,groupby,G1_1e8_1e2_0_0,1739192859.49052,finish,1,139,c6id.metal
ip-172-31-13-90,1739179995,juliadf,1.7.0,fb61b4812c49343d7ef0b533ba982c46021938a6,groupby,G1_1e8_1e1_0_0,1739192874.50563,start,,,c6id.metal
ip-172-31-13-90,1739179995,juliadf,1.7.0,fb61b4812c49343d7ef0b533ba982c46021938a6,groupby,G1_1e8_1e1_0_0,1739192877.84852,finish,1,139,c6id.metal
ip-172-31-13-90,1739179995,juliadf,1.7.0,fb61b4812c49343d7ef0b533ba982c46021938a6,groupby,G1_1e8_2e0_0_0,1739192892.8638,start,,,c6id.metal
ip-172-31-13-90,1739179995,juliadf,1.7.0,fb61b4812c49343d7ef0b533ba982c46021938a6,groupby,G1_1e8_2e0_0_0,1739192896.20752,finish,1,139,c6id.metal
ip-172-31-13-90,1739179995,juliadf,1.7.0,fb61b4812c49343d7ef0b533ba982c46021938a6,groupby,G1_1e8_1e2_0_1,1739192911.22264,start,,,c6id.metal
ip-172-31-13-90,1739179995,juliadf,1.7.0,fb61b4812c49343d7ef0b533ba982c46021938a6,groupby,G1_1e8_1e2_0_1,1739192914.56273,finish,1,139,c6id.metal
ip-172-31-13-90,1739179995,juliadf,1.7.0,fb61b4812c49343d7ef0b533ba982c46021938a6,groupby,G1_1e8_1e2_5_0,1739192929.57799,start,,,c6id.metal
ip-172-31-13-90,1739179995,juliadf,1.7.0,fb61b4812c49343d7ef0b533ba982c46021938a6,groupby,G1_1e8_1e2_5_0,1739192932.86197,finish,1,139,c6id.metal
ip-172-31-13-90,1739179995,juliadf,1.7.0,fb61b4812c49343d7ef0b533ba982c46021938a6,join,J1_1e7_NA_0_0,1739192947.87724,start,,,c6id.metal
ip-172-31-13-90,1739179995,juliadf,1.7.0,fb61b4812c49343d7ef0b533ba982c46021938a6,join,J1_1e7_NA_0_0,1739192951.57384,finish,1,139,c6id.metal
ip-172-31-13-90,1739179995,juliadf,1.7.0,fb61b4812c49343d7ef0b533ba982c46021938a6,join,J1_1e7_NA_5_0,1739192966.58909,start,,,c6id.metal
ip-172-31-13-90,1739179995,juliadf,1.7.0,fb61b4812c49343d7ef0b533ba982c46021938a6,join,J1_1e7_NA_5_0,1739192970.26507,finish,1,139,c6id.metal
ip-172-31-13-90,1739179995,juliadf,1.7.0,fb61b4812c49343d7ef0b533ba982c46021938a6,join,J1_1e7_NA_0_1,1739192985.28031,start,,,c6id.metal
ip-172-31-13-90,1739179995,juliadf,1.7.0,fb61b4812c49343d7ef0b533ba982c46021938a6,join,J1_1e7_NA_0_1,1739192988.95612,finish,1,139,c6id.metal
ip-172-31-13-90,1739179995,juliadf,1.7.0,fb61b4812c49343d7ef0b533ba982c46021938a6,join,J1_1e8_NA_0_0,1739193003.97137,start,,,c6id.metal
ip-172-31-13-90,1739179995,juliadf,1.7.0,fb61b4812c49343d7ef0b533ba982c46021938a6,join,J1_1e8_NA_0_0,1739193008.28608,finish,1,139,c6id.metal
ip-172-31-13-90,1739179995,juliadf,1.7.0,fb61b4812c49343d7ef0b533ba982c46021938a6,join,J1_1e8_NA_5_0,1739193023.30137,start,,,c6id.metal
ip-172-31-13-90,1739179995,juliadf,1.7.0,fb61b4812c49343d7ef0b533ba982c46021938a6,join,J1_1e8_NA_5_0,1739193027.53777,finish,1,139,c6id.metal
ip-172-31-13-90,1739179995,juliadf,1.7.0,fb61b4812c49343d7ef0b533ba982c46021938a6,join,J1_1e8_NA_0_1,1739193042.55304,start,,,c6id.metal
ip-172-31-13-90,1739179995,juliadf,1.7.0,fb61b4812c49343d7ef0b533ba982c46021938a6,join,J1_1e8_NA_0_1,1739193046.97663,finish,1,139,c6id.metal
ip-172-31-13-90,1739179995,dplyr,1.1.4,,groupby,G1_1e7_1e2_0_0,1739193061.99171,start,,,c6id.metal
ip-172-31-13-90,1739179995,dplyr,1.1.4,,groupby,G1_1e7_1e2_0_0,1739193255.5575,finish,16,0,c6id.metal
ip-172-31-13-90,1739179995,dplyr,1.1.4,,groupby,G1_1e7_1e1_0_0,1739193270.57281,start,,,c6id.metal
ip-172-31-13-90,1739179995,dplyr,1.1.4,,groupby,G1_1e7_1e1_0_0,1739193538.1511,finish,16,0,c6id.metal
ip-172-31-13-90,1739179995,dplyr,1.1.4,,groupby,G1_1e7_2e0_0_0,1739193553.16617,start,,,c6id.metal
ip-172-31-13-90,1739179995,dplyr,1.1.4,,groupby,G1_1e7_2e0_0_0,1739194106.79535,finish,16,0,c6id.metal
ip-172-31-13-90,1739179995,dplyr,1.1.4,,groupby,G1_1e7_1e2_0_1,1739194121.81067,start,,,c6id.metal
ip-172-31-13-90,1739179995,dplyr,1.1.4,,groupby,G1_1e7_1e2_0_1,1739194306.64734,finish,16,0,c6id.metal
ip-172-31-13-90,1739179995,dplyr,1.1.4,,groupby,G1_1e7_1e2_5_0,1739194321.66267,start,,,c6id.metal
ip-172-31-13-90,1739179995,dplyr,1.1.4,,groupby,G1_1e7_1e2_5_0,1739194517.90235,finish,16,0,c6id.metal
ip-172-31-13-90,1739179995,dplyr,1.1.4,,groupby,G1_1e8_1e2_0_0,1739194532.91763,start,,,c6id.metal
ip-172-31-13-90,1739179995,dplyr,1.1.4,,groupby,G1_1e8_1e2_0_0,1739196335.4803,finish,18,0,c6id.metal
ip-172-31-13-90,1739179995,dplyr,1.1.4,,groupby,G1_1e8_1e1_0_0,1739196350.49561,start,,,c6id.metal
ip-172-31-13-90,1739179995,dplyr,1.1.4,,groupby,G1_1e8_1e1_0_0,1739198152.48713,finish,16,0,c6id.metal
ip-172-31-13-90,1739179995,dplyr,1.1.4,,groupby,G1_1e8_2e0_0_0,1739198167.50239,start,,,c6id.metal
ip-172-31-13-90,1739179995,dplyr,1.1.4,,groupby,G1_1e8_2e0_0_0,1739199968.76919,finish,8,0,c6id.metal
ip-172-31-13-90,1739179995,dplyr,1.1.4,,groupby,G1_1e8_1e2_0_1,1739199983.78429,start,,,c6id.metal
ip-172-31-13-90,1739179995,dplyr,1.1.4,,groupby,G1_1e8_1e2_0_1,1739201785.37321,finish,18,0,c6id.metal
ip-172-31-13-90,1739179995,dplyr,1.1.4,,groupby,G1_1e8_1e2_5_0,1739201800.3883,start,,,c6id.metal
ip-172-31-13-90,1739179995,dplyr,1.1.4,,groupby,G1_1e8_1e2_5_0,1739203602.19833,finish,18,0,c6id.metal
ip-172-31-13-90,1739179995,dplyr,1.1.4,,join,J1_1e7_NA_0_0,1739203617.21361,start,,,c6id.metal
ip-172-31-13-90,1739179995,dplyr,1.1.4,,join,J1_1e7_NA_0_0,1739203745.17615,finish,0,0,c6id.metal
ip-172-31-13-90,1739179995,dplyr,1.1.4,,join,J1_1e7_NA_5_0,1739203760.19142,start,,,c6id.metal
ip-172-31-13-90,1739179995,dplyr,1.1.4,,join,J1_1e7_NA_5_0,1739203876.44445,finish,0,0,c6id.metal
ip-172-31-13-90,1739179995,dplyr,1.1.4,,join,J1_1e7_NA_0_1,1739203891.45973,start,,,c6id.metal
ip-172-31-13-90,1739179995,dplyr,1.1.4,,join,J1_1e7_NA_0_1,1739203996.80526,finish,0,0,c6id.metal
ip-172-31-13-90,1739179995,dplyr,1.1.4,,join,J1_1e8_NA_0_0,1739204011.82051,start,,,c6id.metal
ip-172-31-13-90,1739179995,dplyr,1.1.4,,join,J1_1e8_NA_0_0,1739205449.33674,finish,0,0,c6id.metal
ip-172-31-13-90,1739179995,dplyr,1.1.4,,join,J1_1e8_NA_5_0,1739205464.35182,start,,,c6id.metal
ip-172-31-13-90,1739179995,dplyr,1.1.4,,join,J1_1e8_NA_5_0,1739206860.95346,finish,0,0,c6id.metal
ip-172-31-13-90,1739179995,dplyr,1.1.4,,join,J1_1e8_NA_0_1,1739206875.96874,start,,,c6id.metal
ip-172-31-13-90,1739179995,dplyr,1.1.4,,join,J1_1e8_NA_0_1,1739208199.9753,finish,0,0,c6id.metal
ip-172-31-13-90,1739179995,pandas,2.2.3,0691c5cf90477d3503834d983f69350f250a6ff7,groupby,G1_1e7_1e2_0_0,1739208214.99055,start,,,c6id.metal
ip-172-31-13-90,1739179995,pandas,2.2.3,0691c5cf90477d3503834d983f69350f250a6ff7,groupby,G1_1e7_1e2_0_0,1739208242.12712,finish,4,0,c6id.metal
ip-172-31-13-90,1739179995,pandas,2.2.3,0691c5cf90477d3503834d983f69350f250a6ff7,groupby,G1_1e7_1e1_0_0,1739208257.14234,start,,,c6id.metal
ip-172-31-13-90,1739179995,pandas,2.2.3,0691c5cf90477d3503834d983f69350f250a6ff7,groupby,G1_1e7_1e1_0_0,1739208286.86851,finish,4,0,c6id.metal
ip-172-31-13-90,1739179995,pandas,2.2.3,0691c5cf90477d3503834d983f69350f250a6ff7,groupby,G1_1e7_2e0_0_0,1739208301.88378,start,,,c6id.metal
ip-172-31-13-90,1739179995,pandas,2.2.3,0691c5cf90477d3503834d983f69350f250a6ff7,groupby,G1_1e7_2e0_0_0,1739208368.6063,finish,4,0,c6id.metal
ip-172-31-13-90,1739179995,pandas,2.2.3,0691c5cf90477d3503834d983f69350f250a6ff7,groupby,G1_1e7_1e2_0_1,1739208383.6214,start,,,c6id.metal
ip-172-31-13-90,1739179995,pandas,2.2.3,0691c5cf90477d3503834d983f69350f250a6ff7,groupby,G1_1e7_1e2_0_1,1739208409.33158,finish,4,0,c6id.metal
ip-172-31-13-90,1739179995,pandas,2.2.3,0691c5cf90477d3503834d983f69350f250a6ff7,groupby,G1_1e7_1e2_5_0,1739208424.34683,start,,,c6id.metal
ip-172-31-13-90,1739179995,pandas,2.2.3,0691c5cf90477d3503834d983f69350f250a6ff7,groupby,G1_1e7_1e2_5_0,1739208424.80721,finish,1,0,c6id.metal
ip-172-31-13-90,1739179995,pandas,2.2.3,0691c5cf90477d3503834d983f69350f250a6ff7,groupby,G1_1e8_1e2_0_0,1739208439.82245,start,,,c6id.metal
ip-172-31-13-90,1739179995,pandas,2.2.3,0691c5cf90477d3503834d983f69350f250a6ff7,groupby,G1_1e8_1e2_0_0,1739208785.60761,finish,4,0,c6id.metal
ip-172-31-13-90,1739179995,pandas,2.2.3,0691c5cf90477d3503834d983f69350f250a6ff7,groupby,G1_1e8_1e1_0_0,1739208800.62284,start,,,c6id.metal
ip-172-31-13-90,1739179995,pandas,2.2.3,0691c5cf90477d3503834d983f69350f250a6ff7,groupby,G1_1e8_1e1_0_0,1739209262.54438,finish,4,0,c6id.metal
ip-172-31-13-90,1739179995,pandas,2.2.3,0691c5cf90477d3503834d983f69350f250a6ff7,groupby,G1_1e8_2e0_0_0,1739209277.5595,start,,,c6id.metal
ip-172-31-13-90,1739179995,pandas,2.2.3,0691c5cf90477d3503834d983f69350f250a6ff7,groupby,G1_1e8_2e0_0_0,1739210151.53043,finish,4,0,c6id.metal
ip-172-31-13-90,1739179995,pandas,2.2.3,0691c5cf90477d3503834d983f69350f250a6ff7,groupby,G1_1e8_1e2_0_1,1739210166.54574,start,,,c6id.metal
ip-172-31-13-90,1739179995,pandas,2.2.3,0691c5cf90477d3503834d983f69350f250a6ff7,groupby,G1_1e8_1e2_0_1,1739210482.72647,finish,4,0,c6id.metal
ip-172-31-13-90,1739179995,pandas,2.2.3,0691c5cf90477d3503834d983f69350f250a6ff7,groupby,G1_1e8_1e2_5_0,1739210497.7418,start,,,c6id.metal
ip-172-31-13-90,1739179995,pandas,2.2.3,0691c5cf90477d3503834d983f69350f250a6ff7,groupby,G1_1e8_1e2_5_0,1739210498.20896,finish,1,0,c6id.metal
ip-172-31-13-90,1739179995,pandas,2.2.3,0691c5cf90477d3503834d983f69350f250a6ff7,join,J1_1e7_NA_0_0,1739210513.22407,start,,,c6id.metal
ip-172-31-13-90,1739179995,pandas,2.2.3,0691c5cf90477d3503834d983f69350f250a6ff7,join,J1_1e7_NA_0_0,1739210559.1733,finish,0,0,c6id.metal
ip-172-31-13-90,1739179995,pandas,2.2.3,0691c5cf90477d3503834d983f69350f250a6ff7,join,J1_1e7_NA_5_0,1739210574.18862,start,,,c6id.metal
ip-172-31-13-90,1739179995,pandas,2.2.3,0691c5cf90477d3503834d983f69350f250a6ff7,join,J1_1e7_NA_5_0,1739210620.98032,finish,0,0,c6id.metal
ip-172-31-13-90,1739179995,pandas,2.2.3,0691c5cf90477d3503834d983f69350f250a6ff7,join,J1_1e7_NA_0_1,1739210635.99561,start,,,c6id.metal
ip-172-31-13-90,1739179995,pandas,2.2.3,0691c5cf90477d3503834d983f69350f250a6ff7,join,J1_1e7_NA_0_1,1739210673.44405,finish,0,0,c6id.metal
ip-172-31-13-90,1739179995,pandas,2.2.3,0691c5cf90477d3503834d983f69350f250a6ff7,join,J1_1e8_NA_0_0,1739210688.45914,start,,,c6id.metal
ip-172-31-13-90,1739179995,pandas,2.2.3,0691c5cf90477d3503834d983f69350f250a6ff7,join,J1_1e8_NA_0_0,1739211278.71967,finish,0,0,c6id.metal
ip-172-31-13-90,1739179995,pandas,2.2.3,0691c5cf90477d3503834d983f69350f250a6ff7,join,J1_1e8_NA_5_0,1739211293.73492,start,,,c6id.metal
ip-172-31-13-90,1739179995,pandas,2.2.3,0691c5cf90477d3503834d983f69350f250a6ff7,join,J1_1e8_NA_5_0,1739211892.33523,finish,0,0,c6id.metal
ip-172-31-13-90,1739179995,pandas,2.2.3,0691c5cf90477d3503834d983f69350f250a6ff7,join,J1_1e8_NA_0_1,1739211907.35037,start,,,c6id.metal
ip-172-31-13-90,1739179995,pandas,2.2.3,0691c5cf90477d3503834d983f69350f250a6ff7,join,J1_1e8_NA_0_1,1739212380.80526,finish,0,0,c6id.metal
ip-172-31-13-90,1739179995,spark,3.5.4,,groupby,G1_1e7_1e2_0_0,1739212395.82052,start,,,c6id.metal
ip-172-31-13-90,1739179995,spark,3.5.4,,groupby,G1_1e7_1e2_0_0,1739212396.18208,finish,19,1,c6id.metal
ip-172-31-13-90,1739179995,spark,3.5.4,,groupby,G1_1e7_1e1_0_0,1739212411.19734,start,,,c6id.metal
ip-172-31-13-90,1739179995,spark,3.5.4,,groupby,G1_1e7_1e1_0_0,1739212411.5573,finish,19,1,c6id.metal
ip-172-31-13-90,1739179995,spark,3.5.4,,groupby,G1_1e7_2e0_0_0,1739212426.5724,start,,,c6id.metal
ip-172-31-13-90,1739179995,spark,3.5.4,,groupby,G1_1e7_2e0_0_0,1739212426.92891,finish,19,1,c6id.metal
ip-172-31-13-90,1739179995,spark,3.5.4,,groupby,G1_1e7_1e2_0_1,1739212441.94421,start,,,c6id.metal
ip-172-31-13-90,1739179995,spark,3.5.4,,groupby,G1_1e7_1e2_0_1,1739212442.30155,finish,19,1,c6id.metal
ip-172-31-13-90,1739179995,spark,3.5.4,,groupby,G1_1e7_1e2_5_0,1739212457.3168,start,,,c6id.metal
ip-172-31-13-90,1739179995,spark,3.5.4,,groupby,G1_1e7_1e2_5_0,1739212457.67382,finish,19,1,c6id.metal
ip-172-31-13-90,1739179995,spark,3.5.4,,groupby,G1_1e8_1e2_0_0,1739212472.68905,start,,,c6id.metal
ip-172-31-13-90,1739179995,spark,3.5.4,,groupby,G1_1e8_1e2_0_0,1739212473.04712,finish,19,1,c6id.metal
ip-172-31-13-90,1739179995,spark,3.5.4,,groupby,G1_1e8_1e1_0_0,1739212488.06236,start,,,c6id.metal
ip-172-31-13-90,1739179995,spark,3.5.4,,groupby,G1_1e8_1e1_0_0,1739212488.42397,finish,19,1,c6id.metal
ip-172-31-13-90,1739179995,spark,3.5.4,,groupby,G1_1e8_2e0_0_0,1739212503.43924,start,,,c6id.metal
ip-172-31-13-90,1739179995,spark,3.5.4,,groupby,G1_1e8_2e0_0_0,1739212503.79876,finish,19,1,c6id.metal
ip-172-31-13-90,1739179995,spark,3.5.4,,groupby,G1_1e8_1e2_0_1,1739212518.81402,start,,,c6id.metal
ip-172-31-13-90,1739179995,spark,3.5.4,,groupby,G1_1e8_1e2_0_1,1739212519.17295,finish,19,1,c6id.metal
ip-172-31-13-90,1739179995,spark,3.5.4,,groupby,G1_1e8_1e2_5_0,1739212534.18823,start,,,c6id.metal
ip-172-31-13-90,1739179995,spark,3.5.4,,groupby,G1_1e8_1e2_5_0,1739212534.54714,finish,19,1,c6id.metal
ip-172-31-13-90,1739179995,spark,3.5.4,,join,J1_1e7_NA_0_0,1739212549.56226,start,,,c6id.metal
ip-172-31-13-90,1739179995,spark,3.5.4,,join,J1_1e7_NA_0_0,1739212549.91777,finish,19,1,c6id.metal
ip-172-31-13-90,1739179995,spark,3.5.4,,join,J1_1e7_NA_5_0,1739212564.933,start,,,c6id.metal
ip-172-31-13-90,1739179995,spark,3.5.4,,join,J1_1e7_NA_5_0,1739212565.28893,finish,19,1,c6id.metal
ip-172-31-13-90,1739179995,spark,3.5.4,,join,J1_1e7_NA_0_1,1739212580.30401,start,,,c6id.metal
ip-172-31-13-90,1739179995,spark,3.5.4,,join,J1_1e7_NA_0_1,1739212580.65819,finish,19,1,c6id.metal
ip-172-31-13-90,1739179995,spark,3.5.4,,join,J1_1e8_NA_0_0,1739212595.67328,start,,,c6id.metal
ip-172-31-13-90,1739179995,spark,3.5.4,,join,J1_1e8_NA_0_0,1739212596.02589,finish,19,1,c6id.metal
ip-172-31-13-90,1739179995,spark,3.5.4,,join,J1_1e8_NA_5_0,1739212611.04115,start,,,c6id.metal
ip-172-31-13-90,1739179995,spark,3.5.4,,join,J1_1e8_NA_5_0,1739212611.39683,finish,19,1,c6id.metal
ip-172-31-13-90,1739179995,spark,3.5.4,,join,J1_1e8_NA_0_1,1739212626.41209,start,,,c6id.metal
ip-172-31-13-90,1739179995,spark,3.5.4,,join,J1_1e8_NA_0_1,1739212626.76869,finish,19,1,c6id.metal
ip-172-31-13-90,1739179995,dask,2025.1.0,0a75125ba89ae1ad71dff7805e1c3ebba6de819a,groupby,G1_1e7_1e2_0_0,1739212641.78398,start,,,c6id.metal
ip-172-31-13-90,1739179995,dask,2025.1.0,0a75125ba89ae1ad71dff7805e1c3ebba6de819a,groupby,G1_1e7_1e2_0_0,1739212641.93884,finish,4,1,c6id.metal
ip-172-31-13-90,1739179995,dask,2025.1.0,0a75125ba89ae1ad71dff7805e1c3ebba6de819a,groupby,G1_1e7_1e1_0_0,1739212656.95407,start,,,c6id.metal
ip-172-31-13-90,1739179995,dask,2025.1.0,0a75125ba89ae1ad71dff7805e1c3ebba6de819a,groupby,G1_1e7_1e1_0_0,1739212657.11422,finish,4,1,c6id.metal
ip-172-31-13-90,1739179995,dask,2025.1.0,0a75125ba89ae1ad71dff7805e1c3ebba6de819a,groupby,G1_1e7_2e0_0_0,1739212672.12949,start,,,c6id.metal
ip-172-31-13-90,1739179995,dask,2025.1.0,0a75125ba89ae1ad71dff7805e1c3ebba6de819a,groupby,G1_1e7_2e0_0_0,1739212672.28414,finish,4,1,c6id.metal
ip-172-31-13-90,1739179995,dask,2025.1.0,0a75125ba89ae1ad71dff7805e1c3ebba6de819a,groupby,G1_1e7_1e2_0_1,1739212687.29944,start,,,c6id.metal
ip-172-31-13-90,1739179995,dask,2025.1.0,0a75125ba89ae1ad71dff7805e1c3ebba6de819a,groupby,G1_1e7_1e2_0_1,1739212687.45419,finish,4,1,c6id.metal
ip-172-31-13-90,1739179995,dask,2025.1.0,0a75125ba89ae1ad71dff7805e1c3ebba6de819a,groupby,G1_1e7_1e2_5_0,1739212702.46937,start,,,c6id.metal
ip-172-31-13-90,1739179995,dask,2025.1.0,0a75125ba89ae1ad71dff7805e1c3ebba6de819a,groupby,G1_1e7_1e2_5_0,1739212702.62083,finish,4,1,c6id.metal
ip-172-31-13-90,1739179995,dask,2025.1.0,0a75125ba89ae1ad71dff7805e1c3ebba6de819a,groupby,G1_1e8_1e2_0_0,1739212717.63615,start,,,c6id.metal
ip-172-31-13-90,1739179995,dask,2025.1.0,0a75125ba89ae1ad71dff7805e1c3ebba6de819a,groupby,G1_1e8_1e2_0_0,1739212717.78946,finish,4,1,c6id.metal
ip-172-31-13-90,1739179995,dask,2025.1.0,0a75125ba89ae1ad71dff7805e1c3ebba6de819a,groupby,G1_1e8_1e1_0_0,1739212732.80478,start,,,c6id.metal
ip-172-31-13-90,1739179995,dask,2025.1.0,0a75125ba89ae1ad71dff7805e1c3ebba6de819a,groupby,G1_1e8_1e1_0_0,1739212732.96168,finish,4,1,c6id.metal
ip-172-31-13-90,1739179995,dask,2025.1.0,0a75125ba89ae1ad71dff7805e1c3ebba6de819a,groupby,G1_1e8_2e0_0_0,1739212747.97697,start,,,c6id.metal
ip-172-31-13-90,1739179995,dask,2025.1.0,0a75125ba89ae1ad71dff7805e1c3ebba6de819a,groupby,G1_1e8_2e0_0_0,1739212748.12983,finish,4,1,c6id.metal
ip-172-31-13-90,1739179995,dask,2025.1.0,0a75125ba89ae1ad71dff7805e1c3ebba6de819a,groupby,G1_1e8_1e2_0_1,1739212763.14512,start,,,c6id.metal
ip-172-31-13-90,1739179995,dask,2025.1.0,0a75125ba89ae1ad71dff7805e1c3ebba6de819a,groupby,G1_1e8_1e2_0_1,1739212763.30068,finish,4,1,c6id.metal
ip-172-31-13-90,1739179995,dask,2025.1.0,0a75125ba89ae1ad71dff7805e1c3ebba6de819a,groupby,G1_1e8_1e2_5_0,1739212778.31598,start,,,c6id.metal
ip-172-31-13-90,1739179995,dask,2025.1.0,0a75125ba89ae1ad71dff7805e1c3ebba6de819a,groupby,G1_1e8_1e2_5_0,1739212778.47055,finish,4,1,c6id.metal
ip-172-31-13-90,1739179995,dask,2025.1.0,0a75125ba89ae1ad71dff7805e1c3ebba6de819a,join,J1_1e7_NA_0_0,1739212793.48585,start,,,c6id.metal
ip-172-31-13-90,1739179995,dask,2025.1.0,0a75125ba89ae1ad71dff7805e1c3ebba6de819a,join,J1_1e7_NA_0_0,1739212819.61404,finish,0,0,c6id.metal
ip-172-31-13-90,1739179995,dask,2025.1.0,0a75125ba89ae1ad71dff7805e1c3ebba6de819a,join,J1_1e7_NA_5_0,1739212834.6292,start,,,c6id.metal
ip-172-31-13-90,1739179995,dask,2025.1.0,0a75125ba89ae1ad71dff7805e1c3ebba6de819a,join,J1_1e7_NA_5_0,1739212835.33536,finish,1,0,c6id.metal
ip-172-31-13-90,1739179995,dask,2025.1.0,0a75125ba89ae1ad71dff7805e1c3ebba6de819a,join,J1_1e7_NA_0_1,1739212850.35068,start,,,c6id.metal
ip-172-31-13-90,1739179995,dask,2025.1.0,0a75125ba89ae1ad71dff7805e1c3ebba6de819a,join,J1_1e7_NA_0_1,1739212851.04072,finish,1,0,c6id.metal
ip-172-31-13-90,1739179995,dask,2025.1.0,0a75125ba89ae1ad71dff7805e1c3ebba6de819a,join,J1_1e8_NA_0_0,1739212866.05598,start,,,c6id.metal
ip-172-31-13-90,1739179995,dask,2025.1.0,0a75125ba89ae1ad71dff7805e1c3ebba6de819a,join,J1_1e8_NA_0_0,1739213173.20518,finish,0,0,c6id.metal
ip-172-31-13-90,1739179995,dask,2025.1.0,0a75125ba89ae1ad71dff7805e1c3ebba6de819a,join,J1_1e8_NA_5_0,1739213188.22028,start,,,c6id.metal
ip-172-31-13-90,1739179995,dask,2025.1.0,0a75125ba89ae1ad71dff7805e1c3ebba6de819a,join,J1_1e8_NA_5_0,1739213188.93509,finish,1,0,c6id.metal
ip-172-31-13-90,1739179995,dask,2025.1.0,0a75125ba89ae1ad71dff7805e1c3ebba6de819a,join,J1_1e8_NA_0_1,1739213203.95035,start,,,c6id.metal
ip-172-31-13-90,1739179995,dask,2025.1.0,0a75125ba89ae1ad71dff7805e1c3ebba6de819a,join,J1_1e8_NA_0_1,1739213204.65003,finish,1,0,c6id.metal
ip-172-31-13-90,1739179995,clickhouse,25.1.3.23,,groupby,G1_1e7_1e2_0_0,1739213219.66527,start,,,c6id.metal
ip-172-31-13-90,1739179995,clickhouse,25.1.3.23,,groupby,G1_1e7_1e2_0_0,1739213222.91675,finish,3,60,c6id.metal
ip-172-31-13-90,1739179995,clickhouse,25.1.3.23,,groupby,G1_1e7_1e1_0_0,1739213237.93207,start,,,c6id.metal
ip-172-31-13-90,1739179995,clickhouse,25.1.3.23,,groupby,G1_1e7_1e1_0_0,1739213385.23408,finish,0,0,c6id.metal
ip-172-31-13-90,1739179995,clickhouse,25.1.3.23,,groupby,G1_1e7_2e0_0_0,1739213400.24933,start,,,c6id.metal
ip-172-31-13-90,1739179995,clickhouse,25.1.3.23,,groupby,G1_1e7_2e0_0_0,1739213548.03208,finish,0,0,c6id.metal
ip-172-31-13-90,1739179995,clickhouse,25.1.3.23,,groupby,G1_1e7_1e2_0_1,1739213563.04734,start,,,c6id.metal
ip-172-31-13-90,1739179995,clickhouse,25.1.3.23,,groupby,G1_1e7_1e2_0_1,1739213710.82521,finish,0,0,c6id.metal
ip-172-31-13-90,1739179995,clickhouse,25.1.3.23,,groupby,G1_1e7_1e2_5_0,1739213725.84049,start,,,c6id.metal
ip-172-31-13-90,1739179995,clickhouse,25.1.3.23,,groupby,G1_1e7_1e2_5_0,1739213874.36977,finish,0,0,c6id.metal
ip-172-31-13-90,1739179995,clickhouse,25.1.3.23,,groupby,G1_1e8_1e2_0_0,1739213889.37436,start,,,c6id.metal
ip-172-31-13-90,1739179995,clickhouse,25.1.3.23,,groupby,G1_1e8_1e2_0_0,1739214055.29236,finish,0,0,c6id.metal
ip-172-31-13-90,1739179995,clickhouse,25.1.3.23,,groupby,G1_1e8_1e1_0_0,1739214070.30768,start,,,c6id.metal
ip-172-31-13-90,1739179995,clickhouse,25.1.3.23,,groupby,G1_1e8_1e1_0_0,1739214238.16127,finish,0,0,c6id.metal
ip-172-31-13-90,1739179995,clickhouse,25.1.3.23,,groupby,G1_1e8_2e0_0_0,1739214253.1765,start,,,c6id.metal
ip-172-31-13-90,1739179995,clickhouse,25.1.3.23,,groupby,G1_1e8_2e0_0_0,1739214424.07505,finish,0,0,c6id.metal
ip-172-31-13-90,1739179995,clickhouse,25.1.3.23,,groupby,G1_1e8_1e2_0_1,1739214439.09031,start,,,c6id.metal
ip-172-31-13-90,1739179995,clickhouse,25.1.3.23,,groupby,G1_1e8_1e2_0_1,1739214606.96032,finish,0,0,c6id.metal
ip-172-31-13-90,1739179995,clickhouse,25.1.3.23,,groupby,G1_1e8_1e2_5_0,1739214621.97566,start,,,c6id.metal
ip-172-31-13-90,1739179995,clickhouse,25.1.3.23,,groupby,G1_1e8_1e2_5_0,1739214793.8024,finish,0,0,c6id.metal
ip-172-31-13-90,1739179995,clickhouse,25.1.3.23,,join,J1_1e7_NA_0_0,1739214808.81751,start,,,c6id.metal
ip-172-31-13-90,1739179995,clickhouse,25.1.3.23,,join,J1_1e7_NA_0_0,1739214958.56595,finish,0,0,c6id.metal
ip-172-31-13-90,1739179995,clickhouse,25.1.3.23,,join,J1_1e7_NA_5_0,1739214973.58123,start,,,c6id.metal
ip-172-31-13-90,1739179995,clickhouse,25.1.3.23,,join,J1_1e7_NA_5_0,1739215122.1069,finish,0,0,c6id.metal
ip-172-31-13-90,1739179995,clickhouse,25.1.3.23,,join,J1_1e7_NA_0_1,1739215137.12201,start,,,c6id.metal
ip-172-31-13-90,1739179995,clickhouse,25.1.3.23,,join,J1_1e7_NA_0_1,1739215285.89526,finish,0,0,c6id.metal
ip-172-31-13-90,1739179995,clickhouse,25.1.3.23,,join,J1_1e8_NA_0_0,1739215300.91051,start,,,c6id.metal
ip-172-31-13-90,1739179995,clickhouse,25.1.3.23,,join,J1_1e8_NA_0_0,1739215498.53778,finish,0,0,c6id.metal
ip-172-31-13-90,1739179995,clickhouse,25.1.3.23,,join,J1_1e8_NA_5_0,1739215513.55308,start,,,c6id.metal
ip-172-31-13-90,1739179995,clickhouse,25.1.3.23,,join,J1_1e8_NA_5_0,1739215710.42889,finish,0,0,c6id.metal
ip-172-31-13-90,1739179995,clickhouse,25.1.3.23,,join,J1_1e8_NA_0_1,1739215725.44415,start,,,c6id.metal
ip-172-31-13-90,1739179995,clickhouse,25.1.3.23,,join,J1_1e8_NA_0_1,1739215925.11641,finish,0,0,c6id.metal
ip-172-31-13-90,1739179995,polars,1.22.0,,groupby,G1_1e7_1e2_0_0,1739215940.13149,start,,,c6id.metal
ip-172-31-13-90,1739179995,polars,1.22.0,,groupby,G1_1e7_1e2_0_0,1739215945.07873,finish,0,0,c6id.metal
ip-172-31-13-90,1739179995,polars,1.22.0,,groupby,G1_1e7_1e1_0_0,1739215960.09384,start,,,c6id.metal
ip-172-31-13-90,1739179995,polars,1.22.0,,groupby,G1_1e7_1e1_0_0,1739215968.06008,finish,0,0,c6id.metal
ip-172-31-13-90,1739179995,polars,1.22.0,,groupby,G1_1e7_2e0_0_0,1739215983.07537,start,,,c6id.metal
ip-172-31-13-90,1739179995,polars,1.22.0,,groupby,G1_1e7_2e0_0_0,1739216000.22451,finish,0,0,c6id.metal
ip-172-31-13-90,1739179995,polars,1.22.0,,groupby,G1_1e7_1e2_0_1,1739216015.23981,start,,,c6id.metal
ip-172-31-13-90,1739179995,polars,1.22.0,,groupby,G1_1e7_1e2_0_1,1739216019.91738,finish,0,0,c6id.metal
ip-172-31-13-90,1739179995,polars,1.22.0,,groupby,G1_1e7_1e2_5_0,1739216034.9327,start,,,c6id.metal
ip-172-31-13-90,1739179995,polars,1.22.0,,groupby,G1_1e7_1e2_5_0,1739216040.73641,finish,0,0,c6id.metal
ip-172-31-13-90,1739179995,polars,1.22.0,,groupby,G1_1e8_1e2_0_0,1739216055.75172,start,,,c6id.metal
ip-172-31-13-90,1739179995,polars,1.22.0,,groupby,G1_1e8_1e2_0_0,1739216118.44691,finish,0,0,c6id.metal
ip-172-31-13-90,1739179995,polars,1.22.0,,groupby,G1_1e8_1e1_0_0,1739216133.46221,start,,,c6id.metal
ip-172-31-13-90,1739179995,polars,1.22.0,,groupby,G1_1e8_1e1_0_0,1739216219.13674,finish,0,0,c6id.metal
ip-172-31-13-90,1739179995,polars,1.22.0,,groupby,G1_1e8_2e0_0_0,1739216234.15202,start,,,c6id.metal
ip-172-31-13-90,1739179995,polars,1.22.0,,groupby,G1_1e8_2e0_0_0,1739216427.90825,finish,0,0,c6id.metal
ip-172-31-13-90,1739179995,polars,1.22.0,,groupby,G1_1e8_1e2_0_1,1739216442.92335,start,,,c6id.metal
ip-172-31-13-90,1739179995,polars,1.22.0,,groupby,G1_1e8_1e2_0_1,1739216507.48342,finish,0,0,c6id.metal
ip-172-31-13-90,1739179995,polars,1.22.0,,groupby,G1_1e8_1e2_5_0,1739216522.49874,start,,,c6id.metal
ip-172-31-13-90,1739179995,polars,1.22.0,,groupby,G1_1e8_1e2_5_0,1739216586.12217,finish,0,0,c6id.metal
ip-172-31-13-90,1739179995,polars,1.22.0,,join,J1_1e7_NA_0_0,1739216601.13726,start,,,c6id.metal
ip-172-31-13-90,1739179995,polars,1.22.0,,join,J1_1e7_NA_0_0,1739216616.0188,finish,0,0,c6id.metal
ip-172-31-13-90,1739179995,polars,1.22.0,,join,J1_1e7_NA_5_0,1739216631.03405,start,,,c6id.metal
ip-172-31-13-90,1739179995,polars,1.22.0,,join,J1_1e7_NA_5_0,1739216645.57211,finish,0,0,c6id.metal
ip-172-31-13-90,1739179995,polars,1.22.0,,join,J1_1e7_NA_0_1,1739216660.58721,start,,,c6id.metal
ip-172-31-13-90,1739179995,polars,1.22.0,,join,J1_1e7_NA_0_1,1739216674.98922,finish,0,0,c6id.metal
ip-172-31-13-90,1739179995,polars,1.22.0,,join,J1_1e8_NA_0_0,1739216690.0045,start,,,c6id.metal
ip-172-31-13-90,1739179995,polars,1.22.0,,join,J1_1e8_NA_0_0,1739216881.19623,finish,0,0,c6id.metal
ip-172-31-13-90,1739179995,polars,1.22.0,,join,J1_1e8_NA_5_0,1739216896.21149,start,,,c6id.metal
ip-172-31-13-90,1739179995,polars,1.22.0,,join,J1_1e8_NA_5_0,1739217093.20155,finish,0,0,c6id.metal
ip-172-31-13-90,1739179995,polars,1.22.0,,join,J1_1e8_NA_0_1,1739217108.2168,start,,,c6id.metal
ip-172-31-13-90,1739179995,polars,1.22.0,,join,J1_1e8_NA_0_1,1739217297.20045,finish,0,0,c6id.metal
ip-172-31-13-90,1739179995,R-arrow,18.1.0.1,,groupby,G1_1e7_1e2_0_0,1739217312.21568,start,,,c6id.metal
ip-172-31-13-90,1739179995,R-arrow,18.1.0.1,,groupby,G1_1e7_1e2_0_0,1739217333.62917,finish,3,0,c6id.metal
ip-172-31-13-90,1739179995,R-arrow,18.1.0.1,,groupby,G1_1e7_1e1_0_0,1739217348.64447,start,,,c6id.metal
ip-172-31-13-90,1739179995,R-arrow,18.1.0.1,,groupby,G1_1e7_1e1_0_0,1739217358.54044,finish,3,0,c6id.metal
ip-172-31-13-90,1739179995,R-arrow,18.1.0.1,,groupby,G1_1e7_2e0_0_0,1739217373.55576,start,,,c6id.metal
ip-172-31-13-90,1739179995,R-arrow,18.1.0.1,,groupby,G1_1e7_2e0_0_0,1739217393.15318,finish,3,0,c6id.metal
ip-172-31-13-90,1739179995,R-arrow,18.1.0.1,,groupby,G1_1e7_1e2_0_1,1739217408.16844,start,,,c6id.metal
ip-172-31-13-90,1739179995,R-arrow,18.1.0.1,,groupby,G1_1e7_1e2_0_1,1739217430.67313,finish,3,0,c6id.metal
ip-172-31-13-90,1739179995,R-arrow,18.1.0.1,,groupby,G1_1e7_1e2_5_0,1739217445.68842,start,,,c6id.metal
ip-172-31-13-90,1739179995,R-arrow,18.1.0.1,,groupby,G1_1e7_1e2_5_0,1739217464.32282,finish,3,0,c6id.metal
ip-172-31-13-90,1739179995,R-arrow,18.1.0.1,,groupby,G1_1e8_1e2_0_0,1739217479.33792,start,,,c6id.metal
ip-172-31-13-90,1739179995,R-arrow,18.1.0.1,,groupby,G1_1e8_1e2_0_0,1739217551.49435,finish,3,0,c6id.metal
ip-172-31-13-90,1739179995,R-arrow,18.1.0.1,,groupby,G1_1e8_1e1_0_0,1739217566.50967,start,,,c6id.metal
ip-172-31-13-90,1739179995,R-arrow,18.1.0.1,,groupby,G1_1e8_1e1_0_0,1739217667.87192,finish,3,0,c6id.metal
ip-172-31-13-90,1739179995,R-arrow,18.1.0.1,,groupby,G1_1e8_2e0_0_0,1739217682.88703,start,,,c6id.metal
ip-172-31-13-90,1739179995,R-arrow,18.1.0.1,,groupby,G1_1e8_2e0_0_0,1739217870.81864,finish,3,0,c6id.metal
ip-172-31-13-90,1739179995,R-arrow,18.1.0.1,,groupby,G1_1e8_1e2_0_1,1739217885.83391,start,,,c6id.metal
ip-172-31-13-90,1739179995,R-arrow,18.1.0.1,,groupby,G1_1e8_1e2_0_1,1739217955.24624,finish,3,0,c6id.metal
ip-172-31-13-90,1739179995,R-arrow,18.1.0.1,,groupby,G1_1e8_1e2_5_0,1739217970.26151,start,,,c6id.metal
ip-172-31-13-90,1739179995,R-arrow,18.1.0.1,,groupby,G1_1e8_1e2_5_0,1739218036.07235,finish,3,0,c6id.metal
ip-172-31-13-90,1739179995,R-arrow,18.1.0.1,,join,J1_1e7_NA_0_0,1739218051.08746,start,,,c6id.metal
ip-172-31-13-90,1739179995,R-arrow,18.1.0.1,,join,J1_1e7_NA_0_0,1739218095.67589,finish,0,0,c6id.metal
ip-172-31-13-90,1739179995,R-arrow,18.1.0.1,,join,J1_1e7_NA_5_0,1739218110.69098,start,,,c6id.metal
ip-172-31-13-90,1739179995,R-arrow,18.1.0.1,,join,J1_1e7_NA_5_0,1739218156.24527,finish,0,0,c6id.metal
ip-172-31-13-90,1739179995,R-arrow,18.1.0.1,,join,J1_1e7_NA_0_1,1739218171.26062,start,,,c6id.metal
ip-172-31-13-90,1739179995,R-arrow,18.1.0.1,,join,J1_1e7_NA_0_1,1739218213.83758,finish,0,0,c6id.metal
ip-172-31-13-90,1739179995,R-arrow,18.1.0.1,,join,J1_1e8_NA_0_0,1739218228.85268,start,,,c6id.metal
ip-172-31-13-90,1739179995,R-arrow,18.1.0.1,,join,J1_1e8_NA_0_0,1739220048.85681,finish,41,0,c6id.metal
ip-172-31-13-90,1739179995,R-arrow,18.1.0.1,,join,J1_1e8_NA_5_0,1739220063.87192,start,,,c6id.metal
ip-172-31-13-90,1739179995,R-arrow,18.1.0.1,,join,J1_1e8_NA_5_0,1739220540.9217,finish,61,139,c6id.metal
ip-172-31-13-90,1739179995,R-arrow,18.1.0.1,,join,J1_1e8_NA_0_1,1739220555.93681,start,,,c6id.metal
ip-172-31-13-90,1739179995,R-arrow,18.1.0.1,,join,J1_1e8_NA_0_1,1739220960.15509,finish,121,139,c6id.metal
ip-172-31-13-90,1739179995,duckdb,1.1.0,fa5c2fe15f,groupby,G1_1e7_1e2_0_0,1739220975.17021,start,,,c6id.metal
ip-172-31-13-90,1739179995,duckdb,1.1.0,fa5c2fe15f,groupby,G1_1e7_1e2_0_0,1739220979.84105,finish,2,0,c6id.metal
ip-172-31-13-90,1739179995,duckdb,1.1.0,fa5c2fe15f,groupby,G1_1e7_1e1_0_0,1739220994.85621,start,,,c6id.metal
ip-172-31-13-90,1739179995,duckdb,1.1.0,fa5c2fe15f,groupby,G1_1e7_1e1_0_0,1739220999.69097,finish,2,0,c6id.metal
ip-172-31-13-90,1739179995,duckdb,1.1.0,fa5c2fe15f,groupby,G1_1e7_2e0_0_0,1739221014.70609,start,,,c6id.metal
ip-172-31-13-90,1739179995,duckdb,1.1.0,fa5c2fe15f,groupby,G1_1e7_2e0_0_0,1739221019.63554,finish,2,0,c6id.metal
ip-172-31-13-90,1739179995,duckdb,1.1.0,fa5c2fe15f,groupby,G1_1e7_1e2_0_1,1739221034.65079,start,,,c6id.metal
ip-172-31-13-90,1739179995,duckdb,1.1.0,fa5c2fe15f,groupby,G1_1e7_1e2_0_1,1739221039.0893,finish,2,0,c6id.metal
ip-172-31-13-90,1739179995,duckdb,1.1.0,fa5c2fe15f,groupby,G1_1e7_1e2_5_0,1739221054.1046,start,,,c6id.metal
ip-172-31-13-90,1739179995,duckdb,1.1.0,fa5c2fe15f,groupby,G1_1e7_1e2_5_0,1739221058.05908,finish,2,0,c6id.metal
ip-172-31-13-90,1739179995,duckdb,1.1.0,fa5c2fe15f,groupby,G1_1e8_1e2_0_0,1739221073.07415,start,,,c6id.metal
ip-172-31-13-90,1739179995,duckdb,1.1.0,fa5c2fe15f,groupby,G1_1e8_1e2_0_0,1739221096.22055,finish,2,0,c6id.metal
ip-172-31-13-90,1739179995,duckdb,1.1.0,fa5c2fe15f,groupby,G1_1e8_1e1_0_0,1739221111.23578,start,,,c6id.metal
ip-172-31-13-90,1739179995,duckdb,1.1.0,fa5c2fe15f,groupby,G1_1e8_1e1_0_0,1739221141.13877,finish,2,0,c6id.metal
ip-172-31-13-90,1739179995,duckdb,1.1.0,fa5c2fe15f,groupby,G1_1e8_2e0_0_0,1739221156.154,start,,,c6id.metal
ip-172-31-13-90,1739179995,duckdb,1.1.0,fa5c2fe15f,groupby,G1_1e8_2e0_0_0,1739221181.23453,finish,2,0,c6id.metal
ip-172-31-13-90,1739179995,duckdb,1.1.0,fa5c2fe15f,groupby,G1_1e8_1e2_0_1,1739221196.24167,start,,,c6id.metal
ip-172-31-13-90,1739179995,duckdb,1.1.0,fa5c2fe15f,groupby,G1_1e8_1e2_0_1,1739221217.5181,finish,2,0,c6id.metal
ip-172-31-13-90,1739179995,duckdb,1.1.0,fa5c2fe15f,groupby,G1_1e8_1e2_5_0,1739221232.53333,start,,,c6id.metal
ip-172-31-13-90,1739179995,duckdb,1.1.0,fa5c2fe15f,groupby,G1_1e8_1e2_5_0,1739221250.14313,finish,2,0,c6id.metal
ip-172-31-13-90,1739179995,duckdb,1.1.0,fa5c2fe15f,join,J1_1e7_NA_0_0,1739221265.1582,start,,,c6id.metal
ip-172-31-13-90,1739179995,duckdb,1.1.0,fa5c2fe15f,join,J1_1e7_NA_0_0,1739221269.84818,finish,0,0,c6id.metal
ip-172-31-13-90,1739179995,duckdb,1.1.0,fa5c2fe15f,join,J1_1e7_NA_5_0,1739221284.86343,start,,,c6id.metal
ip-172-31-13-90,1739179995,duckdb,1.1.0,fa5c2fe15f,join,J1_1e7_NA_5_0,1739221288.74544,finish,0,0,c6id.metal
ip-172-31-13-90,1739179995,duckdb,1.1.0,fa5c2fe15f,join,J1_1e7_NA_0_1,1739221303.76071,start,,,c6id.metal
ip-172-31-13-90,1739179995,duckdb,1.1.0,fa5c2fe15f,join,J1_1e7_NA_0_1,1739221308.27667,finish,0,0,c6id.metal
ip-172-31-13-90,1739179995,duckdb,1.1.0,fa5c2fe15f,join,J1_1e8_NA_0_0,1739221323.2919,start,,,c6id.metal
ip-172-31-13-90,1739179995,duckdb,1.1.0,fa5c2fe15f,join,J1_1e8_NA_0_0,1739221361.01559,finish,0,0,c6id.metal
ip-172-31-13-90,1739179995,duckdb,1.1.0,fa5c2fe15f,join,J1_1e8_NA_5_0,1739221376.03067,start,,,c6id.metal
ip-172-31-13-90,1739179995,duckdb,1.1.0,fa5c2fe15f,join,J1_1e8_NA_5_0,1739221398.26095,finish,0,0,c6id.metal
ip-172-31-13-90,1739179995,duckdb,1.1.0,fa5c2fe15f,join,J1_1e8_NA_0_1,1739221413.27617,start,,,c6id.metal
ip-172-31-13-90,1739179995,duckdb,1.1.0,fa5c2fe15f,join,J1_1e8_NA_0_1,1739221447.3344,finish,0,0,c6id.metal
ip-172-31-13-90,1739179995,datafusion,44.0.0,,groupby,G1_1e7_1e2_0_0,1739221462.34951,start,,,c6id.metal
ip-172-31-13-90,1739179995,datafusion,44.0.0,,groupby,G1_1e7_1e2_0_0,1739221465.53189,finish,0,0,c6id.metal
ip-172-31-13-90,1739179995,datafusion,44.0.0,,groupby,G1_1e7_1e1_0_0,1739221480.54713,start,,,c6id.metal
ip-172-31-13-90,1739179995,datafusion,44.0.0,,groupby,G1_1e7_1e1_0_0,1739221484.93153,finish,0,0,c6id.metal
ip-172-31-13-90,1739179995,datafusion,44.0.0,,groupby,G1_1e7_2e0_0_0,1739221499.94681,start,,,c6id.metal
ip-172-31-13-90,1739179995,datafusion,44.0.0,,groupby,G1_1e7_2e0_0_0,1739221507.41391,finish,0,0,c6id.metal
ip-172-31-13-90,1739179995,datafusion,44.0.0,,groupby,G1_1e7_1e2_0_1,1739221522.42918,start,,,c6id.metal
ip-172-31-13-90,1739179995,datafusion,44.0.0,,groupby,G1_1e7_1e2_0_1,1739221525.94963,finish,0,0,c6id.metal
ip-172-31-13-90,1739179995,datafusion,44.0.0,,groupby,G1_1e7_1e2_5_0,1739221540.96485,start,,,c6id.metal
ip-172-31-13-90,1739179995,datafusion,44.0.0,,groupby,G1_1e7_1e2_5_0,1739221544.42863,finish,0,0,c6id.metal
ip-172-31-13-90,1739179995,datafusion,44.0.0,,groupby,G1_1e8_1e2_0_0,1739221559.44386,start,,,c6id.metal
ip-172-31-13-90,1739179995,datafusion,44.0.0,,groupby,G1_1e8_1e2_0_0,1739221575.17062,finish,0,0,c6id.metal
ip-172-31-13-90,1739179995,datafusion,44.0.0,,groupby,G1_1e8_1e1_0_0,1739221590.18575,start,,,c6id.metal
ip-172-31-13-90,1739179995,datafusion,44.0.0,,groupby,G1_1e8_1e1_0_0,1739221616.29511,finish,0,0,c6id.metal
ip-172-31-13-90,1739179995,datafusion,44.0.0,,groupby,G1_1e8_2e0_0_0,1739221631.31038,start,,,c6id.metal
ip-172-31-13-90,1739179995,datafusion,44.0.0,,groupby,G1_1e8_2e0_0_0,1739221689.15172,finish,0,0,c6id.metal
ip-172-31-13-90,1739179995,datafusion,44.0.0,,groupby,G1_1e8_1e2_0_1,1739221704.16695,start,,,c6id.metal
ip-172-31-13-90,1739179995,datafusion,44.0.0,,groupby,G1_1e8_1e2_0_1,1739221722.34621,finish,0,0,c6id.metal
ip-172-31-13-90,1739179995,datafusion,44.0.0,,groupby,G1_1e8_1e2_5_0,1739221737.36161,start,,,c6id.metal
ip-172-31-13-90,1739179995,datafusion,44.0.0,,groupby,G1_1e8_1e2_5_0,1739221755.91152,finish,0,0,c6id.metal
ip-172-31-13-90,1739179995,datafusion,44.0.0,,join,J1_1e7_NA_0_0,1739221770.92668,start,,,c6id.metal
ip-172-31-13-90,1739179995,datafusion,44.0.0,,join,J1_1e7_NA_0_0,1739221774.6269,finish,0,0,c6id.metal
ip-172-31-13-90,1739179995,datafusion,44.0.0,,join,J1_1e7_NA_5_0,1739221789.64214,start,,,c6id.metal
ip-172-31-13-90,1739179995,datafusion,44.0.0,,join,J1_1e7_NA_5_0,1739221793.38711,finish,0,0,c6id.metal
ip-172-31-13-90,1739179995,datafusion,44.0.0,,join,J1_1e7_NA_0_1,1739221808.40219,start,,,c6id.metal
ip-172-31-13-90,1739179995,datafusion,44.0.0,,join,J1_1e7_NA_0_1,1739221811.85754,finish,0,0,c6id.metal
ip-172-31-13-90,1739179995,datafusion,44.0.0,,join,J1_1e8_NA_0_0,1739221826.87267,start,,,c6id.metal
ip-172-31-13-90,1739179995,datafusion,44.0.0,,join,J1_1e8_NA_0_0,1739221856.13153,finish,0,0,c6id.metal
ip-172-31-13-90,1739179995,datafusion,44.0.0,,join,J1_1e8_NA_5_0,1739221871.14683,start,,,c6id.metal
ip-172-31-13-90,1739179995,datafusion,44.0.0,,join,J1_1e8_NA_5_0,1739221901.70132,finish,0,0,c6id.metal
ip-172-31-13-90,1739179995,datafusion,44.0.0,,join,J1_1e8_NA_0_1,1739221916.7164,start,,,c6id.metal
ip-172-31-13-90,1739179995,datafusion,44.0.0,,join,J1_1e8_NA_0_1,1739221945.89439,finish,0,0,c6id.metal
ip-172-31-13-90,1739223020,collapse,2.0.19,,groupby,G1_1e9_1e2_0_0,1739223023.38169,start,,,c6id.metal
ip-172-31-13-90,1739223020,collapse,2.0.19,,groupby,G1_1e9_1e2_0_0,1739225041.58687,finish,0,0,c6id.metal
ip-172-31-13-90,1739223020,collapse,2.0.19,,groupby,G1_1e9_1e1_0_0,1739225056.60209,start,,,c6id.metal
ip-172-31-13-90,1739223020,collapse,2.0.19,,groupby,G1_1e9_1e1_0_0,1739228676.61671,finish,1,0,c6id.metal
ip-172-31-13-90,1739223020,collapse,2.0.19,,groupby,G1_1e9_2e0_0_0,1739228691.63184,start,,,c6id.metal
ip-172-31-13-90,1739223020,collapse,2.0.19,,groupby,G1_1e9_2e0_0_0,1739232311.63564,finish,1,0,c6id.metal
ip-172-31-13-90,1739223020,collapse,2.0.19,,groupby,G1_1e9_1e2_0_1,1739232326.65091,start,,,c6id.metal
ip-172-31-13-90,1739223020,collapse,2.0.19,,groupby,G1_1e9_1e2_0_1,1739233986.49349,finish,0,0,c6id.metal
ip-172-31-13-90,1739223020,collapse,2.0.19,,groupby,G1_1e9_1e2_5_0,1739234001.50889,start,,,c6id.metal
ip-172-31-13-90,1739223020,collapse,2.0.19,,groupby,G1_1e9_1e2_5_0,1739236042.43355,finish,0,0,c6id.metal
ip-172-31-13-90,1739223020,collapse,2.0.19,,join,J1_1e9_NA_0_0,1739236057.44867,start,,,c6id.metal
ip-172-31-13-90,1739223020,collapse,2.0.19,,join,J1_1e9_NA_0_0,1739239677.45304,finish,1,0,c6id.metal
ip-172-31-13-90,1739223020,data.table,1.16.99,deb31d976817d2a212c3121f74a086e35282c2c2,groupby,G1_1e9_1e2_0_0,1739239692.46832,start,,,c6id.metal
ip-172-31-13-90,1739223020,data.table,1.16.99,deb31d976817d2a212c3121f74a086e35282c2c2,groupby,G1_1e9_1e2_0_0,1739241563.29904,finish,0,0,c6id.metal
ip-172-31-13-90,1739223020,data.table,1.16.99,deb31d976817d2a212c3121f74a086e35282c2c2,groupby,G1_1e9_1e1_0_0,1739241578.31431,start,,,c6id.metal
ip-172-31-13-90,1739223020,data.table,1.16.99,deb31d976817d2a212c3121f74a086e35282c2c2,groupby,G1_1e9_1e1_0_0,1739245198.31981,finish,1,0,c6id.metal
ip-172-31-13-90,1739223020,data.table,1.16.99,deb31d976817d2a212c3121f74a086e35282c2c2,groupby,G1_1e9_2e0_0_0,1739245213.33504,start,,,c6id.metal
ip-172-31-13-90,1739223020,data.table,1.16.99,deb31d976817d2a212c3121f74a086e35282c2c2,groupby,G1_1e9_2e0_0_0,1739248833.33904,finish,1,0,c6id.metal
ip-172-31-13-90,1739223020,data.table,1.16.99,deb31d976817d2a212c3121f74a086e35282c2c2,groupby,G1_1e9_1e2_0_1,1739248848.35418,start,,,c6id.metal
ip-172-31-13-90,1739223020,data.table,1.16.99,deb31d976817d2a212c3121f74a086e35282c2c2,groupby,G1_1e9_1e2_0_1,1739250457.5022,finish,0,0,c6id.metal
ip-172-31-13-90,1739223020,data.table,1.16.99,deb31d976817d2a212c3121f74a086e35282c2c2,groupby,G1_1e9_1e2_5_0,1739250472.51729,start,,,c6id.metal
ip-172-31-13-90,1739223020,data.table,1.16.99,deb31d976817d2a212c3121f74a086e35282c2c2,groupby,G1_1e9_1e2_5_0,1739252328.84108,finish,0,0,c6id.metal
ip-172-31-13-90,1739223020,data.table,1.16.99,deb31d976817d2a212c3121f74a086e35282c2c2,join,J1_1e9_NA_0_0,1739252343.85632,start,,,c6id.metal
ip-172-31-13-90,1739223020,data.table,1.16.99,deb31d976817d2a212c3121f74a086e35282c2c2,join,J1_1e9_NA_0_0,1739255963.86075,finish,1,0,c6id.metal
ip-172-31-13-90,1739223020,clickhouse,25.1.3.23,,groupby,G1_1e9_1e2_0_0,1739255978.87592,start,,,c6id.metal
ip-172-31-13-90,1739223020,clickhouse,25.1.3.23,,groupby,G1_1e9_1e2_0_0,1739256925.03955,finish,10,0,c6id.metal
ip-172-31-13-90,1739223020,clickhouse,25.1.3.23,,groupby,G1_1e9_1e1_0_0,1739256940.0548,start,,,c6id.metal
ip-172-31-13-90,1739223020,clickhouse,25.1.3.23,,groupby,G1_1e9_1e1_0_0,1739257906.92375,finish,10,0,c6id.metal
ip-172-31-13-90,1739223020,clickhouse,25.1.3.23,,groupby,G1_1e9_2e0_0_0,1739257921.93906,start,,,c6id.metal
ip-172-31-13-90,1739223020,clickhouse,25.1.3.23,,groupby,G1_1e9_2e0_0_0,1739258906.81431,finish,10,0,c6id.metal
ip-172-31-13-90,1739223020,clickhouse,25.1.3.23,,groupby,G1_1e9_1e2_0_1,1739258921.82961,start,,,c6id.metal
ip-172-31-13-90,1739223020,clickhouse,25.1.3.23,,groupby,G1_1e9_1e2_0_1,1739259879.64264,finish,10,0,c6id.metal
ip-172-31-13-90,1739223020,clickhouse,25.1.3.23,,groupby,G1_1e9_1e2_5_0,1739259894.65792,start,,,c6id.metal
ip-172-31-13-90,1739223020,clickhouse,25.1.3.23,,groupby,G1_1e9_1e2_5_0,1739260893.53099,finish,10,0,c6id.metal
ip-172-31-13-90,1739223020,clickhouse,25.1.3.23,,join,J1_1e9_NA_0_0,1739260908.54624,start,,,c6id.metal
ip-172-31-13-90,1739223020,clickhouse,25.1.3.23,,join,J1_1e9_NA_0_0,1739262260.70374,finish,2,0,c6id.metal
ip-172-31-13-90,1739223020,polars,1.22.0,,groupby,G1_1e9_1e2_0_0,1739262275.71885,start,,,c6id.metal
ip-172-31-13-90,1739223020,polars,1.22.0,,groupby,G1_1e9_1e2_0_0,1739263298.68097,finish,0,0,c6id.metal
ip-172-31-13-90,1739223020,polars,1.22.0,,groupby,G1_1e9_1e1_0_0,1739263313.69623,start,,,c6id.metal
ip-172-31-13-90,1739223020,polars,1.22.0,,groupby,G1_1e9_1e1_0_0,1739264492.46106,finish,0,0,c6id.metal
ip-172-31-13-90,1739223020,polars,1.22.0,,groupby,G1_1e9_2e0_0_0,1739264507.47616,start,,,c6id.metal
ip-172-31-13-90,1739223020,polars,1.22.0,,groupby,G1_1e9_2e0_0_0,1739266549.74545,finish,0,0,c6id.metal
ip-172-31-13-90,1739223020,polars,1.22.0,,groupby,G1_1e9_1e2_0_1,1739266564.7607,start,,,c6id.metal
ip-172-31-13-90,1739223020,polars,1.22.0,,groupby,G1_1e9_1e2_0_1,1739267395.5965,finish,0,0,c6id.metal
ip-172-31-13-90,1739223020,polars,1.22.0,,groupby,G1_1e9_1e2_5_0,1739267410.61183,start,,,c6id.metal
ip-172-31-13-90,1739223020,polars,1.22.0,,groupby,G1_1e9_1e2_5_0,1739268480.46905,finish,0,0,c6id.metal
ip-172-31-13-90,1739223020,polars,1.22.0,,join,J1_1e9_NA_0_0,1739268495.48429,start,,,c6id.metal
ip-172-31-13-90,1739223020,polars,1.22.0,,join,J1_1e9_NA_0_0,1739271578.7774,finish,0,0,c6id.metal
ip-172-31-13-90,1739223020,duckdb,1.1.0,fa5c2fe15f,groupby,G1_1e9_1e2_0_0,1739271593.7925,start,,,c6id.metal
ip-172-31-13-90,1739223020,duckdb,1.1.0,fa5c2fe15f,groupby,G1_1e9_1e2_0_0,1739271830.51502,finish,2,0,c6id.metal
ip-172-31-13-90,1739223020,duckdb,1.1.0,fa5c2fe15f,groupby,G1_1e9_1e1_0_0,1739271845.53034,start,,,c6id.metal
ip-172-31-13-90,1739223020,duckdb,1.1.0,fa5c2fe15f,groupby,G1_1e9_1e1_0_0,1739272111.61889,finish,2,0,c6id.metal
ip-172-31-13-90,1739223020,duckdb,1.1.0,fa5c2fe15f,groupby,G1_1e9_2e0_0_0,1739272126.63417,start,,,c6id.metal
ip-172-31-13-90,1739223020,duckdb,1.1.0,fa5c2fe15f,groupby,G1_1e9_2e0_0_0,1739272387.48197,finish,2,0,c6id.metal
ip-172-31-13-90,1739223020,duckdb,1.1.0,fa5c2fe15f,groupby,G1_1e9_1e2_0_1,1739272402.49727,start,,,c6id.metal
ip-172-31-13-90,1739223020,duckdb,1.1.0,fa5c2fe15f,groupby,G1_1e9_1e2_0_1,1739272626.05535,finish,2,0,c6id.metal
ip-172-31-13-90,1739223020,duckdb,1.1.0,fa5c2fe15f,groupby,G1_1e9_1e2_5_0,1739272641.07045,start,,,c6id.metal
ip-172-31-13-90,1739223020,duckdb,1.1.0,fa5c2fe15f,groupby,G1_1e9_1e2_5_0,1739272787.38411,finish,2,0,c6id.metal
ip-172-31-13-90,1739223020,duckdb,1.1.0,fa5c2fe15f,join,J1_1e9_NA_0_0,1739272802.39929,start,,,c6id.metal
ip-172-31-13-90,1739223020,duckdb,1.1.0,fa5c2fe15f,join,J1_1e9_NA_0_0,1739274159.9535,finish,0,0,c6id.metal
ip-172-31-13-90,1739282943,duckdb,1.2.0,8b582bcabd,groupby,G1_1e7_1e2_0_0,1739282946.36319,start,,,c6id.metal
ip-172-31-13-90,1739282943,duckdb,1.2.0,8b582bcabd,groupby,G1_1e7_1e2_0_0,1739282951.11975,finish,0,0,c6id.metal
ip-172-31-13-90,1739282943,duckdb,1.2.0,8b582bcabd,groupby,G1_1e7_1e1_0_0,1739282966.13501,start,,,c6id.metal
ip-172-31-13-90,1739282943,duckdb,1.2.0,8b582bcabd,groupby,G1_1e7_1e1_0_0,1739282971.30753,finish,0,0,c6id.metal
ip-172-31-13-90,1739282943,duckdb,1.2.0,8b582bcabd,groupby,G1_1e7_2e0_0_0,1739282986.3228,start,,,c6id.metal
ip-172-31-13-90,1739282943,duckdb,1.2.0,8b582bcabd,groupby,G1_1e7_2e0_0_0,1739282991.67549,finish,0,0,c6id.metal
ip-172-31-13-90,1739282943,duckdb,1.2.0,8b582bcabd,groupby,G1_1e7_1e2_0_1,1739283006.69081,start,,,c6id.metal
ip-172-31-13-90,1739282943,duckdb,1.2.0,8b582bcabd,groupby,G1_1e7_1e2_0_1,1739283011.33321,finish,0,0,c6id.metal
ip-172-31-13-90,1739282943,duckdb,1.2.0,8b582bcabd,groupby,G1_1e7_1e2_5_0,1739283026.34847,start,,,c6id.metal
ip-172-31-13-90,1739282943,duckdb,1.2.0,8b582bcabd,groupby,G1_1e7_1e2_5_0,1739283030.58313,finish,0,0,c6id.metal
ip-172-31-13-90,1739282943,duckdb,1.2.0,8b582bcabd,groupby,G1_1e8_1e2_0_0,1739283045.59841,start,,,c6id.metal
ip-172-31-13-90,1739282943,duckdb,1.2.0,8b582bcabd,groupby,G1_1e8_1e2_0_0,1739283068.34185,finish,0,0,c6id.metal
ip-172-31-13-90,1739282943,duckdb,1.2.0,8b582bcabd,groupby,G1_1e8_1e1_0_0,1739283083.35696,start,,,c6id.metal
ip-172-31-13-90,1739282943,duckdb,1.2.0,8b582bcabd,groupby,G1_1e8_1e1_0_0,1739283110.95705,finish,0,0,c6id.metal
ip-172-31-13-90,1739282943,duckdb,1.2.0,8b582bcabd,groupby,G1_1e8_2e0_0_0,1739283125.97233,start,,,c6id.metal
ip-172-31-13-90,1739282943,duckdb,1.2.0,8b582bcabd,groupby,G1_1e8_2e0_0_0,1739283150.47248,finish,0,0,c6id.metal
ip-172-31-13-90,1739282943,duckdb,1.2.0,8b582bcabd,groupby,G1_1e8_1e2_0_1,1739283165.48778,start,,,c6id.metal
ip-172-31-13-90,1739282943,duckdb,1.2.0,8b582bcabd,groupby,G1_1e8_1e2_0_1,1739283185.96195,finish,0,0,c6id.metal
ip-172-31-13-90,1739282943,duckdb,1.2.0,8b582bcabd,groupby,G1_1e8_1e2_5_0,1739283200.9772,start,,,c6id.metal
ip-172-31-13-90,1739282943,duckdb,1.2.0,8b582bcabd,groupby,G1_1e8_1e2_5_0,1739283218.45195,finish,0,0,c6id.metal
ip-172-31-13-90,1739282943,duckdb,1.2.0,8b582bcabd,groupby,G1_1e9_1e2_0_0,1739283233.46723,start,,,c6id.metal
ip-172-31-13-90,1739282943,duckdb,1.2.0,8b582bcabd,groupby,G1_1e9_1e2_0_0,1739283479.99509,finish,0,0,c6id.metal
ip-172-31-13-90,1739282943,duckdb,1.2.0,8b582bcabd,groupby,G1_1e9_1e1_0_0,1739283495.01021,start,,,c6id.metal
ip-172-31-13-90,1739282943,duckdb,1.2.0,8b582bcabd,groupby,G1_1e9_1e1_0_0,1739283768.84137,finish,0,0,c6id.metal
ip-172-31-13-90,1739282943,duckdb,1.2.0,8b582bcabd,groupby,G1_1e9_2e0_0_0,1739283783.85666,start,,,c6id.metal
ip-172-31-13-90,1739282943,duckdb,1.2.0,8b582bcabd,groupby,G1_1e9_2e0_0_0,1739284046.56469,finish,0,0,c6id.metal
ip-172-31-13-90,1739282943,duckdb,1.2.0,8b582bcabd,groupby,G1_1e9_1e2_0_1,1739284061.57996,start,,,c6id.metal
ip-172-31-13-90,1739282943,duckdb,1.2.0,8b582bcabd,groupby,G1_1e9_1e2_0_1,1739284288.4976,finish,0,0,c6id.metal
ip-172-31-13-90,1739282943,duckdb,1.2.0,8b582bcabd,groupby,G1_1e9_1e2_5_0,1739284303.51287,start,,,c6id.metal
ip-172-31-13-90,1739282943,duckdb,1.2.0,8b582bcabd,groupby,G1_1e9_1e2_5_0,1739284455.90539,finish,0,0,c6id.metal
ip-172-31-13-90,1739282943,duckdb,1.2.0,8b582bcabd,join,J1_1e7_NA_0_0,1739284470.92048,start,,,c6id.metal
ip-172-31-13-90,1739282943,duckdb,1.2.0,8b582bcabd,join,J1_1e7_NA_0_0,1739284476.13538,finish,0,0,c6id.metal
ip-172-31-13-90,1739282943,duckdb,1.2.0,8b582bcabd,join,J1_1e7_NA_5_0,1739284491.1505,start,,,c6id.metal
ip-172-31-13-90,1739282943,duckdb,1.2.0,8b582bcabd,join,J1_1e7_NA_5_0,1739284495.2877,finish,0,0,c6id.metal
ip-172-31-13-90,1739282943,duckdb,1.2.0,8b582bcabd,join,J1_1e7_NA_0_1,1739284510.303,start,,,c6id.metal
ip-172-31-13-90,1739282943,duckdb,1.2.0,8b582bcabd,join,J1_1e7_NA_0_1,1739284515.00232,finish,0,0,c6id.metal
ip-172-31-13-90,1739282943,duckdb,1.2.0,8b582bcabd,join,J1_1e8_NA_0_0,1739284530.01764,start,,,c6id.metal
ip-172-31-13-90,1739282943,duckdb,1.2.0,8b582bcabd,join,J1_1e8_NA_0_0,1739284571.15639,finish,0,0,c6id.metal
ip-172-31-13-90,1739282943,duckdb,1.2.0,8b582bcabd,join,J1_1e8_NA_5_0,1739284586.1715,start,,,c6id.metal
ip-172-31-13-90,1739282943,duckdb,1.2.0,8b582bcabd,join,J1_1e8_NA_5_0,1739284610.86124,finish,0,0,c6id.metal
ip-172-31-13-90,1739282943,duckdb,1.2.0,8b582bcabd,join,J1_1e8_NA_0_1,1739284625.87651,start,,,c6id.metal
ip-172-31-13-90,1739282943,duckdb,1.2.0,8b582bcabd,join,J1_1e8_NA_0_1,1739284660.64622,finish,0,0,c6id.metal
ip-172-31-13-90,1739282943,duckdb,1.2.0,8b582bcabd,join,J1_1e9_NA_0_0,1739284675.66147,start,,,c6id.metal
ip-172-31-13-90,1739282943,duckdb,1.2.0,8b582bcabd,join,J1_1e9_NA_0_0,1739284827.86719,finish,28,1,c6id.metal
ip-172-31-13-90,1739285507,duckdb,1.2.0,8b582bcabd,join,J1_1e9_NA_0_0,1739285509.48481,start,,,c6id.metal
ip-172-31-13-90,1739285507,duckdb,1.2.0,8b582bcabd,join,J1_1e9_NA_0_0,1739286865.70255,finish,0,0,c6id.metal
ip-172-31-13-90,1739349805,duckdb,1.2.0,6059c92138,join,J1_1e9_NA_0_0,1739349806.27241,start,,,c6id.metal
ip-172-31-13-90,1739349805,duckdb,1.2.0,6059c92138,join,J1_1e9_NA_0_0,1739350547.56605,finish,0,0,c6id.metal
ip-172-31-18-189,1739535143,duckdb,1.2.0,d2cec3e5fb,groupby,G1_1e7_1e2_0_0,1739535143.98739,start,,,c6id.4xlarge
ip-172-31-18-189,1739535143,duckdb,1.2.0,d2cec3e5fb,groupby,G1_1e7_1e2_0_0,1739535149.61723,finish,0,0,c6id.4xlarge
ip-172-31-18-189,1739535143,duckdb,1.2.0,d2cec3e5fb,groupby,G1_1e7_1e1_0_0,1739535164.63236,start,,,c6id.4xlarge
ip-172-31-18-189,1739535143,duckdb,1.2.0,d2cec3e5fb,groupby,G1_1e7_1e1_0_0,1739535170.54885,finish,0,0,c6id.4xlarge
ip-172-31-18-189,1739535143,duckdb,1.2.0,d2cec3e5fb,groupby,G1_1e7_2e0_0_0,1739535185.56393,start,,,c6id.4xlarge
ip-172-31-18-189,1739535143,duckdb,1.2.0,d2cec3e5fb,groupby,G1_1e7_2e0_0_0,1739535191.44419,finish,0,0,c6id.4xlarge
ip-172-31-18-189,1739535143,duckdb,1.2.0,d2cec3e5fb,groupby,G1_1e7_1e2_0_1,1739535206.45826,start,,,c6id.4xlarge
ip-172-31-18-189,1739535143,duckdb,1.2.0,d2cec3e5fb,groupby,G1_1e7_1e2_0_1,1739535211.82077,finish,0,0,c6id.4xlarge
ip-172-31-18-189,1739535143,duckdb,1.2.0,d2cec3e5fb,groupby,G1_1e7_1e2_5_0,1739535226.8359,start,,,c6id.4xlarge
ip-172-31-18-189,1739535143,duckdb,1.2.0,d2cec3e5fb,groupby,G1_1e7_1e2_5_0,1739535232.2474,finish,0,0,c6id.4xlarge
ip-172-31-18-189,1739535143,duckdb,1.2.0,d2cec3e5fb,groupby,G1_1e8_1e2_0_0,1739535247.2625,start,,,c6id.4xlarge
ip-172-31-18-189,1739535143,duckdb,1.2.0,d2cec3e5fb,groupby,G1_1e8_1e2_0_0,1739535285.30991,finish,0,0,c6id.4xlarge
ip-172-31-18-189,1739535143,duckdb,1.2.0,d2cec3e5fb,groupby,G1_1e8_1e1_0_0,1739535300.32501,start,,,c6id.4xlarge
ip-172-31-18-189,1739535143,duckdb,1.2.0,d2cec3e5fb,groupby,G1_1e8_1e1_0_0,1739535344.37613,finish,0,0,c6id.4xlarge
ip-172-31-18-189,1739535383,duckdb,1.2.0,d2cec3e5fb,groupby,G1_1e7_1e2_0_0,1739535384.61219,start,,,c6id.4xlarge
ip-172-31-18-189,1739535383,duckdb,1.2.0,d2cec3e5fb,groupby,G1_1e7_1e2_0_0,1739535390.14949,finish,0,0,c6id.4xlarge
ip-172-31-18-189,1739535383,duckdb,1.2.0,d2cec3e5fb,groupby,G1_1e7_1e1_0_0,1739535405.16463,start,,,c6id.4xlarge
ip-172-31-18-189,1739535383,duckdb,1.2.0,d2cec3e5fb,groupby,G1_1e7_1e1_0_0,1739535411.07544,finish,0,0,c6id.4xlarge
ip-172-31-18-189,1739535383,duckdb,1.2.0,d2cec3e5fb,groupby,G1_1e7_2e0_0_0,1739535426.09052,start,,,c6id.4xlarge
ip-172-31-18-189,1739535383,duckdb,1.2.0,d2cec3e5fb,groupby,G1_1e7_2e0_0_0,1739535431.92161,finish,0,0,c6id.4xlarge
ip-172-31-18-189,1739535383,duckdb,1.2.0,d2cec3e5fb,groupby,G1_1e7_1e2_0_1,1739535446.93671,start,,,c6id.4xlarge
ip-172-31-18-189,1739535383,duckdb,1.2.0,d2cec3e5fb,groupby,G1_1e7_1e2_0_1,1739535452.28192,finish,0,0,c6id.4xlarge
ip-172-31-18-189,1739535383,duckdb,1.2.0,d2cec3e5fb,groupby,G1_1e7_1e2_5_0,1739535467.29706,start,,,c6id.4xlarge
ip-172-31-18-189,1739535383,duckdb,1.2.0,d2cec3e5fb,groupby,G1_1e7_1e2_5_0,1739535468.75826,finish,28,1,c6id.4xlarge
ip-172-31-18-189,1739535383,duckdb,1.2.0,d2cec3e5fb,groupby,G1_1e8_1e2_0_0,1739535483.77335,start,,,c6id.4xlarge
ip-172-31-18-189,1739535383,duckdb,1.2.0,d2cec3e5fb,groupby,G1_1e8_1e2_0_0,1739535521.70988,finish,0,0,c6id.4xlarge
ip-172-31-18-189,1739535383,duckdb,1.2.0,d2cec3e5fb,groupby,G1_1e8_1e1_0_0,1739535536.72497,start,,,c6id.4xlarge
ip-172-31-18-189,1739535383,duckdb,1.2.0,d2cec3e5fb,groupby,G1_1e8_1e1_0_0,1739535580.6813,finish,0,0,c6id.4xlarge
ip-172-31-18-189,1739535383,duckdb,1.2.0,d2cec3e5fb,groupby,G1_1e8_2e0_0_0,1739535595.69643,start,,,c6id.4xlarge
ip-172-31-18-189,1739535383,duckdb,1.2.0,d2cec3e5fb,groupby,G1_1e8_2e0_0_0,1739535639.95154,finish,0,0,c6id.4xlarge
ip-172-31-18-189,1739535383,duckdb,1.2.0,d2cec3e5fb,groupby,G1_1e8_1e2_0_1,1739535654.96668,start,,,c6id.4xlarge
ip-172-31-18-189,1739535383,duckdb,1.2.0,d2cec3e5fb,groupby,G1_1e8_1e2_0_1,1739535691.02996,finish,0,0,c6id.4xlarge
ip-172-31-18-189,1739535383,duckdb,1.2.0,d2cec3e5fb,groupby,G1_1e8_1e2_5_0,1739535706.0451,start,,,c6id.4xlarge
ip-172-31-18-189,1739535383,duckdb,1.2.0,d2cec3e5fb,groupby,G1_1e8_1e2_5_0,1739535713.06271,finish,28,1,c6id.4xlarge
ip-172-31-18-189,1739535788,duckdb,1.2.0,d2cec3e5fb,groupby,G1_1e7_1e2_5_0,1739535789.69923,start,,,c6id.4xlarge
ip-172-31-18-189,1739535788,duckdb,1.2.0,d2cec3e5fb,groupby,G1_1e7_1e2_5_0,1739535791.16995,finish,28,1,c6id.4xlarge
ip-172-31-18-189,1739535788,duckdb,1.2.0,d2cec3e5fb,groupby,G1_1e8_1e2_5_0,1739535806.18508,start,,,c6id.4xlarge
ip-172-31-18-189,1739535788,duckdb,1.2.0,d2cec3e5fb,groupby,G1_1e8_1e2_5_0,1739535813.15868,finish,28,1,c6id.4xlarge
ip-172-31-18-189,1739535942,duckdb,1.2.0,d2cec3e5fb,groupby,G1_1e7_1e2_5_0,1739535943.21861,start,,,c6id.4xlarge
ip-172-31-18-189,1739535942,duckdb,1.2.0,d2cec3e5fb,groupby,G1_1e7_1e2_5_0,1739535948.97277,finish,0,0,c6id.4xlarge
ip-172-31-18-189,1739535942,duckdb,1.2.0,d2cec3e5fb,groupby,G1_1e8_1e2_5_0,1739535963.98787,start,,,c6id.4xlarge
ip-172-31-18-189,1739535942,duckdb,1.2.0,d2cec3e5fb,groupby,G1_1e8_1e2_5_0,1739536003.8351,finish,0,0,c6id.4xlarge
ip-172-31-18-189,1739536994,duckdb,1.2.0,d2cec3e5fb,groupby,G1_1e9_1e2_0_0,1739536995.21507,start,,,c6id.4xlarge
ip-172-31-18-189,1739536994,duckdb,1.2.0,d2cec3e5fb,groupby,G1_1e9_1e2_0_0,1739538030.53929,finish,0,0,c6id.4xlarge
ip-172-31-18-189,1739536994,duckdb,1.2.0,d2cec3e5fb,groupby,G1_1e9_1e1_0_0,1739538045.5544,start,,,c6id.4xlarge
ip-172-31-18-189,1739536994,duckdb,1.2.0,d2cec3e5fb,groupby,G1_1e9_1e1_0_0,1739539104.94483,finish,0,0,c6id.4xlarge
ip-172-31-18-189,1739536994,duckdb,1.2.0,d2cec3e5fb,groupby,G1_1e9_2e0_0_0,1739539119.95993,start,,,c6id.4xlarge
ip-172-31-18-189,1739536994,duckdb,1.2.0,d2cec3e5fb,groupby,G1_1e9_2e0_0_0,1739540167.9969,finish,0,0,c6id.4xlarge
ip-172-31-18-189,1739536994,duckdb,1.2.0,d2cec3e5fb,groupby,G1_1e9_1e2_0_1,1739540183.01201,start,,,c6id.4xlarge
ip-172-31-18-189,1739536994,duckdb,1.2.0,d2cec3e5fb,groupby,G1_1e9_1e2_0_1,1739541168.19591,finish,0,0,c6id.4xlarge
ip-172-31-18-189,1739536994,duckdb,1.2.0,d2cec3e5fb,groupby,G1_1e9_1e2_5_0,1739541183.21103,start,,,c6id.4xlarge
ip-172-31-18-189,1739536994,duckdb,1.2.0,d2cec3e5fb,groupby,G1_1e9_1e2_5_0,1739542214.66956,finish,0,0,c6id.4xlarge
ip-172-31-18-189,1739783282,duckdb,1.2.0,5f5512b827,groupby,G1_1e9_1e2_0_0,1739783283.66058,start,,,c6id.4xlarge
ip-172-31-18-189,1739783282,duckdb,1.2.0,5f5512b827,groupby,G1_1e9_1e2_0_0,1739784310.20448,finish,0,0,c6id.4xlarge
ip-172-31-18-189,1739783282,duckdb,1.2.0,5f5512b827,groupby,G1_1e9_1e1_0_0,1739784325.21954,start,,,c6id.4xlarge
ip-172-31-18-189,1739783282,duckdb,1.2.0,5f5512b827,groupby,G1_1e9_1e1_0_0,1739785382.94371,finish,0,0,c6id.4xlarge
ip-172-31-18-189,1739783282,duckdb,1.2.0,5f5512b827,groupby,G1_1e9_2e0_0_0,1739785397.95882,start,,,c6id.4xlarge
ip-172-31-18-189,1739783282,duckdb,1.2.0,5f5512b827,groupby,G1_1e9_2e0_0_0,1739786441.31347,finish,0,0,c6id.4xlarge
ip-172-31-18-189,1739783282,duckdb,1.2.0,5f5512b827,groupby,G1_1e9_1e2_0_1,1739786456.32854,start,,,c6id.4xlarge
ip-172-31-18-189,1739783282,duckdb,1.2.0,5f5512b827,groupby,G1_1e9_1e2_0_1,1739787432.34681,finish,0,0,c6id.4xlarge
ip-172-31-18-189,1739783282,duckdb,1.2.0,5f5512b827,groupby,G1_1e9_1e2_5_0,1739787447.36193,start,,,c6id.4xlarge
ip-172-31-18-189,1739783282,duckdb,1.2.0,5f5512b827,groupby,G1_1e9_1e2_5_0,1739788472.71335,finish,0,0,c6id.4xlarge
ip-172-31-38-74,1748538407,R-arrow,20.0.0.2,,groupby,G1_1e7_1e2_0_0,1748538407.93051,start,,,c6id.metal
ip-172-31-38-74,1748538407,R-arrow,20.0.0.2,,groupby,G1_1e7_1e2_0_0,1748538429.87115,finish,3,0,c6id.metal
ip-172-31-38-74,1748538407,R-arrow,20.0.0.2,,groupby,G1_1e7_1e1_0_0,1748538444.88645,start,,,c6id.metal
ip-172-31-38-74,1748538407,R-arrow,20.0.0.2,,groupby,G1_1e7_1e1_0_0,1748538454.78161,finish,3,0,c6id.metal
ip-172-31-38-74,1748538407,R-arrow,20.0.0.2,,groupby,G1_1e7_2e0_0_0,1748538469.79691,start,,,c6id.metal
ip-172-31-38-74,1748538407,R-arrow,20.0.0.2,,groupby,G1_1e7_2e0_0_0,1748538489.24866,finish,3,0,c6id.metal
ip-172-31-38-74,1748538407,R-arrow,20.0.0.2,,groupby,G1_1e7_1e2_0_1,1748538504.26395,start,,,c6id.metal
ip-172-31-38-74,1748538407,R-arrow,20.0.0.2,,groupby,G1_1e7_1e2_0_1,1748538524.63071,finish,3,0,c6id.metal
ip-172-31-38-74,1748538407,R-arrow,20.0.0.2,,groupby,G1_1e7_1e2_5_0,1748538539.64584,start,,,c6id.metal
ip-172-31-38-74,1748538407,R-arrow,20.0.0.2,,groupby,G1_1e7_1e2_5_0,1748538559.18773,finish,3,0,c6id.metal
ip-172-31-38-74,1748538407,R-arrow,20.0.0.2,,groupby,G1_1e8_1e2_0_0,1748538574.20313,start,,,c6id.metal
ip-172-31-38-74,1748538407,R-arrow,20.0.0.2,,groupby,G1_1e8_1e2_0_0,1748538644.24611,finish,3,0,c6id.metal
ip-172-31-38-74,1748538407,R-arrow,20.0.0.2,,groupby,G1_1e8_1e1_0_0,1748538659.26136,start,,,c6id.metal
ip-172-31-38-74,1748538407,R-arrow,20.0.0.2,,groupby,G1_1e8_1e1_0_0,1748538761.42183,finish,3,0,c6id.metal
ip-172-31-38-74,1748538407,R-arrow,20.0.0.2,,groupby,G1_1e8_2e0_0_0,1748538776.4371,start,,,c6id.metal
ip-172-31-38-74,1748538407,R-arrow,20.0.0.2,,groupby,G1_1e8_2e0_0_0,1748538965.24544,finish,3,0,c6id.metal
ip-172-31-38-74,1748538407,R-arrow,20.0.0.2,,groupby,G1_1e8_1e2_0_1,1748538980.26068,start,,,c6id.metal
ip-172-31-38-74,1748538407,R-arrow,20.0.0.2,,groupby,G1_1e8_1e2_0_1,1748539050.31646,finish,3,0,c6id.metal
ip-172-31-38-74,1748538407,R-arrow,20.0.0.2,,groupby,G1_1e8_1e2_5_0,1748539065.33175,start,,,c6id.metal
ip-172-31-38-74,1748538407,R-arrow,20.0.0.2,,groupby,G1_1e8_1e2_5_0,1748539130.72538,finish,3,0,c6id.metal
ip-172-31-38-74,1748538407,R-arrow,20.0.0.2,,join,J1_1e7_NA_0_0,1748539145.74065,start,,,c6id.metal
ip-172-31-38-74,1748538407,R-arrow,20.0.0.2,,join,J1_1e7_NA_0_0,1748539190.11678,finish,0,0,c6id.metal
ip-172-31-38-74,1748538407,R-arrow,20.0.0.2,,join,J1_1e7_NA_5_0,1748539205.13208,start,,,c6id.metal
ip-172-31-38-74,1748538407,R-arrow,20.0.0.2,,join,J1_1e7_NA_5_0,1748539248.05666,finish,0,0,c6id.metal
ip-172-31-38-74,1748538407,R-arrow,20.0.0.2,,join,J1_1e7_NA_0_1,1748539263.07176,start,,,c6id.metal
ip-172-31-38-74,1748538407,R-arrow,20.0.0.2,,join,J1_1e7_NA_0_1,1748539306.37103,finish,0,0,c6id.metal
ip-172-31-38-74,1748538407,R-arrow,20.0.0.2,,join,J1_1e8_NA_0_0,1748539321.3863,start,,,c6id.metal
ip-172-31-38-74,1748538407,R-arrow,20.0.0.2,,join,J1_1e8_NA_0_0,1748539877.69115,finish,0,0,c6id.metal
ip-172-31-38-74,1748538407,R-arrow,20.0.0.2,,join,J1_1e8_NA_5_0,1748539892.70645,start,,,c6id.metal
ip-172-31-38-74,1748538407,R-arrow,20.0.0.2,,join,J1_1e8_NA_5_0,1748540464.95962,finish,0,0,c6id.metal
ip-172-31-38-74,1748538407,R-arrow,20.0.0.2,,join,J1_1e8_NA_0_1,1748540479.97485,start,,,c6id.metal
ip-172-31-38-74,1748538407,R-arrow,20.0.0.2,,join,J1_1e8_NA_0_1,1748540991.99131,finish,0,0,c6id.metal
ip-172-31-38-74,1748550240,R-arrow,20.0.0.2,,groupby,G1_1e9_1e2_0_0,1748550241.24706,start,,,c6id.metal
ip-172-31-38-74,1748550240,R-arrow,20.0.0.2,,groupby,G1_1e9_1e2_0_0,1748550910.46659,finish,3,0,c6id.metal
ip-172-31-38-74,1748550240,R-arrow,20.0.0.2,,groupby,G1_1e9_1e1_0_0,1748550925.48174,start,,,c6id.metal
ip-172-31-38-74,1748550240,R-arrow,20.0.0.2,,groupby,G1_1e9_1e1_0_0,1748552318.69806,finish,3,0,c6id.metal
ip-172-31-38-74,1748550240,R-arrow,20.0.0.2,,groupby,G1_1e9_2e0_0_0,1748552333.7133,start,,,c6id.metal
ip-172-31-38-74,1748550240,R-arrow,20.0.0.2,,groupby,G1_1e9_2e0_0_0,1748555953.71756,finish,1,0,c6id.metal
ip-172-31-38-74,1748550240,R-arrow,20.0.0.2,,groupby,G1_1e9_1e2_0_1,1748555968.73267,start,,,c6id.metal
ip-172-31-38-74,1748550240,R-arrow,20.0.0.2,,groupby,G1_1e9_1e2_0_1,1748556619.4498,finish,3,0,c6id.metal
ip-172-31-38-74,1748550240,R-arrow,20.0.0.2,,groupby,G1_1e9_1e2_5_0,1748556634.46492,start,,,c6id.metal
ip-172-31-38-74,1748550240,R-arrow,20.0.0.2,,groupby,G1_1e9_1e2_5_0,1748557280.76005,finish,3,0,c6id.metal
ip-172-31-38-74,1748550240,R-arrow,20.0.0.2,,join,J1_1e9_NA_0_0,1748557295.77532,start,,,c6id.metal
ip-172-31-38-74,1748550240,R-arrow,20.0.0.2,,join,J1_1e9_NA_0_0,1748557794.57463,finish,1,137,c6id.metal
ip-172-31-18-189,1748883136,R-arrow,20.0.0.2,,groupby,G1_1e7_1e2_0_0,1748883138.33255,start,,,c6id.4xlarge
ip-172-31-18-189,1748883136,R-arrow,20.0.0.2,,groupby,G1_1e7_1e2_0_0,1748883145.36737,finish,3,0,c6id.4xlarge
ip-172-31-18-189,1748883136,R-arrow,20.0.0.2,,groupby,G1_1e7_1e1_0_0,1748883160.38251,start,,,c6id.4xlarge
ip-172-31-18-189,1748883136,R-arrow,20.0.0.2,,groupby,G1_1e7_1e1_0_0,1748883169.34561,finish,3,0,c6id.4xlarge
ip-172-31-18-189,1748883136,R-arrow,20.0.0.2,,groupby,G1_1e7_2e0_0_0,1748883184.35961,start,,,c6id.4xlarge
ip-172-31-18-189,1748883136,R-arrow,20.0.0.2,,groupby,G1_1e7_2e0_0_0,1748883204.60576,finish,3,0,c6id.4xlarge
ip-172-31-18-189,1748883136,R-arrow,20.0.0.2,,groupby,G1_1e7_1e2_0_1,1748883219.62089,start,,,c6id.4xlarge
ip-172-31-18-189,1748883136,R-arrow,20.0.0.2,,groupby,G1_1e7_1e2_0_1,1748883226.45361,finish,3,0,c6id.4xlarge
ip-172-31-18-189,1748883136,R-arrow,20.0.0.2,,groupby,G1_1e7_1e2_5_0,1748883241.4675,start,,,c6id.4xlarge
ip-172-31-18-189,1748883136,R-arrow,20.0.0.2,,groupby,G1_1e7_1e2_5_0,1748883248.1983,finish,3,0,c6id.4xlarge
ip-172-31-18-189,1748883136,R-arrow,20.0.0.2,,groupby,G1_1e8_1e2_0_0,1748883263.21339,start,,,c6id.4xlarge
ip-172-31-18-189,1748883136,R-arrow,20.0.0.2,,groupby,G1_1e8_1e2_0_0,1748883291.11483,finish,3,0,c6id.4xlarge
ip-172-31-18-189,1748883136,R-arrow,20.0.0.2,,groupby,G1_1e8_1e1_0_0,1748883306.12996,start,,,c6id.4xlarge
ip-172-31-18-189,1748883136,R-arrow,20.0.0.2,,groupby,G1_1e8_1e1_0_0,1748883402.14328,finish,3,0,c6id.4xlarge
ip-172-31-18-189,1748883136,R-arrow,20.0.0.2,,groupby,G1_1e8_2e0_0_0,1748883417.15943,start,,,c6id.4xlarge
ip-172-31-18-189,1748883136,R-arrow,20.0.0.2,,groupby,G1_1e8_2e0_0_0,1748883613.8344,finish,3,0,c6id.4xlarge
ip-172-31-18-189,1748883136,R-arrow,20.0.0.2,,groupby,G1_1e8_1e2_0_1,1748883628.84949,start,,,c6id.4xlarge
ip-172-31-18-189,1748883136,R-arrow,20.0.0.2,,groupby,G1_1e8_1e2_0_1,1748883656.35248,finish,3,0,c6id.4xlarge
ip-172-31-18-189,1748883136,R-arrow,20.0.0.2,,groupby,G1_1e8_1e2_5_0,1748883671.36761,start,,,c6id.4xlarge
ip-172-31-18-189,1748883136,R-arrow,20.0.0.2,,groupby,G1_1e8_1e2_5_0,1748883699.13648,finish,3,0,c6id.4xlarge
ip-172-31-18-189,1748883136,R-arrow,20.0.0.2,,join,J1_1e7_NA_0_0,1748883714.15161,start,,,c6id.4xlarge
ip-172-31-18-189,1748883136,R-arrow,20.0.0.2,,join,J1_1e7_NA_0_0,1748883760.48491,finish,0,0,c6id.4xlarge
ip-172-31-18-189,1748883136,R-arrow,20.0.0.2,,join,J1_1e7_NA_5_0,1748883775.50001,start,,,c6id.4xlarge
ip-172-31-18-189,1748883136,R-arrow,20.0.0.2,,join,J1_1e7_NA_5_0,1748883823.15246,finish,0,0,c6id.4xlarge
ip-172-31-18-189,1748883136,R-arrow,20.0.0.2,,join,J1_1e7_NA_0_1,1748883838.16756,start,,,c6id.4xlarge
ip-172-31-18-189,1748883136,R-arrow,20.0.0.2,,join,J1_1e7_NA_0_1,1748883882.34018,finish,0,0,c6id.4xlarge
ip-172-31-18-189,1748883136,R-arrow,20.0.0.2,,join,J1_1e8_NA_0_0,1748883897.35528,start,,,c6id.4xlarge
ip-172-31-18-189,1748883136,R-arrow,20.0.0.2,,join,J1_1e8_NA_0_0,1748883974.46204,finish,1,137,c6id.4xlarge
ip-172-31-18-189,1748883136,R-arrow,20.0.0.2,,join,J1_1e8_NA_5_0,1748883989.47714,start,,,c6id.4xlarge
ip-172-31-18-189,1748883136,R-arrow,20.0.0.2,,join,J1_1e8_NA_5_0,1748884074.89175,finish,1,137,c6id.4xlarge
ip-172-31-18-189,1748883136,R-arrow,20.0.0.2,,join,J1_1e8_NA_0_1,1748884089.90681,start,,,c6id.4xlarge
ip-172-31-18-189,1748883136,R-arrow,20.0.0.2,,join,J1_1e8_NA_0_1,1748884167.53979,finish,1,137,c6id.4xlarge
ip-172-31-18-189,1748883136,collapse,2.1.2,,groupby,G1_1e7_1e2_0_0,1748884182.55484,start,,,c6id.4xlarge
ip-172-31-18-189,1748883136,collapse,2.1.2,,groupby,G1_1e7_1e2_0_0,1748884193.22071,finish,0,0,c6id.4xlarge
ip-172-31-18-189,1748883136,collapse,2.1.2,,groupby,G1_1e7_1e1_0_0,1748884208.23586,start,,,c6id.4xlarge
ip-172-31-18-189,1748883136,collapse,2.1.2,,groupby,G1_1e7_1e1_0_0,1748884227.37399,finish,0,0,c6id.4xlarge
ip-172-31-18-189,1748883136,collapse,2.1.2,,groupby,G1_1e7_2e0_0_0,1748884242.38912,start,,,c6id.4xlarge
ip-172-31-18-189,1748883136,collapse,2.1.2,,groupby,G1_1e7_2e0_0_0,1748884299.46566,finish,0,0,c6id.4xlarge
ip-172-31-18-189,1748883136,collapse,2.1.2,,groupby,G1_1e7_1e2_0_1,1748884314.48074,start,,,c6id.4xlarge
ip-172-31-18-189,1748883136,collapse,2.1.2,,groupby,G1_1e7_1e2_0_1,1748884323.50314,finish,0,0,c6id.4xlarge
ip-172-31-18-189,1748883136,collapse,2.1.2,,groupby,G1_1e7_1e2_5_0,1748884338.51824,start,,,c6id.4xlarge
ip-172-31-18-189,1748883136,collapse,2.1.2,,groupby,G1_1e7_1e2_5_0,1748884349.7635,finish,0,0,c6id.4xlarge
ip-172-31-18-189,1748883136,collapse,2.1.2,,groupby,G1_1e8_1e2_0_0,1748884364.77858,start,,,c6id.4xlarge
ip-172-31-18-189,1748883136,collapse,2.1.2,,groupby,G1_1e8_1e2_0_0,1748884496.66674,finish,0,0,c6id.4xlarge
ip-172-31-18-189,1748883136,collapse,2.1.2,,groupby,G1_1e8_1e1_0_0,1748884511.68187,start,,,c6id.4xlarge
ip-172-31-18-189,1748883136,collapse,2.1.2,,groupby,G1_1e8_1e1_0_0,1748884775.64058,finish,0,0,c6id.4xlarge
ip-172-31-18-189,1748883136,collapse,2.1.2,,groupby,G1_1e8_2e0_0_0,1748884790.65568,start,,,c6id.4xlarge
ip-172-31-18-189,1748883136,collapse,2.1.2,,groupby,G1_1e8_2e0_0_0,1748885443.43618,finish,0,0,c6id.4xlarge
ip-172-31-18-189,1748883136,collapse,2.1.2,,groupby,G1_1e8_1e2_0_1,1748885458.45127,start,,,c6id.4xlarge
ip-172-31-18-189,1748883136,collapse,2.1.2,,groupby,G1_1e8_1e2_0_1,1748885573.40368,finish,0,0,c6id.4xlarge
ip-172-31-18-189,1748883136,collapse,2.1.2,,groupby,G1_1e8_1e2_5_0,1748885588.4188,start,,,c6id.4xlarge
ip-172-31-18-189,1748883136,collapse,2.1.2,,groupby,G1_1e8_1e2_5_0,1748885722.88975,finish,0,0,c6id.4xlarge
ip-172-31-18-189,1748883136,collapse,2.1.2,,join,J1_1e7_NA_0_0,1748885737.90486,start,,,c6id.4xlarge
ip-172-31-18-189,1748883136,collapse,2.1.2,,join,J1_1e7_NA_0_0,1748885841.29972,finish,0,0,c6id.4xlarge
ip-172-31-18-189,1748883136,collapse,2.1.2,,join,J1_1e7_NA_5_0,1748885856.31485,start,,,c6id.4xlarge
ip-172-31-18-189,1748883136,collapse,2.1.2,,join,J1_1e7_NA_5_0,1748885951.42678,finish,0,0,c6id.4xlarge
ip-172-31-18-189,1748883136,collapse,2.1.2,,join,J1_1e7_NA_0_1,1748885966.44191,start,,,c6id.4xlarge
ip-172-31-18-189,1748883136,collapse,2.1.2,,join,J1_1e7_NA_0_1,1748886061.32431,finish,0,0,c6id.4xlarge
ip-172-31-18-189,1748883136,collapse,2.1.2,,join,J1_1e8_NA_0_0,1748886076.33945,start,,,c6id.4xlarge
ip-172-31-18-189,1748883136,collapse,2.1.2,,join,J1_1e8_NA_0_0,1748887264.00877,finish,0,0,c6id.4xlarge
ip-172-31-18-189,1748883136,collapse,2.1.2,,join,J1_1e8_NA_5_0,1748887279.02385,start,,,c6id.4xlarge
ip-172-31-18-189,1748883136,collapse,2.1.2,,join,J1_1e8_NA_5_0,1748888383.15323,finish,0,0,c6id.4xlarge
ip-172-31-18-189,1748883136,collapse,2.1.2,,join,J1_1e8_NA_0_1,1748888398.1683,start,,,c6id.4xlarge
ip-172-31-18-189,1748883136,collapse,2.1.2,,join,J1_1e8_NA_0_1,1748889499.55135,finish,0,0,c6id.4xlarge
ip-172-31-18-189,1748883136,datafusion,47.0.0,,groupby,G1_1e7_1e2_0_0,1748889514.56647,start,,,c6id.4xlarge
ip-172-31-18-189,1748883136,datafusion,47.0.0,,groupby,G1_1e7_1e2_0_0,1748889519.33958,finish,0,0,c6id.4xlarge
ip-172-31-18-189,1748883136,datafusion,47.0.0,,groupby,G1_1e7_1e1_0_0,1748889534.35471,start,,,c6id.4xlarge
ip-172-31-18-189,1748883136,datafusion,47.0.0,,groupby,G1_1e7_1e1_0_0,1748889540.03917,finish,0,0,c6id.4xlarge
ip-172-31-18-189,1748883136,datafusion,47.0.0,,groupby,G1_1e7_2e0_0_0,1748889555.0475,start,,,c6id.4xlarge
ip-172-31-18-189,1748883136,datafusion,47.0.0,,groupby,G1_1e7_2e0_0_0,1748889564.12118,finish,0,0,c6id.4xlarge
ip-172-31-18-189,1748883136,datafusion,47.0.0,,groupby,G1_1e7_1e2_0_1,1748889579.13627,start,,,c6id.4xlarge
ip-172-31-18-189,1748883136,datafusion,47.0.0,,groupby,G1_1e7_1e2_0_1,1748889583.25371,finish,0,0,c6id.4xlarge
ip-172-31-18-189,1748883136,datafusion,47.0.0,,groupby,G1_1e7_1e2_5_0,1748889598.26884,start,,,c6id.4xlarge
ip-172-31-18-189,1748883136,datafusion,47.0.0,,groupby,G1_1e7_1e2_5_0,1748889601.89357,finish,0,0,c6id.4xlarge
ip-172-31-18-189,1748883136,datafusion,47.0.0,,groupby,G1_1e8_1e2_0_0,1748889616.90867,start,,,c6id.4xlarge
ip-172-31-18-189,1748883136,datafusion,47.0.0,,groupby,G1_1e8_1e2_0_0,1748889652.50946,finish,1,137,c6id.4xlarge
ip-172-31-18-189,1748883136,datafusion,47.0.0,,groupby,G1_1e8_1e1_0_0,1748889667.52456,start,,,c6id.4xlarge
ip-172-31-18-189,1748883136,datafusion,47.0.0,,groupby,G1_1e8_1e1_0_0,1748889707.5751,finish,1,137,c6id.4xlarge
ip-172-31-18-189,1748883136,datafusion,47.0.0,,groupby,G1_1e8_2e0_0_0,1748889722.59039,start,,,c6id.4xlarge
ip-172-31-18-189,1748883136,datafusion,47.0.0,,groupby,G1_1e8_2e0_0_0,1748889786.47982,finish,1,139,c6id.4xlarge
ip-172-31-18-189,1748883136,datafusion,47.0.0,,groupby,G1_1e8_1e2_0_1,1748889801.49491,start,,,c6id.4xlarge
ip-172-31-18-189,1748883136,datafusion,47.0.0,,groupby,G1_1e8_1e2_0_1,1748889831.91691,finish,1,137,c6id.4xlarge
ip-172-31-18-189,1748883136,datafusion,47.0.0,,groupby,G1_1e8_1e2_5_0,1748889846.93197,start,,,c6id.4xlarge
ip-172-31-18-189,1748883136,datafusion,47.0.0,,groupby,G1_1e8_1e2_5_0,1748889883.23014,finish,1,137,c6id.4xlarge
ip-172-31-18-189,1748883136,datafusion,47.0.0,,join,J1_1e7_NA_0_0,1748889898.24525,start,,,c6id.4xlarge
ip-172-31-18-189,1748883136,datafusion,47.0.0,,join,J1_1e7_NA_0_0,1748889902.19862,finish,0,0,c6id.4xlarge
ip-172-31-18-189,1748883136,datafusion,47.0.0,,join,J1_1e7_NA_5_0,1748889917.21375,start,,,c6id.4xlarge
ip-172-31-18-189,1748883136,datafusion,47.0.0,,join,J1_1e7_NA_5_0,1748889920.67182,finish,0,0,c6id.4xlarge
ip-172-31-18-189,1748883136,datafusion,47.0.0,,join,J1_1e7_NA_0_1,1748889935.6869,start,,,c6id.4xlarge
ip-172-31-18-189,1748883136,datafusion,47.0.0,,join,J1_1e7_NA_0_1,1748889939.10528,finish,0,0,c6id.4xlarge
ip-172-31-18-189,1748883136,duckdb,1.3.0,71c5c07cdd,groupby,G1_1e7_1e2_0_0,1748889954.12044,start,,,c6id.4xlarge
ip-172-31-18-189,1748883136,duckdb,1.3.0,71c5c07cdd,groupby,G1_1e7_1e2_0_0,1748889960.16883,finish,0,0,c6id.4xlarge
ip-172-31-18-189,1748883136,duckdb,1.3.0,71c5c07cdd,groupby,G1_1e7_1e1_0_0,1748889975.18396,start,,,c6id.4xlarge
ip-172-31-18-189,1748883136,duckdb,1.3.0,71c5c07cdd,groupby,G1_1e7_1e1_0_0,1748889981.37389,finish,0,0,c6id.4xlarge
ip-172-31-18-189,1748883136,duckdb,1.3.0,71c5c07cdd,groupby,G1_1e7_2e0_0_0,1748889996.38897,start,,,c6id.4xlarge
ip-172-31-18-189,1748883136,duckdb,1.3.0,71c5c07cdd,groupby,G1_1e7_2e0_0_0,1748890002.52957,finish,0,0,c6id.4xlarge
ip-172-31-18-189,1748883136,duckdb,1.3.0,71c5c07cdd,groupby,G1_1e7_1e2_0_1,1748890017.5447,start,,,c6id.4xlarge
ip-172-31-18-189,1748883136,duckdb,1.3.0,71c5c07cdd,groupby,G1_1e7_1e2_0_1,1748890023.33029,finish,0,0,c6id.4xlarge
ip-172-31-18-189,1748883136,duckdb,1.3.0,71c5c07cdd,groupby,G1_1e7_1e2_5_0,1748890038.34545,start,,,c6id.4xlarge
ip-172-31-18-189,1748883136,duckdb,1.3.0,71c5c07cdd,groupby,G1_1e7_1e2_5_0,1748890044.35209,finish,0,0,c6id.4xlarge
ip-172-31-18-189,1748883136,duckdb,1.3.0,71c5c07cdd,groupby,G1_1e8_1e2_0_0,1748890059.36718,start,,,c6id.4xlarge
ip-172-31-18-189,1748883136,duckdb,1.3.0,71c5c07cdd,groupby,G1_1e8_1e2_0_0,1748890098.79595,finish,0,0,c6id.4xlarge
ip-172-31-18-189,1748883136,duckdb,1.3.0,71c5c07cdd,groupby,G1_1e8_1e1_0_0,1748890113.81104,start,,,c6id.4xlarge
ip-172-31-18-189,1748883136,duckdb,1.3.0,71c5c07cdd,groupby,G1_1e8_1e1_0_0,1748890155.6924,finish,0,0,c6id.4xlarge
ip-172-31-18-189,1748883136,duckdb,1.3.0,71c5c07cdd,groupby,G1_1e8_2e0_0_0,1748890170.70749,start,,,c6id.4xlarge
ip-172-31-18-189,1748883136,duckdb,1.3.0,71c5c07cdd,groupby,G1_1e8_2e0_0_0,1748890214.17329,finish,0,0,c6id.4xlarge
ip-172-31-18-189,1748883136,duckdb,1.3.0,71c5c07cdd,groupby,G1_1e8_1e2_0_1,1748890229.18843,start,,,c6id.4xlarge
ip-172-31-18-189,1748883136,duckdb,1.3.0,71c5c07cdd,groupby,G1_1e8_1e2_0_1,1748890267.22626,finish,0,0,c6id.4xlarge
ip-172-31-18-189,1748883136,duckdb,1.3.0,71c5c07cdd,groupby,G1_1e8_1e2_5_0,1748890282.24139,start,,,c6id.4xlarge
ip-172-31-18-189,1748883136,duckdb,1.3.0,71c5c07cdd,groupby,G1_1e8_1e2_5_0,1748890322.95593,finish,0,0,c6id.4xlarge
ip-172-31-18-189,1748883136,duckdb,1.3.0,71c5c07cdd,join,J1_1e7_NA_0_0,1748890337.97105,start,,,c6id.4xlarge
ip-172-31-18-189,1748883136,duckdb,1.3.0,71c5c07cdd,join,J1_1e7_NA_0_0,1748890345.26085,finish,0,0,c6id.4xlarge
ip-172-31-18-189,1748883136,duckdb,1.3.0,71c5c07cdd,join,J1_1e7_NA_5_0,1748890360.27594,start,,,c6id.4xlarge
ip-172-31-18-189,1748883136,duckdb,1.3.0,71c5c07cdd,join,J1_1e7_NA_5_0,1748890367.82984,finish,0,0,c6id.4xlarge
ip-172-31-18-189,1748883136,duckdb,1.3.0,71c5c07cdd,join,J1_1e7_NA_0_1,1748890382.84492,start,,,c6id.4xlarge
ip-172-31-18-189,1748883136,duckdb,1.3.0,71c5c07cdd,join,J1_1e7_NA_0_1,1748890389.83786,finish,0,0,c6id.4xlarge
ip-172-31-18-189,1748883136,duckdb,1.3.0,71c5c07cdd,join,J1_1e8_NA_0_0,1748890404.85299,start,,,c6id.4xlarge
ip-172-31-18-189,1748883136,duckdb,1.3.0,71c5c07cdd,join,J1_1e8_NA_0_0,1748890496.40273,finish,0,0,c6id.4xlarge
ip-172-31-18-189,1748883136,duckdb,1.3.0,71c5c07cdd,join,J1_1e8_NA_5_0,1748890511.41782,start,,,c6id.4xlarge
ip-172-31-18-189,1748883136,duckdb,1.3.0,71c5c07cdd,join,J1_1e8_NA_5_0,1748890612.65547,finish,0,0,c6id.4xlarge
ip-172-31-18-189,1748883136,duckdb,1.3.0,71c5c07cdd,join,J1_1e8_NA_0_1,1748890627.67056,start,,,c6id.4xlarge
ip-172-31-18-189,1748883136,duckdb,1.3.0,71c5c07cdd,join,J1_1e8_NA_0_1,1748890714.22391,finish,0,0,c6id.4xlarge
ip-172-31-18-189,1748883136,polars,1.30.0,,groupby,G1_1e7_1e2_0_0,1748890729.23899,start,,,c6id.4xlarge
ip-172-31-18-189,1748883136,polars,1.30.0,,groupby,G1_1e7_1e2_0_0,1748890733.98129,finish,0,0,c6id.4xlarge
ip-172-31-18-189,1748883136,polars,1.30.0,,groupby,G1_1e7_1e1_0_0,1748890748.99638,start,,,c6id.4xlarge
ip-172-31-18-189,1748883136,polars,1.30.0,,groupby,G1_1e7_1e1_0_0,1748890756.6756,finish,0,0,c6id.4xlarge
ip-172-31-18-189,1748883136,polars,1.30.0,,groupby,G1_1e7_2e0_0_0,1748890771.69073,start,,,c6id.4xlarge
ip-172-31-18-189,1748883136,polars,1.30.0,,groupby,G1_1e7_2e0_0_0,1748890788.93344,finish,0,0,c6id.4xlarge
ip-172-31-18-189,1748883136,polars,1.30.0,,groupby,G1_1e7_1e2_0_1,1748890803.94856,start,,,c6id.4xlarge
ip-172-31-18-189,1748883136,polars,1.30.0,,groupby,G1_1e7_1e2_0_1,1748890808.31796,finish,0,0,c6id.4xlarge
ip-172-31-18-189,1748883136,polars,1.30.0,,groupby,G1_1e7_1e2_5_0,1748890823.33309,start,,,c6id.4xlarge
ip-172-31-18-189,1748883136,polars,1.30.0,,groupby,G1_1e7_1e2_5_0,1748890829.04925,finish,0,0,c6id.4xlarge
ip-172-31-18-189,1748883136,polars,1.30.0,,groupby,G1_1e8_1e2_0_0,1748890844.06433,start,,,c6id.4xlarge
ip-172-31-18-189,1748883136,polars,1.30.0,,groupby,G1_1e8_1e2_0_0,1748890898.8586,finish,0,0,c6id.4xlarge
ip-172-31-18-189,1748883136,polars,1.30.0,,groupby,G1_1e8_1e1_0_0,1748890913.87371,start,,,c6id.4xlarge
ip-172-31-18-189,1748883136,polars,1.30.0,,groupby,G1_1e8_1e1_0_0,1748891006.9368,finish,0,0,c6id.4xlarge
ip-172-31-18-189,1748883136,polars,1.30.0,,groupby,G1_1e8_2e0_0_0,1748891021.93949,start,,,c6id.4xlarge
ip-172-31-18-189,1748883136,polars,1.30.0,,groupby,G1_1e8_2e0_0_0,1748891207.68122,finish,0,0,c6id.4xlarge
ip-172-31-18-189,1748883136,polars,1.30.0,,groupby,G1_1e8_1e2_0_1,1748891222.69635,start,,,c6id.4xlarge
ip-172-31-18-189,1748883136,polars,1.30.0,,groupby,G1_1e8_1e2_0_1,1748891275.73883,finish,0,0,c6id.4xlarge
ip-172-31-18-189,1748883136,polars,1.30.0,,groupby,G1_1e8_1e2_5_0,1748891290.75394,start,,,c6id.4xlarge
ip-172-31-18-189,1748883136,polars,1.30.0,,groupby,G1_1e8_1e2_5_0,1748891364.74173,finish,0,0,c6id.4xlarge
ip-172-31-18-189,1748883136,polars,1.30.0,,join,J1_1e7_NA_0_0,1748891379.75686,start,,,c6id.4xlarge
ip-172-31-18-189,1748883136,polars,1.30.0,,join,J1_1e7_NA_0_0,1748891391.94058,finish,0,0,c6id.4xlarge
ip-172-31-18-189,1748883136,polars,1.30.0,,join,J1_1e7_NA_5_0,1748891406.95573,start,,,c6id.4xlarge
ip-172-31-18-189,1748883136,polars,1.30.0,,join,J1_1e7_NA_5_0,1748891419.28639,finish,0,0,c6id.4xlarge
ip-172-31-18-189,1748883136,polars,1.30.0,,join,J1_1e7_NA_0_1,1748891434.30149,start,,,c6id.4xlarge
ip-172-31-18-189,1748883136,polars,1.30.0,,join,J1_1e7_NA_0_1,1748891446.18085,finish,0,0,c6id.4xlarge
ip-172-31-18-189,1748883136,polars,1.30.0,,join,J1_1e8_NA_0_0,1748891461.19594,start,,,c6id.4xlarge
ip-172-31-18-189,1748883136,polars,1.30.0,,join,J1_1e8_NA_0_0,1748891628.4298,finish,0,0,c6id.4xlarge
ip-172-31-18-189,1748883136,polars,1.30.0,,join,J1_1e8_NA_5_0,1748891643.44486,start,,,c6id.4xlarge
ip-172-31-18-189,1748883136,polars,1.30.0,,join,J1_1e8_NA_5_0,1748891815.011,finish,0,0,c6id.4xlarge
ip-172-31-18-189,1748883136,polars,1.30.0,,join,J1_1e8_NA_0_1,1748891830.0195,start,,,c6id.4xlarge
ip-172-31-18-189,1748883136,polars,1.30.0,,join,J1_1e8_NA_0_1,1748891993.43864,finish,0,0,c6id.4xlarge
ip-172-31-18-189,1748883136,spark,4.0.0,,groupby,G1_1e7_1e2_0_0,1748892008.45369,start,,,c6id.4xlarge
ip-172-31-18-189,1748883136,spark,4.0.0,,groupby,G1_1e7_1e2_0_0,1748892009.71386,finish,33,1,c6id.4xlarge
ip-172-31-18-189,1748883136,spark,4.0.0,,groupby,G1_1e7_1e1_0_0,1748892024.729,start,,,c6id.4xlarge
ip-172-31-18-189,1748883136,spark,4.0.0,,groupby,G1_1e7_1e1_0_0,1748892025.21118,finish,33,1,c6id.4xlarge
ip-172-31-18-189,1748883136,spark,4.0.0,,groupby,G1_1e7_2e0_0_0,1748892040.22627,start,,,c6id.4xlarge
ip-172-31-18-189,1748883136,spark,4.0.0,,groupby,G1_1e7_2e0_0_0,1748892040.70464,finish,33,1,c6id.4xlarge
ip-172-31-18-189,1748883136,spark,4.0.0,,groupby,G1_1e7_1e2_0_1,1748892055.71979,start,,,c6id.4xlarge
ip-172-31-18-189,1748883136,spark,4.0.0,,groupby,G1_1e7_1e2_0_1,1748892056.20174,finish,33,1,c6id.4xlarge
ip-172-31-18-189,1748883136,spark,4.0.0,,groupby,G1_1e7_1e2_5_0,1748892071.21683,start,,,c6id.4xlarge
ip-172-31-18-189,1748883136,spark,4.0.0,,groupby,G1_1e7_1e2_5_0,1748892071.69733,finish,33,1,c6id.4xlarge
ip-172-31-18-189,1748883136,spark,4.0.0,,groupby,G1_1e8_1e2_0_0,1748892086.71247,start,,,c6id.4xlarge
ip-172-31-18-189,1748883136,spark,4.0.0,,groupby,G1_1e8_1e2_0_0,1748892087.19421,finish,33,1,c6id.4xlarge
ip-172-31-18-189,1748883136,spark,4.0.0,,groupby,G1_1e8_1e1_0_0,1748892102.2093,start,,,c6id.4xlarge
ip-172-31-18-189,1748883136,spark,4.0.0,,groupby,G1_1e8_1e1_0_0,1748892102.68924,finish,33,1,c6id.4xlarge
ip-172-31-18-189,1748883136,spark,4.0.0,,groupby,G1_1e8_2e0_0_0,1748892117.70437,start,,,c6id.4xlarge
ip-172-31-18-189,1748883136,spark,4.0.0,,groupby,G1_1e8_2e0_0_0,1748892118.18667,finish,33,1,c6id.4xlarge
ip-172-31-18-189,1748883136,spark,4.0.0,,groupby,G1_1e8_1e2_0_1,1748892133.20176,start,,,c6id.4xlarge
ip-172-31-18-189,1748883136,spark,4.0.0,,groupby,G1_1e8_1e2_0_1,1748892133.68359,finish,33,1,c6id.4xlarge
ip-172-31-18-189,1748883136,spark,4.0.0,,groupby,G1_1e8_1e2_5_0,1748892148.69872,start,,,c6id.4xlarge
ip-172-31-18-189,1748883136,spark,4.0.0,,groupby,G1_1e8_1e2_5_0,1748892149.17776,finish,33,1,c6id.4xlarge
ip-172-31-18-189,1748883136,spark,4.0.0,,join,J1_1e7_NA_0_0,1748892164.19283,start,,,c6id.4xlarge
ip-172-31-18-189,1748883136,spark,4.0.0,,join,J1_1e7_NA_0_0,1748892164.67207,finish,33,1,c6id.4xlarge
ip-172-31-18-189,1748883136,spark,4.0.0,,join,J1_1e7_NA_5_0,1748892179.6872,start,,,c6id.4xlarge
ip-172-31-18-189,1748883136,spark,4.0.0,,join,J1_1e7_NA_5_0,1748892180.16794,finish,33,1,c6id.4xlarge
ip-172-31-18-189,1748883136,spark,4.0.0,,join,J1_1e7_NA_0_1,1748892195.18304,start,,,c6id.4xlarge
ip-172-31-18-189,1748883136,spark,4.0.0,,join,J1_1e7_NA_0_1,1748892195.66105,finish,33,1,c6id.4xlarge
ip-172-31-18-189,1748883136,spark,4.0.0,,join,J1_1e8_NA_0_0,1748892210.67618,start,,,c6id.4xlarge
ip-172-31-18-189,1748883136,spark,4.0.0,,join,J1_1e8_NA_0_0,1748892211.15616,finish,33,1,c6id.4xlarge
ip-172-31-18-189,1748883136,spark,4.0.0,,join,J1_1e8_NA_5_0,1748892226.17125,start,,,c6id.4xlarge
ip-172-31-18-189,1748883136,spark,4.0.0,,join,J1_1e8_NA_5_0,1748892226.6523,finish,33,1,c6id.4xlarge
ip-172-31-18-189,1748883136,spark,4.0.0,,join,J1_1e8_NA_0_1,1748892241.66744,start,,,c6id.4xlarge
ip-172-31-18-189,1748883136,spark,4.0.0,,join,J1_1e8_NA_0_1,1748892242.15007,finish,33,1,c6id.4xlarge
ip-172-31-13-90,1749024461,spark,4.0.0,,groupby,G1_1e7_1e2_0_0,1749024461.80345,start,,,c6id.metal
ip-172-31-13-90,1749024461,spark,4.0.0,,groupby,G1_1e7_1e2_0_0,1749024462.18013,finish,19,1,c6id.metal
ip-172-31-13-90,1749025163,spark,4.0.0,,groupby,G1_1e7_1e2_0_0,1749025164.57242,start,,,c6id.4xlarge
ip-172-31-13-90,1749025163,spark,4.0.0,,groupby,G1_1e7_1e2_0_0,1749025164.94953,finish,19,1,c6id.4xlarge
ip-172-31-13-90,1749025163,spark,4.0.0,,groupby,G1_1e7_1e1_0_0,1749025179.96487,start,,,c6id.4xlarge
ip-172-31-13-90,1749025163,spark,4.0.0,,groupby,G1_1e7_1e1_0_0,1749025180.35171,finish,19,1,c6id.4xlarge
ip-172-31-13-90,1749025163,spark,4.0.0,,groupby,G1_1e7_2e0_0_0,1749025195.3668,start,,,c6id.4xlarge
ip-172-31-13-90,1749025163,spark,4.0.0,,groupby,G1_1e7_2e0_0_0,1749025195.74103,finish,19,1,c6id.4xlarge
ip-172-31-13-90,1749025163,spark,4.0.0,,groupby,G1_1e7_1e2_0_1,1749025210.7563,start,,,c6id.4xlarge
ip-172-31-13-90,1749025163,spark,4.0.0,,groupby,G1_1e7_1e2_0_1,1749025211.12979,finish,19,1,c6id.4xlarge
ip-172-31-13-90,1749025163,spark,4.0.0,,groupby,G1_1e7_1e2_5_0,1749025226.14503,start,,,c6id.4xlarge
ip-172-31-13-90,1749025163,spark,4.0.0,,groupby,G1_1e7_1e2_5_0,1749025226.52022,finish,19,1,c6id.4xlarge
ip-172-31-13-90,1749025163,spark,4.0.0,,join,J1_1e7_NA_0_0,1749025241.53544,start,,,c6id.4xlarge
ip-172-31-13-90,1749025163,spark,4.0.0,,join,J1_1e7_NA_0_0,1749025241.90795,finish,19,1,c6id.4xlarge
ip-172-31-13-90,1749025163,spark,4.0.0,,join,J1_1e7_NA_5_0,1749025256.92307,start,,,c6id.4xlarge
ip-172-31-13-90,1749025163,spark,4.0.0,,join,J1_1e7_NA_5_0,1749025257.29294,finish,19,1,c6id.4xlarge
ip-172-31-13-90,1749025163,spark,4.0.0,,join,J1_1e7_NA_0_1,1749025272.30802,start,,,c6id.4xlarge
ip-172-31-13-90,1749025163,spark,4.0.0,,join,J1_1e7_NA_0_1,1749025272.68013,finish,19,1,c6id.4xlarge
ip-172-31-13-90,1749025593,spark,4.0.0,,groupby,G1_1e7_1e2_0_0,1749025594.37,start,,,c6id.4xlarge
ip-172-31-13-90,1749025593,spark,4.0.0,,groupby,G1_1e7_1e2_0_0,1749025632.61762,finish,5,0,c6id.4xlarge
ip-172-31-13-90,1749025593,spark,4.0.0,,groupby,G1_1e7_1e1_0_0,1749025647.633,start,,,c6id.4xlarge
ip-172-31-13-90,1749025593,spark,4.0.0,,groupby,G1_1e7_1e1_0_0,1749025684.88209,finish,5,0,c6id.4xlarge
ip-172-31-13-90,1749025593,spark,4.0.0,,groupby,G1_1e7_2e0_0_0,1749025699.89741,start,,,c6id.4xlarge
ip-172-31-13-90,1749025593,spark,4.0.0,,groupby,G1_1e7_2e0_0_0,1749025739.64752,finish,5,0,c6id.4xlarge
ip-172-31-13-90,1749025593,spark,4.0.0,,groupby,G1_1e7_1e2_0_1,1749025754.66266,start,,,c6id.4xlarge
ip-172-31-13-90,1749025593,spark,4.0.0,,groupby,G1_1e7_1e2_0_1,1749025790.88245,finish,5,0,c6id.4xlarge
ip-172-31-13-90,1749025593,spark,4.0.0,,groupby,G1_1e7_1e2_5_0,1749025805.89765,start,,,c6id.4xlarge
ip-172-31-13-90,1749025593,spark,4.0.0,,groupby,G1_1e7_1e2_5_0,1749025844.66693,finish,5,0,c6id.4xlarge
ip-172-31-13-90,1749025593,spark,4.0.0,,join,J1_1e7_NA_0_0,1749025859.68226,start,,,c6id.4xlarge
ip-172-31-13-90,1749025593,spark,4.0.0,,join,J1_1e7_NA_0_0,1749025891.39848,finish,5,0,c6id.4xlarge
ip-172-31-13-90,1749025593,spark,4.0.0,,join,J1_1e7_NA_5_0,1749025906.41355,start,,,c6id.4xlarge
ip-172-31-13-90,1749025593,spark,4.0.0,,join,J1_1e7_NA_5_0,1749025939.63459,finish,5,0,c6id.4xlarge
ip-172-31-13-90,1749025593,spark,4.0.0,,join,J1_1e7_NA_0_1,1749025954.64992,start,,,c6id.4xlarge
ip-172-31-13-90,1749025593,spark,4.0.0,,join,J1_1e7_NA_0_1,1749025984.86618,finish,5,0,c6id.4xlarge
ip-172-31-13-90,1749027877,polars,1.30.0,,groupby,G1_1e9_1e2_0_0,1749027878.62182,start,,,c6id.metal
ip-172-31-13-90,1749027877,polars,1.30.0,,groupby,G1_1e9_1e2_0_0,1749028738.07166,finish,0,0,c6id.metal
ip-172-31-13-90,1749027877,polars,1.30.0,,groupby,G1_1e9_1e1_0_0,1749028753.08696,start,,,c6id.metal
ip-172-31-13-90,1749027877,polars,1.30.0,,groupby,G1_1e9_1e1_0_0,1749029908.07031,finish,0,0,c6id.metal
ip-172-31-13-90,1749027877,polars,1.30.0,,groupby,G1_1e9_2e0_0_0,1749029923.08555,start,,,c6id.metal
ip-172-31-13-90,1749027877,polars,1.30.0,,groupby,G1_1e9_2e0_0_0,1749032069.37162,finish,0,0,c6id.metal
ip-172-31-13-90,1749027877,polars,1.30.0,,groupby,G1_1e9_1e2_0_1,1749032084.38676,start,,,c6id.metal
ip-172-31-13-90,1749027877,polars,1.30.0,,groupby,G1_1e9_1e2_0_1,1749032907.01718,finish,0,0,c6id.metal
ip-172-31-13-90,1749027877,polars,1.30.0,,groupby,G1_1e9_1e2_5_0,1749032922.03239,start,,,c6id.metal
ip-172-31-13-90,1749027877,polars,1.30.0,,groupby,G1_1e9_1e2_5_0,1749033976.00112,finish,0,0,c6id.metal
ip-172-31-13-90,1749035457,polars,1.30.0,,join,J1_1e9_NA_0_0,1749035458.55949,start,,,c6id.metal
ip-172-31-13-90,1749035457,polars,1.30.0,,join,J1_1e9_NA_0_0,1749038119.8068,finish,0,0,c6id.metal
ip-172-31-13-90,1749040937,duckdb,1.3.0,71c5c07cdd,groupby,G1_1e9_1e2_0_0,1749040938.119,start,,,c6id.metal
ip-172-31-13-90,1749040937,duckdb,1.3.0,71c5c07cdd,groupby,G1_1e9_1e2_0_0,1749041184.15842,finish,0,0,c6id.metal
ip-172-31-13-90,1749040937,duckdb,1.3.0,71c5c07cdd,groupby,G1_1e9_1e1_0_0,1749041199.17378,start,,,c6id.metal
ip-172-31-13-90,1749040937,duckdb,1.3.0,71c5c07cdd,groupby,G1_1e9_1e1_0_0,1749041477.08486,finish,0,0,c6id.metal
ip-172-31-13-90,1749040937,duckdb,1.3.0,71c5c07cdd,groupby,G1_1e9_2e0_0_0,1749041492.10014,start,,,c6id.metal
ip-172-31-13-90,1749040937,duckdb,1.3.0,71c5c07cdd,groupby,G1_1e9_2e0_0_0,1749041774.75126,finish,0,0,c6id.metal
ip-172-31-13-90,1749040937,duckdb,1.3.0,71c5c07cdd,groupby,G1_1e9_1e2_0_1,1749041789.76653,start,,,c6id.metal
ip-172-31-13-90,1749040937,duckdb,1.3.0,71c5c07cdd,groupby,G1_1e9_1e2_0_1,1749042037.93978,finish,0,0,c6id.metal
ip-172-31-13-90,1749040937,duckdb,1.3.0,71c5c07cdd,groupby,G1_1e9_1e2_5_0,1749042052.95507,start,,,c6id.metal
ip-172-31-13-90,1749040937,duckdb,1.3.0,71c5c07cdd,groupby,G1_1e9_1e2_5_0,1749042315.82088,finish,0,0,c6id.metal
ip-172-31-13-90,1749040937,duckdb,1.3.0,71c5c07cdd,join,J1_1e9_NA_0_0,1749042330.83607,start,,,c6id.metal
ip-172-31-13-90,1749040937,duckdb,1.3.0,71c5c07cdd,join,J1_1e9_NA_0_0,1749043080.87104,finish,0,0,c6id.metal
ip-172-31-13-90,1749108189,duckdb,1.3.0,71c5c07cdd,groupby,G1_1e7_1e2_0_0,1749108190.71078,start,,,c6id.metal
ip-172-31-13-90,1749108189,duckdb,1.3.0,71c5c07cdd,groupby,G1_1e7_1e2_0_0,1749108195.39779,finish,0,0,c6id.metal
ip-172-31-13-90,1749108189,duckdb,1.3.0,71c5c07cdd,groupby,G1_1e7_1e1_0_0,1749108210.4091,start,,,c6id.metal
ip-172-31-13-90,1749108189,duckdb,1.3.0,71c5c07cdd,groupby,G1_1e7_1e1_0_0,1749108215.71095,finish,0,0,c6id.metal
ip-172-31-13-90,1749108189,duckdb,1.3.0,71c5c07cdd,groupby,G1_1e7_2e0_0_0,1749108230.72623,start,,,c6id.metal
ip-172-31-13-90,1749108189,duckdb,1.3.0,71c5c07cdd,groupby,G1_1e7_2e0_0_0,1749108235.96895,finish,0,0,c6id.metal
ip-172-31-13-90,1749108189,duckdb,1.3.0,71c5c07cdd,groupby,G1_1e7_1e2_0_1,1749108250.98407,start,,,c6id.metal
ip-172-31-13-90,1749108189,duckdb,1.3.0,71c5c07cdd,groupby,G1_1e7_1e2_0_1,1749108255.47086,finish,0,0,c6id.metal
ip-172-31-13-90,1749108189,duckdb,1.3.0,71c5c07cdd,groupby,G1_1e7_1e2_5_0,1749108270.48619,start,,,c6id.metal
ip-172-31-13-90,1749108189,duckdb,1.3.0,71c5c07cdd,groupby,G1_1e7_1e2_5_0,1749108275.1408,finish,0,0,c6id.metal
ip-172-31-13-90,1749108189,duckdb,1.3.0,71c5c07cdd,join,J1_1e7_NA_0_0,1749108290.15602,start,,,c6id.metal
ip-172-31-13-90,1749108189,duckdb,1.3.0,71c5c07cdd,join,J1_1e7_NA_0_0,1749108295.31528,finish,0,0,c6id.metal
ip-172-31-13-90,1749108189,duckdb,1.3.0,71c5c07cdd,join,J1_1e7_NA_5_0,1749108310.33034,start,,,c6id.metal
ip-172-31-13-90,1749108189,duckdb,1.3.0,71c5c07cdd,join,J1_1e7_NA_5_0,1749108315.46501,finish,0,0,c6id.metal
ip-172-31-13-90,1749108189,duckdb,1.3.0,71c5c07cdd,join,J1_1e7_NA_0_1,1749108330.48029,start,,,c6id.metal
ip-172-31-13-90,1749108189,duckdb,1.3.0,71c5c07cdd,join,J1_1e7_NA_0_1,1749108335.55451,finish,0,0,c6id.metal
ip-172-31-13-90,1749108189,polars,1.30.0,,groupby,G1_1e7_1e2_0_0,1749108350.56976,start,,,c6id.metal
ip-172-31-13-90,1749108189,polars,1.30.0,,groupby,G1_1e7_1e2_0_0,1749108354.88641,finish,0,0,c6id.metal
ip-172-31-13-90,1749108189,polars,1.30.0,,groupby,G1_1e7_1e1_0_0,1749108369.90164,start,,,c6id.metal
ip-172-31-13-90,1749108189,polars,1.30.0,,groupby,G1_1e7_1e1_0_0,1749108377.12576,finish,0,0,c6id.metal
ip-172-31-13-90,1749108189,polars,1.30.0,,groupby,G1_1e7_2e0_0_0,1749108392.14101,start,,,c6id.metal
ip-172-31-13-90,1749108189,polars,1.30.0,,groupby,G1_1e7_2e0_0_0,1749108408.50259,finish,0,0,c6id.metal
ip-172-31-13-90,1749108189,polars,1.30.0,,groupby,G1_1e7_1e2_0_1,1749108423.51788,start,,,c6id.metal
ip-172-31-13-90,1749108189,polars,1.30.0,,groupby,G1_1e7_1e2_0_1,1749108427.6975,finish,0,0,c6id.metal
ip-172-31-13-90,1749108189,polars,1.30.0,,groupby,G1_1e7_1e2_5_0,1749108442.71262,start,,,c6id.metal
ip-172-31-13-90,1749108189,polars,1.30.0,,groupby,G1_1e7_1e2_5_0,1749108448.08948,finish,0,0,c6id.metal
ip-172-31-13-90,1749108189,polars,1.30.0,,join,J1_1e7_NA_0_0,1749108463.10477,start,,,c6id.metal
ip-172-31-13-90,1749108189,polars,1.30.0,,join,J1_1e7_NA_0_0,1749108476.18335,finish,0,0,c6id.metal
ip-172-31-13-90,1749108189,polars,1.30.0,,join,J1_1e7_NA_5_0,1749108491.19869,start,,,c6id.metal
ip-172-31-13-90,1749108189,polars,1.30.0,,join,J1_1e7_NA_5_0,1749108504.28768,finish,0,0,c6id.metal
ip-172-31-13-90,1749108189,polars,1.30.0,,join,J1_1e7_NA_0_1,1749108519.30302,start,,,c6id.metal
ip-172-31-13-90,1749108189,polars,1.30.0,,join,J1_1e7_NA_0_1,1749108530.07593,finish,0,0,c6id.metal
ip-172-31-13-90,1749108189,R-arrow,20.0.0.2,,groupby,G1_1e7_1e2_0_0,1749108545.09117,start,,,c6id.metal
ip-172-31-13-90,1749108189,R-arrow,20.0.0.2,,groupby,G1_1e7_1e2_0_0,1749108566.09485,finish,3,0,c6id.metal
ip-172-31-13-90,1749108189,R-arrow,20.0.0.2,,groupby,G1_1e7_1e1_0_0,1749108581.10991,start,,,c6id.metal
ip-172-31-13-90,1749108189,R-arrow,20.0.0.2,,groupby,G1_1e7_1e1_0_0,1749108590.88034,finish,3,0,c6id.metal
ip-172-31-13-90,1749108189,R-arrow,20.0.0.2,,groupby,G1_1e7_2e0_0_0,1749108605.89542,start,,,c6id.metal
ip-172-31-13-90,1749108189,R-arrow,20.0.0.2,,groupby,G1_1e7_2e0_0_0,1749108625.44932,finish,3,0,c6id.metal
ip-172-31-13-90,1749108189,R-arrow,20.0.0.2,,groupby,G1_1e7_1e2_0_1,1749108640.46443,start,,,c6id.metal
ip-172-31-13-90,1749108189,R-arrow,20.0.0.2,,groupby,G1_1e7_1e2_0_1,1749108662.17691,finish,3,0,c6id.metal
ip-172-31-13-90,1749108189,R-arrow,20.0.0.2,,groupby,G1_1e7_1e2_5_0,1749108677.19216,start,,,c6id.metal
ip-172-31-13-90,1749108189,R-arrow,20.0.0.2,,groupby,G1_1e7_1e2_5_0,1749108696.61515,finish,3,0,c6id.metal
ip-172-31-13-90,1749108189,R-arrow,20.0.0.2,,join,J1_1e7_NA_0_0,1749108711.63046,start,,,c6id.metal
ip-172-31-13-90,1749108189,R-arrow,20.0.0.2,,join,J1_1e7_NA_0_0,1749108756.46516,finish,0,0,c6id.metal
ip-172-31-13-90,1749108189,R-arrow,20.0.0.2,,join,J1_1e7_NA_5_0,1749108771.48048,start,,,c6id.metal
ip-172-31-13-90,1749108189,R-arrow,20.0.0.2,,join,J1_1e7_NA_5_0,1749108817.351,finish,0,0,c6id.metal
ip-172-31-13-90,1749108189,R-arrow,20.0.0.2,,join,J1_1e7_NA_0_1,1749108832.36627,start,,,c6id.metal
ip-172-31-13-90,1749108189,R-arrow,20.0.0.2,,join,J1_1e7_NA_0_1,1749108876.51842,finish,0,0,c6id.metal
ip-172-31-13-90,1749108189,spark,4.0.0,,groupby,G1_1e7_1e2_0_0,1749108891.53368,start,,,c6id.metal
ip-172-31-13-90,1749108189,spark,4.0.0,,groupby,G1_1e7_1e2_0_0,1749108933.0267,finish,5,0,c6id.metal
ip-172-31-13-90,1749108189,spark,4.0.0,,groupby,G1_1e7_1e1_0_0,1749108948.042,start,,,c6id.metal
ip-172-31-13-90,1749108189,spark,4.0.0,,groupby,G1_1e7_1e1_0_0,1749108987.77592,finish,5,0,c6id.metal
ip-172-31-13-90,1749108189,spark,4.0.0,,groupby,G1_1e7_2e0_0_0,1749109002.7912,start,,,c6id.metal
ip-172-31-13-90,1749108189,spark,4.0.0,,groupby,G1_1e7_2e0_0_0,1749109041.01756,finish,5,0,c6id.metal
ip-172-31-13-90,1749108189,spark,4.0.0,,groupby,G1_1e7_1e2_0_1,1749109056.03283,start,,,c6id.metal
ip-172-31-13-90,1749108189,spark,4.0.0,,groupby,G1_1e7_1e2_0_1,1749109093.7562,finish,5,0,c6id.metal
ip-172-31-13-90,1749108189,spark,4.0.0,,groupby,G1_1e7_1e2_5_0,1749109108.77149,start,,,c6id.metal
ip-172-31-13-90,1749108189,spark,4.0.0,,groupby,G1_1e7_1e2_5_0,1749109146.9935,finish,5,0,c6id.metal
ip-172-31-13-90,1749108189,spark,4.0.0,,join,J1_1e7_NA_0_0,1749109162.00879,start,,,c6id.metal
ip-172-31-13-90,1749108189,spark,4.0.0,,join,J1_1e7_NA_0_0,1749109194.21855,finish,5,0,c6id.metal
ip-172-31-13-90,1749108189,spark,4.0.0,,join,J1_1e7_NA_5_0,1749109209.23383,start,,,c6id.metal
ip-172-31-13-90,1749108189,spark,4.0.0,,join,J1_1e7_NA_5_0,1749109242.44822,finish,5,0,c6id.metal
ip-172-31-13-90,1749108189,spark,4.0.0,,join,J1_1e7_NA_0_1,1749109257.46356,start,,,c6id.metal
ip-172-31-13-90,1749108189,spark,4.0.0,,join,J1_1e7_NA_0_1,1749109289.18262,finish,5,0,c6id.metal
ip-172-31-13-90,1749108189,datafusion,47.0.0,,groupby,G1_1e7_1e2_0_0,1749109304.19787,start,,,c6id.metal
ip-172-31-13-90,1749108189,datafusion,47.0.0,,groupby,G1_1e7_1e2_0_0,1749109306.57823,finish,0,0,c6id.metal
ip-172-31-13-90,1749108189,datafusion,47.0.0,,groupby,G1_1e7_1e1_0_0,1749109321.59351,start,,,c6id.metal
ip-172-31-13-90,1749108189,datafusion,47.0.0,,groupby,G1_1e7_1e1_0_0,1749109325.01809,finish,0,0,c6id.metal
ip-172-31-13-90,1749108189,datafusion,47.0.0,,groupby,G1_1e7_2e0_0_0,1749109340.03336,start,,,c6id.metal
ip-172-31-13-90,1749108189,datafusion,47.0.0,,groupby,G1_1e7_2e0_0_0,1749109346.60997,finish,0,0,c6id.metal
ip-172-31-13-90,1749108189,datafusion,47.0.0,,groupby,G1_1e7_1e2_0_1,1749109361.62519,start,,,c6id.metal
ip-172-31-13-90,1749108189,datafusion,47.0.0,,groupby,G1_1e7_1e2_0_1,1749109364.28584,finish,0,0,c6id.metal
ip-172-31-13-90,1749108189,datafusion,47.0.0,,groupby,G1_1e7_1e2_5_0,1749109379.30111,start,,,c6id.metal
ip-172-31-13-90,1749108189,datafusion,47.0.0,,groupby,G1_1e7_1e2_5_0,1749109381.88266,finish,0,0,c6id.metal
ip-172-31-13-90,1749108189,datafusion,47.0.0,,join,J1_1e7_NA_0_0,1749109396.89789,start,,,c6id.metal
ip-172-31-13-90,1749108189,datafusion,47.0.0,,join,J1_1e7_NA_0_0,1749109399.27201,finish,0,0,c6id.metal
ip-172-31-13-90,1749108189,datafusion,47.0.0,,join,J1_1e7_NA_5_0,1749109414.28708,start,,,c6id.metal
ip-172-31-13-90,1749108189,datafusion,47.0.0,,join,J1_1e7_NA_5_0,1749109416.80985,finish,0,0,c6id.metal
ip-172-31-13-90,1749108189,datafusion,47.0.0,,join,J1_1e7_NA_0_1,1749109431.82497,start,,,c6id.metal
ip-172-31-13-90,1749108189,datafusion,47.0.0,,join,J1_1e7_NA_0_1,1749109434.19653,finish,0,0,c6id.metal
ip-172-31-13-90,1749109570,duckdb,1.3.0,71c5c07cdd,groupby,G1_1e8_1e2_0_0,1749109571.50034,start,,,c6id.metal
ip-172-31-13-90,1749109570,duckdb,1.3.0,71c5c07cdd,groupby,G1_1e8_1e2_0_0,1749109594.91687,finish,0,0,c6id.metal
ip-172-31-13-90,1749109570,duckdb,1.3.0,71c5c07cdd,groupby,G1_1e8_1e1_0_0,1749109609.93218,start,,,c6id.metal
ip-172-31-13-90,1749109570,duckdb,1.3.0,71c5c07cdd,groupby,G1_1e8_1e1_0_0,1749109636.79127,finish,0,0,c6id.metal
ip-172-31-13-90,1749109570,duckdb,1.3.0,71c5c07cdd,groupby,G1_1e8_2e0_0_0,1749109651.80638,start,,,c6id.metal
ip-172-31-13-90,1749109570,duckdb,1.3.0,71c5c07cdd,groupby,G1_1e8_2e0_0_0,1749109676.94602,finish,0,0,c6id.metal
ip-172-31-13-90,1749109570,duckdb,1.3.0,71c5c07cdd,groupby,G1_1e8_1e2_0_1,1749109691.96134,start,,,c6id.metal
ip-172-31-13-90,1749109570,duckdb,1.3.0,71c5c07cdd,groupby,G1_1e8_1e2_0_1,1749109713.22908,finish,0,0,c6id.metal
ip-172-31-13-90,1749109570,duckdb,1.3.0,71c5c07cdd,groupby,G1_1e8_1e2_5_0,1749109728.24444,start,,,c6id.metal
ip-172-31-13-90,1749109570,duckdb,1.3.0,71c5c07cdd,groupby,G1_1e8_1e2_5_0,1749109751.28961,finish,0,0,c6id.metal
ip-172-31-13-90,1749109570,duckdb,1.3.0,71c5c07cdd,join,J1_1e8_NA_0_0,1749109766.30483,start,,,c6id.metal
ip-172-31-13-90,1749109570,duckdb,1.3.0,71c5c07cdd,join,J1_1e8_NA_0_0,1749109816.25722,finish,0,0,c6id.metal
ip-172-31-13-90,1749109570,duckdb,1.3.0,71c5c07cdd,join,J1_1e8_NA_5_0,1749109831.27253,start,,,c6id.metal
ip-172-31-13-90,1749109570,duckdb,1.3.0,71c5c07cdd,join,J1_1e8_NA_5_0,1749109881.05369,finish,0,0,c6id.metal
ip-172-31-13-90,1749109570,duckdb,1.3.0,71c5c07cdd,join,J1_1e8_NA_0_1,1749109896.06895,start,,,c6id.metal
ip-172-31-13-90,1749109570,duckdb,1.3.0,71c5c07cdd,join,J1_1e8_NA_0_1,1749109936.6275,finish,0,0,c6id.metal
ip-172-31-13-90,1749109570,polars,1.30.0,,groupby,G1_1e8_1e2_0_0,1749109951.64273,start,,,c6id.metal
ip-172-31-13-90,1749109570,polars,1.30.0,,groupby,G1_1e8_1e2_0_0,1749109997.2173,finish,0,0,c6id.metal
ip-172-31-13-90,1749109570,polars,1.30.0,,groupby,G1_1e8_1e1_0_0,1749110012.23261,start,,,c6id.metal
ip-172-31-13-90,1749109570,polars,1.30.0,,groupby,G1_1e8_1e1_0_0,1749110092.65472,finish,0,0,c6id.metal
ip-172-31-13-90,1749109570,polars,1.30.0,,groupby,G1_1e8_2e0_0_0,1749110107.66997,start,,,c6id.metal
ip-172-31-13-90,1749109570,polars,1.30.0,,groupby,G1_1e8_2e0_0_0,1749110296.75538,finish,0,0,c6id.metal
ip-172-31-13-90,1749109570,polars,1.30.0,,groupby,G1_1e8_1e2_0_1,1749110311.77066,start,,,c6id.metal
ip-172-31-13-90,1749109570,polars,1.30.0,,groupby,G1_1e8_1e2_0_1,1749110356.40264,finish,0,0,c6id.metal
ip-172-31-13-90,1749109570,polars,1.30.0,,groupby,G1_1e8_1e2_5_0,1749110371.41776,start,,,c6id.metal
ip-172-31-13-90,1749109570,polars,1.30.0,,groupby,G1_1e8_1e2_5_0,1749110434.92174,finish,0,0,c6id.metal
ip-172-31-13-90,1749109570,polars,1.30.0,,join,J1_1e8_NA_0_0,1749110449.93687,start,,,c6id.metal
ip-172-31-13-90,1749109570,polars,1.30.0,,join,J1_1e8_NA_0_0,1749110615.85005,finish,0,0,c6id.metal
ip-172-31-13-90,1749109570,polars,1.30.0,,join,J1_1e8_NA_5_0,1749110630.86543,start,,,c6id.metal
ip-172-31-13-90,1749109570,polars,1.30.0,,join,J1_1e8_NA_5_0,1749110789.56831,finish,0,0,c6id.metal
ip-172-31-13-90,1749109570,polars,1.30.0,,join,J1_1e8_NA_0_1,1749110804.5836,start,,,c6id.metal
ip-172-31-13-90,1749109570,polars,1.30.0,,join,J1_1e8_NA_0_1,1749110971.93684,finish,0,0,c6id.metal
ip-172-31-13-90,1749109570,R-arrow,20.0.0.2,,groupby,G1_1e8_1e2_0_0,1749110986.95212,start,,,c6id.metal
ip-172-31-13-90,1749109570,R-arrow,20.0.0.2,,groupby,G1_1e8_1e2_0_0,1749111058.66982,finish,3,0,c6id.metal
ip-172-31-13-90,1749109570,R-arrow,20.0.0.2,,groupby,G1_1e8_1e1_0_0,1749111073.68506,start,,,c6id.metal
ip-172-31-13-90,1749109570,R-arrow,20.0.0.2,,groupby,G1_1e8_1e1_0_0,1749111174.08822,finish,3,0,c6id.metal
ip-172-31-13-90,1749109570,R-arrow,20.0.0.2,,groupby,G1_1e8_2e0_0_0,1749111189.1033,start,,,c6id.metal
ip-172-31-13-90,1749109570,R-arrow,20.0.0.2,,groupby,G1_1e8_2e0_0_0,1749111379.58826,finish,3,0,c6id.metal
ip-172-31-13-90,1749109570,R-arrow,20.0.0.2,,groupby,G1_1e8_1e2_0_1,1749111394.60346,start,,,c6id.metal
ip-172-31-13-90,1749109570,R-arrow,20.0.0.2,,groupby,G1_1e8_1e2_0_1,1749111466.36847,finish,3,0,c6id.metal
ip-172-31-13-90,1749109570,R-arrow,20.0.0.2,,groupby,G1_1e8_1e2_5_0,1749111481.38375,start,,,c6id.metal
ip-172-31-13-90,1749109570,R-arrow,20.0.0.2,,groupby,G1_1e8_1e2_5_0,1749111546.51092,finish,3,0,c6id.metal
ip-172-31-13-90,1749109570,R-arrow,20.0.0.2,,join,J1_1e8_NA_0_0,1749111561.52616,start,,,c6id.metal
ip-172-31-13-90,1749109570,R-arrow,20.0.0.2,,join,J1_1e8_NA_0_0,1749112137.50838,finish,0,0,c6id.metal
ip-172-31-13-90,1749109570,R-arrow,20.0.0.2,,join,J1_1e8_NA_5_0,1749112152.52353,start,,,c6id.metal
ip-172-31-13-90,1749109570,R-arrow,20.0.0.2,,join,J1_1e8_NA_5_0,1749112756.872,finish,0,0,c6id.metal
ip-172-31-13-90,1749109570,R-arrow,20.0.0.2,,join,J1_1e8_NA_0_1,1749112771.8871,start,,,c6id.metal
ip-172-31-13-90,1749109570,R-arrow,20.0.0.2,,join,J1_1e8_NA_0_1,1749113284.67006,finish,0,0,c6id.metal
ip-172-31-13-90,1749109570,spark,4.0.0,,groupby,G1_1e8_1e2_0_0,1749113299.68542,start,,,c6id.metal
ip-172-31-13-90,1749109570,spark,4.0.0,,groupby,G1_1e8_1e2_0_0,1749113397.52432,finish,5,0,c6id.metal
ip-172-31-13-90,1749109570,spark,4.0.0,,groupby,G1_1e8_1e1_0_0,1749113412.53967,start,,,c6id.metal
ip-172-31-13-90,1749109570,spark,4.0.0,,groupby,G1_1e8_1e1_0_0,1749113505.36994,finish,5,0,c6id.metal
ip-172-31-13-90,1749109570,spark,4.0.0,,groupby,G1_1e8_2e0_0_0,1749113520.38522,start,,,c6id.metal
ip-172-31-13-90,1749109570,spark,4.0.0,,groupby,G1_1e8_2e0_0_0,1749113618.25218,finish,5,0,c6id.metal
ip-172-31-13-90,1749109570,spark,4.0.0,,groupby,G1_1e8_1e2_0_1,1749113633.26755,start,,,c6id.metal
ip-172-31-13-90,1749109570,spark,4.0.0,,groupby,G1_1e8_1e2_0_1,1749113718.60795,finish,5,0,c6id.metal
ip-172-31-13-90,1749109570,spark,4.0.0,,groupby,G1_1e8_1e2_5_0,1749113733.62316,start,,,c6id.metal
ip-172-31-13-90,1749109570,spark,4.0.0,,groupby,G1_1e8_1e2_5_0,1749113825.97359,finish,5,0,c6id.metal
ip-172-31-13-90,1749109570,spark,4.0.0,,join,J1_1e8_NA_0_0,1749113840.98869,start,,,c6id.metal
ip-172-31-13-90,1749109570,spark,4.0.0,,join,J1_1e8_NA_0_0,1749114094.00917,finish,5,0,c6id.metal
ip-172-31-13-90,1749109570,spark,4.0.0,,join,J1_1e8_NA_5_0,1749114109.02433,start,,,c6id.metal
ip-172-31-13-90,1749109570,spark,4.0.0,,join,J1_1e8_NA_5_0,1749114251.14439,finish,5,0,c6id.metal
ip-172-31-13-90,1749109570,spark,4.0.0,,join,J1_1e8_NA_0_1,1749114266.15966,start,,,c6id.metal
ip-172-31-13-90,1749109570,spark,4.0.0,,join,J1_1e8_NA_0_1,1749114467.1204,finish,5,0,c6id.metal
ip-172-31-13-90,1749109570,datafusion,47.0.0,,groupby,G1_1e8_1e2_0_0,1749114482.13566,start,,,c6id.metal
ip-172-31-13-90,1749109570,datafusion,47.0.0,,groupby,G1_1e8_1e2_0_0,1749114496.34709,finish,0,0,c6id.metal
ip-172-31-13-90,1749109570,datafusion,47.0.0,,groupby,G1_1e8_1e1_0_0,1749114511.36243,start,,,c6id.metal
ip-172-31-13-90,1749109570,datafusion,47.0.0,,groupby,G1_1e8_1e1_0_0,1749114535.83888,finish,0,0,c6id.metal
ip-172-31-13-90,1749109570,datafusion,47.0.0,,groupby,G1_1e8_2e0_0_0,1749114550.85416,start,,,c6id.metal
ip-172-31-13-90,1749109570,datafusion,47.0.0,,groupby,G1_1e8_2e0_0_0,1749114603.23208,finish,0,0,c6id.metal
ip-172-31-13-90,1749109570,datafusion,47.0.0,,groupby,G1_1e8_1e2_0_1,1749114618.24714,start,,,c6id.metal
ip-172-31-13-90,1749109570,datafusion,47.0.0,,groupby,G1_1e8_1e2_0_1,1749114633.80414,finish,0,0,c6id.metal
ip-172-31-13-90,1749109570,datafusion,47.0.0,,groupby,G1_1e8_1e2_5_0,1749114648.81941,start,,,c6id.metal
ip-172-31-13-90,1749109570,datafusion,47.0.0,,groupby,G1_1e8_1e2_5_0,1749114665.13946,finish,0,0,c6id.metal
ip-172-31-13-90,1749109570,datafusion,47.0.0,,join,J1_1e8_NA_0_0,1749114680.15454,start,,,c6id.metal
ip-172-31-13-90,1749109570,datafusion,47.0.0,,join,J1_1e8_NA_0_0,1749114706.17221,finish,0,0,c6id.metal
ip-172-31-13-90,1749109570,datafusion,47.0.0,,join,J1_1e8_NA_5_0,1749114721.18753,start,,,c6id.metal
ip-172-31-13-90,1749109570,datafusion,47.0.0,,join,J1_1e8_NA_5_0,1749114746.41558,finish,0,0,c6id.metal
ip-172-31-13-90,1749109570,datafusion,47.0.0,,join,J1_1e8_NA_0_1,1749114761.43081,start,,,c6id.metal
ip-172-31-13-90,1749109570,datafusion,47.0.0,,join,J1_1e8_NA_0_1,1749114784.67359,finish,0,0,c6id.metal
ip-172-31-13-90,1749115669,duckdb,1.3.0,71c5c07cdd,groupby,G1_1e9_1e2_0_0,1749115670.22085,start,,,c6id.metal
ip-172-31-13-90,1749115669,duckdb,1.3.0,71c5c07cdd,groupby,G1_1e9_1e2_0_0,1749115933.25177,finish,0,0,c6id.metal
ip-172-31-13-90,1749115669,duckdb,1.3.0,71c5c07cdd,groupby,G1_1e9_1e1_0_0,1749115948.26705,start,,,c6id.metal
ip-172-31-13-90,1749115669,duckdb,1.3.0,71c5c07cdd,groupby,G1_1e9_1e1_0_0,1749116232.68702,finish,0,0,c6id.metal
ip-172-31-13-90,1749115669,duckdb,1.3.0,71c5c07cdd,groupby,G1_1e9_2e0_0_0,1749116247.70231,start,,,c6id.metal
ip-172-31-13-90,1749115669,duckdb,1.3.0,71c5c07cdd,groupby,G1_1e9_2e0_0_0,1749116533.19486,finish,0,0,c6id.metal
ip-172-31-13-90,1749115669,duckdb,1.3.0,71c5c07cdd,groupby,G1_1e9_1e2_0_1,1749116548.21014,start,,,c6id.metal
ip-172-31-13-90,1749115669,duckdb,1.3.0,71c5c07cdd,groupby,G1_1e9_1e2_0_1,1749116800.43979,finish,0,0,c6id.metal
ip-172-31-13-90,1749115669,duckdb,1.3.0,71c5c07cdd,groupby,G1_1e9_1e2_5_0,1749116815.45508,start,,,c6id.metal
ip-172-31-13-90,1749115669,duckdb,1.3.0,71c5c07cdd,groupby,G1_1e9_1e2_5_0,1749117078.91633,finish,0,0,c6id.metal
ip-172-31-13-90,1749115669,duckdb,1.3.0,71c5c07cdd,join,J1_1e9_NA_0_0,1749117093.93146,start,,,c6id.metal
ip-172-31-13-90,1749115669,duckdb,1.3.0,71c5c07cdd,join,J1_1e9_NA_0_0,1749117841.26549,finish,0,0,c6id.metal
ip-172-31-13-90,1749115669,polars,1.30.0,,groupby,G1_1e9_1e2_0_0,1749117856.2807,start,,,c6id.metal
ip-172-31-13-90,1749115669,polars,1.30.0,,groupby,G1_1e9_1e2_0_0,1749118771.91525,finish,0,0,c6id.metal
ip-172-31-13-90,1749115669,polars,1.30.0,,groupby,G1_1e9_1e1_0_0,1749118786.93052,start,,,c6id.metal
ip-172-31-13-90,1749115669,polars,1.30.0,,groupby,G1_1e9_1e1_0_0,1749120045.43193,finish,0,0,c6id.metal
ip-172-31-13-90,1749115669,polars,1.30.0,,groupby,G1_1e9_2e0_0_0,1749120060.44701,start,,,c6id.metal
ip-172-31-13-90,1749115669,polars,1.30.0,,groupby,G1_1e9_2e0_0_0,1749122051.92742,finish,0,0,c6id.metal
ip-172-31-13-90,1749115669,polars,1.30.0,,groupby,G1_1e9_1e2_0_1,1749122066.93549,start,,,c6id.metal
ip-172-31-13-90,1749115669,polars,1.30.0,,groupby,G1_1e9_1e2_0_1,1749122946.47189,finish,0,0,c6id.metal
ip-172-31-13-90,1749115669,polars,1.30.0,,groupby,G1_1e9_1e2_5_0,1749122961.48711,start,,,c6id.metal
ip-172-31-13-90,1749115669,polars,1.30.0,,groupby,G1_1e9_1e2_5_0,1749123822.16254,finish,0,0,c6id.metal
ip-172-31-13-90,1749115669,polars,1.30.0,,join,J1_1e9_NA_0_0,1749123837.17777,start,,,c6id.metal
ip-172-31-13-90,1749115669,polars,1.30.0,,join,J1_1e9_NA_0_0,1749125251.02891,finish,0,15,c6id.metal
ip-172-31-13-90,1749128213,spark,4.0.0,,groupby,G1_1e9_1e2_0_0,1749128214.80092,start,,,c6id.metal
ip-172-31-13-90,1749128213,spark,4.0.0,,groupby,G1_1e9_1e2_0_0,1749129832.44368,finish,872,1,c6id.metal
ip-172-31-13-90,1749128213,spark,4.0.0,,groupby,G1_1e9_1e1_0_0,1749129847.45897,start,,,c6id.metal
ip-172-31-13-90,1749128213,spark,4.0.0,,groupby,G1_1e9_1e1_0_0,1749130401.01326,finish,1042,1,c6id.metal
ip-172-31-13-90,1749128213,spark,4.0.0,,groupby,G1_1e9_2e0_0_0,1749130416.02833,start,,,c6id.metal
ip-172-31-13-90,1749128213,spark,4.0.0,,groupby,G1_1e9_2e0_0_0,1749130961.63377,finish,607,1,c6id.metal
ip-172-31-13-90,1749128213,spark,4.0.0,,groupby,G1_1e9_1e2_0_1,1749130976.64897,start,,,c6id.metal
ip-172-31-13-90,1749128213,spark,4.0.0,,groupby,G1_1e9_1e2_0_1,1749132709.19432,finish,6,15,c6id.metal
ip-172-31-13-90,1749195712,datafusion,47.0.0,,groupby,G1_1e9_1e2_0_0,1749195712.92602,start,,,c6id.metal
ip-172-31-13-90,1749195712,datafusion,47.0.0,,groupby,G1_1e9_1e2_0_0,1749195834.36389,finish,0,15,c6id.metal
ip-172-31-13-90,1749197970,clickhouse,25.5.2.47,,groupby,G1_1e9_1e2_0_0,1749197988.83754,start,,,c6id.metal
ip-172-31-13-90,1749197970,clickhouse,25.5.2.47,,groupby,G1_1e9_1e2_0_0,1749198930.66314,finish,8,0,c6id.metal
ip-172-31-13-90,1749197970,clickhouse,25.5.2.47,,groupby,G1_1e9_1e1_0_0,1749198945.6784,start,,,c6id.metal
ip-172-31-13-90,1749197970,clickhouse,25.5.2.47,,groupby,G1_1e9_1e1_0_0,1749199911.83119,finish,8,0,c6id.metal
ip-172-31-13-90,1749197970,clickhouse,25.5.2.47,,groupby,G1_1e9_2e0_0_0,1749199926.84647,start,,,c6id.metal
ip-172-31-13-90,1749197970,clickhouse,25.5.2.47,,groupby,G1_1e9_2e0_0_0,1749200855.709,finish,8,2,c6id.metal
ip-172-31-13-90,1749209482,clickhouse,25.5.2.47,,groupby,G1_1e9_1e2_0_0,1749209483.18082,start,,,c6id.metal
ip-172-31-13-90,1749209482,clickhouse,25.5.2.47,,groupby,G1_1e9_1e2_0_0,1749210425.75291,finish,8,0,c6id.metal
ip-172-31-13-90,1749209482,clickhouse,25.5.2.47,,groupby,G1_1e9_1e1_0_0,1749210440.76814,start,,,c6id.metal
ip-172-31-13-90,1749209482,clickhouse,25.5.2.47,,groupby,G1_1e9_1e1_0_0,1749210521.96202,finish,2,2,c6id.metal
ip-172-31-13-90,1749210631,clickhouse,25.5.2.47,,groupby,G1_1e9_1e2_0_0,1749210649.9429,start,,,c6id.metal
ip-172-31-13-90,1749210631,clickhouse,25.5.2.47,,groupby,G1_1e9_1e2_0_0,1749210650.54483,finish,2,1,c6id.metal
ip-172-31-13-90,1749210868,clickhouse,25.5.2.47,,groupby,G1_1e9_1e2_0_0,1749210888.06095,start,,,c6id.metal
ip-172-31-13-90,1749210868,clickhouse,25.5.2.47,,groupby,G1_1e9_1e2_0_0,1749211896.08663,finish,0,0,c6id.metal
ip-172-31-13-90,1749210868,clickhouse,25.5.2.47,,groupby,G1_1e9_1e1_0_0,1749211911.10189,start,,,c6id.metal
ip-172-31-13-90,1749210868,clickhouse,25.5.2.47,,groupby,G1_1e9_1e1_0_0,1749212954.61631,finish,0,0,c6id.metal
ip-172-31-13-90,1749210868,clickhouse,25.5.2.47,,groupby,G1_1e9_2e0_0_0,1749212969.63158,start,,,c6id.metal
ip-172-31-13-90,1749210868,clickhouse,25.5.2.47,,groupby,G1_1e9_2e0_0_0,1749214017.21445,finish,0,0,c6id.metal
ip-172-31-13-90,1749210868,clickhouse,25.5.2.47,,groupby,G1_1e9_1e2_0_1,1749214032.22955,start,,,c6id.metal
ip-172-31-13-90,1749210868,clickhouse,25.5.2.47,,groupby,G1_1e9_1e2_0_1,1749215043.99024,finish,0,0,c6id.metal
ip-172-31-13-90,1749210868,clickhouse,25.5.2.47,,groupby,G1_1e9_1e2_5_0,1749215059.00559,start,,,c6id.metal
ip-172-31-13-90,1749210868,clickhouse,25.5.2.47,,groupby,G1_1e9_1e2_5_0,1749216127.22712,finish,0,0,c6id.metal
ip-172-31-13-90,1749210868,clickhouse,25.5.2.47,,join,J1_1e9_NA_0_0,1749216142.24234,start,,,c6id.metal
ip-172-31-13-90,1749210868,clickhouse,25.5.2.47,,join,J1_1e9_NA_0_0,1749217488.66857,finish,0,0,c6id.metal
ip-172-31-13-90,1749220225,clickhouse,25.5.2.47,,groupby,G1_1e7_1e2_0_0,1749220225.57073,start,,,c6id.metal
ip-172-31-13-90,1749220225,clickhouse,25.5.2.47,,groupby,G1_1e7_1e2_0_0,1749220375.63641,finish,0,0,c6id.metal
ip-172-31-13-90,1749220225,clickhouse,25.5.2.47,,groupby,G1_1e7_1e1_0_0,1749220390.65168,start,,,c6id.metal
ip-172-31-13-90,1749220225,clickhouse,25.5.2.47,,groupby,G1_1e7_1e1_0_0,1749220538.63255,finish,0,0,c6id.metal
ip-172-31-13-90,1749220225,clickhouse,25.5.2.47,,groupby,G1_1e7_2e0_0_0,1749220553.64776,start,,,c6id.metal
ip-172-31-13-90,1749220225,clickhouse,25.5.2.47,,groupby,G1_1e7_2e0_0_0,1749220703.02588,finish,0,0,c6id.metal
ip-172-31-13-90,1749220225,clickhouse,25.5.2.47,,groupby,G1_1e7_1e2_0_1,1749220718.04111,start,,,c6id.metal
ip-172-31-13-90,1749220225,clickhouse,25.5.2.47,,groupby,G1_1e7_1e2_0_1,1749220867.0633,finish,0,0,c6id.metal
ip-172-31-13-90,1749220225,clickhouse,25.5.2.47,,groupby,G1_1e7_1e2_5_0,1749220882.07855,start,,,c6id.metal
ip-172-31-13-90,1749220225,clickhouse,25.5.2.47,,groupby,G1_1e7_1e2_5_0,1749221031.37515,finish,0,0,c6id.metal
ip-172-31-13-90,1749220225,clickhouse,25.5.2.47,,groupby,G1_1e8_1e2_0_0,1749221046.39041,start,,,c6id.metal
ip-172-31-13-90,1749220225,clickhouse,25.5.2.47,,groupby,G1_1e8_1e2_0_0,1749221214.70602,finish,0,0,c6id.metal
ip-172-31-13-90,1749220225,clickhouse,25.5.2.47,,groupby,G1_1e8_1e1_0_0,1749221229.72109,start,,,c6id.metal
ip-172-31-13-90,1749220225,clickhouse,25.5.2.47,,groupby,G1_1e8_1e1_0_0,1749221399.07143,finish,0,0,c6id.metal
ip-172-31-13-90,1749220225,clickhouse,25.5.2.47,,groupby,G1_1e8_2e0_0_0,1749221414.08665,start,,,c6id.metal
ip-172-31-13-90,1749220225,clickhouse,25.5.2.47,,groupby,G1_1e8_2e0_0_0,1749221585.47313,finish,0,0,c6id.metal
ip-172-31-13-90,1749220225,clickhouse,25.5.2.47,,groupby,G1_1e8_1e2_0_1,1749221600.48842,start,,,c6id.metal
ip-172-31-13-90,1749220225,clickhouse,25.5.2.47,,groupby,G1_1e8_1e2_0_1,1749221770.54775,finish,0,0,c6id.metal
ip-172-31-13-90,1749220225,clickhouse,25.5.2.47,,groupby,G1_1e8_1e2_5_0,1749221785.56303,start,,,c6id.metal
ip-172-31-13-90,1749220225,clickhouse,25.5.2.47,,groupby,G1_1e8_1e2_5_0,1749221957.92422,finish,0,0,c6id.metal
ip-172-31-13-90,1749220225,clickhouse,25.5.2.47,,join,J1_1e7_NA_0_0,1749221972.93951,start,,,c6id.metal
ip-172-31-13-90,1749220225,clickhouse,25.5.2.47,,join,J1_1e7_NA_0_0,1749222123.13453,finish,0,0,c6id.metal
ip-172-31-13-90,1749220225,clickhouse,25.5.2.47,,join,J1_1e7_NA_5_0,1749222138.14977,start,,,c6id.metal
ip-172-31-13-90,1749220225,clickhouse,25.5.2.47,,join,J1_1e7_NA_5_0,1749222288.38452,finish,0,0,c6id.metal
ip-172-31-13-90,1749220225,clickhouse,25.5.2.47,,join,J1_1e7_NA_0_1,1749222303.39978,start,,,c6id.metal
ip-172-31-13-90,1749220225,clickhouse,25.5.2.47,,join,J1_1e7_NA_0_1,1749222453.66143,finish,0,0,c6id.metal
ip-172-31-13-90,1749220225,clickhouse,25.5.2.47,,join,J1_1e8_NA_0_0,1749222468.67668,start,,,c6id.metal
ip-172-31-13-90,1749220225,clickhouse,25.5.2.47,,join,J1_1e8_NA_0_0,1749222665.22762,finish,0,0,c6id.metal
ip-172-31-13-90,1749220225,clickhouse,25.5.2.47,,join,J1_1e8_NA_5_0,1749222680.24287,start,,,c6id.metal
ip-172-31-13-90,1749220225,clickhouse,25.5.2.47,,join,J1_1e8_NA_5_0,1749222874.76257,finish,0,0,c6id.metal
ip-172-31-13-90,1749220225,clickhouse,25.5.2.47,,join,J1_1e8_NA_0_1,1749222889.7778,start,,,c6id.metal
ip-172-31-13-90,1749220225,clickhouse,25.5.2.47,,join,J1_1e8_NA_0_1,1749223092.1426,finish,0,0,c6id.metal
ip-172-31-18-198,1750156992,collapse,2.1.2,,groupby,G1_1e9_1e2_0_0,1750156992.84211,start,,,c6id.metal
ip-172-31-18-198,1750156992,collapse,2.1.2,,groupby,G1_1e9_1e2_0_0,1750158989.27113,finish,0,0,c6id.metal
ip-172-31-18-198,1750156992,collapse,2.1.2,,groupby,G1_1e9_1e1_0_0,1750159004.28641,start,,,c6id.metal
ip-172-31-18-198,1750156992,collapse,2.1.2,,groupby,G1_1e9_1e1_0_0,1750162520.98944,finish,0,0,c6id.metal
ip-172-31-18-198,1750156992,collapse,2.1.2,,groupby,G1_1e9_2e0_0_0,1750162536.00454,start,,,c6id.metal
ip-172-31-18-198,1750156992,collapse,2.1.2,,groupby,G1_1e9_2e0_0_0,1750166156.00842,finish,1,0,c6id.metal
ip-172-31-18-198,1750156992,collapse,2.1.2,,groupby,G1_1e9_1e2_0_1,1750166171.02366,start,,,c6id.metal
ip-172-31-18-198,1750156992,collapse,2.1.2,,groupby,G1_1e9_1e2_0_1,1750167875.60897,finish,0,0,c6id.metal
ip-172-31-18-198,1750156992,collapse,2.1.2,,groupby,G1_1e9_1e2_5_0,1750167890.62417,start,,,c6id.metal
ip-172-31-18-198,1750156992,collapse,2.1.2,,groupby,G1_1e9_1e2_5_0,1750169917.62336,finish,0,0,c6id.metal
ip-172-31-18-198,1750156992,collapse,2.1.2,,join,J1_1e9_NA_0_0,1750169932.63864,start,,,c6id.metal
ip-172-31-18-198,1750156992,collapse,2.1.2,,join,J1_1e9_NA_0_0,1750173552.64605,finish,1,0,c6id.metal
ip-172-31-18-198,1750231977,collapse,2.1.2,,groupby,G1_1e9_1e2_0_0,1750231978.34325,start,,,c6id.metal
ip-172-31-18-198,1750231977,collapse,2.1.2,,groupby,G1_1e9_1e2_0_0,1750233997.45468,finish,0,0,c6id.metal
ip-172-31-18-198,1750231977,collapse,2.1.2,,groupby,G1_1e9_1e1_0_0,1750234012.46991,start,,,c6id.metal
ip-172-31-18-198,1750231977,collapse,2.1.2,,groupby,G1_1e9_1e1_0_0,1750237592.03502,finish,0,0,c6id.metal
ip-172-31-18-198,1750231977,collapse,2.1.2,,groupby,G1_1e9_2e0_0_0,1750237607.05025,start,,,c6id.metal
ip-172-31-18-198,1750231977,collapse,2.1.2,,groupby,G1_1e9_2e0_0_0,1750241227.05448,finish,1,0,c6id.metal
ip-172-31-18-198,1750231977,collapse,2.1.2,,groupby,G1_1e9_1e2_0_1,1750241242.06956,start,,,c6id.metal
ip-172-31-18-198,1750231977,collapse,2.1.2,,groupby,G1_1e9_1e2_0_1,1750242888.26444,finish,0,0,c6id.metal
ip-172-31-18-198,1750231977,collapse,2.1.2,,groupby,G1_1e9_1e2_5_0,1750242903.27967,start,,,c6id.metal
ip-172-31-18-198,1750231977,collapse,2.1.2,,groupby,G1_1e9_1e2_5_0,1750244901.4887,finish,0,0,c6id.metal
ip-172-31-18-198,1750231977,collapse,2.1.2,,join,J1_1e9_NA_0_0,1750244916.50385,start,,,c6id.metal
ip-172-31-18-198,1750231977,collapse,2.1.2,,join,J1_1e9_NA_0_0,1750248536.50788,finish,1,0,c6id.metal
ip-172-31-18-189,1749811425,duckdb,1.3.0,71c5c07cdd,groupby,G1_1e7_1e2_0_0,1749811426.04563,start,,,c6id.4xlarge
ip-172-31-18-189,1749811425,duckdb,1.3.0,71c5c07cdd,groupby,G1_1e7_1e2_0_0,1749811432.05541,finish,0,0,c6id.4xlarge
ip-172-31-18-189,1749811425,duckdb,1.3.0,71c5c07cdd,groupby,G1_1e7_1e1_0_0,1749811447.07054,start,,,c6id.4xlarge
ip-172-31-18-189,1749811425,duckdb,1.3.0,71c5c07cdd,groupby,G1_1e7_1e1_0_0,1749811453.3062,finish,0,0,c6id.4xlarge
ip-172-31-18-189,1749811425,duckdb,1.3.0,71c5c07cdd,groupby,G1_1e7_2e0_0_0,1749811468.32134,start,,,c6id.4xlarge
ip-172-31-18-189,1749811425,duckdb,1.3.0,71c5c07cdd,groupby,G1_1e7_2e0_0_0,1749811474.4427,finish,0,0,c6id.4xlarge
ip-172-31-18-189,1749811425,duckdb,1.3.0,71c5c07cdd,groupby,G1_1e7_1e2_0_1,1749811489.45778,start,,,c6id.4xlarge
ip-172-31-18-189,1749811425,duckdb,1.3.0,71c5c07cdd,groupby,G1_1e7_1e2_0_1,1749811495.27434,finish,0,0,c6id.4xlarge
ip-172-31-18-189,1749811425,duckdb,1.3.0,71c5c07cdd,groupby,G1_1e7_1e2_5_0,1749811510.28944,start,,,c6id.4xlarge
ip-172-31-18-189,1749811425,duckdb,1.3.0,71c5c07cdd,groupby,G1_1e7_1e2_5_0,1749811516.41,finish,0,0,c6id.4xlarge
ip-172-31-18-189,1749811425,duckdb,1.3.0,71c5c07cdd,join,J1_1e7_NA_0_0,1749811531.42513,start,,,c6id.4xlarge
ip-172-31-18-189,1749811425,duckdb,1.3.0,71c5c07cdd,join,J1_1e7_NA_0_0,1749811538.76299,finish,0,0,c6id.4xlarge
ip-172-31-18-189,1749811425,duckdb,1.3.0,71c5c07cdd,join,J1_1e7_NA_5_0,1749811553.77809,start,,,c6id.4xlarge
ip-172-31-18-189,1749811425,duckdb,1.3.0,71c5c07cdd,join,J1_1e7_NA_5_0,1749811561.33941,finish,0,0,c6id.4xlarge
ip-172-31-18-189,1749811425,duckdb,1.3.0,71c5c07cdd,join,J1_1e7_NA_0_1,1749811576.3545,start,,,c6id.4xlarge
ip-172-31-18-189,1749811425,duckdb,1.3.0,71c5c07cdd,join,J1_1e7_NA_0_1,1749811583.32545,finish,0,0,c6id.4xlarge
ip-172-31-18-189,1749812500,duckdb,1.3.0,71c5c07cdd,groupby,G1_1e8_1e2_0_0,1749812501.00749,start,,,c6id.4xlarge
ip-172-31-18-189,1749812500,duckdb,1.3.0,71c5c07cdd,groupby,G1_1e8_1e2_0_0,1749812540.68849,finish,0,0,c6id.4xlarge
ip-172-31-18-189,1749812500,duckdb,1.3.0,71c5c07cdd,groupby,G1_1e8_1e1_0_0,1749812555.70361,start,,,c6id.4xlarge
ip-172-31-18-189,1749812500,duckdb,1.3.0,71c5c07cdd,groupby,G1_1e8_1e1_0_0,1749812597.71018,finish,0,0,c6id.4xlarge
ip-172-31-18-189,1749812500,duckdb,1.3.0,71c5c07cdd,groupby,G1_1e8_2e0_0_0,1749812612.72529,start,,,c6id.4xlarge
ip-172-31-18-189,1749812500,duckdb,1.3.0,71c5c07cdd,groupby,G1_1e8_2e0_0_0,1749812656.48129,finish,0,0,c6id.4xlarge
ip-172-31-18-189,1749812500,duckdb,1.3.0,71c5c07cdd,groupby,G1_1e8_1e2_0_1,1749812671.49638,start,,,c6id.4xlarge
ip-172-31-18-189,1749812500,duckdb,1.3.0,71c5c07cdd,groupby,G1_1e8_1e2_0_1,1749812709.66075,finish,0,0,c6id.4xlarge
ip-172-31-18-189,1749812500,duckdb,1.3.0,71c5c07cdd,groupby,G1_1e8_1e2_5_0,1749812724.67436,start,,,c6id.4xlarge
ip-172-31-18-189,1749812500,duckdb,1.3.0,71c5c07cdd,groupby,G1_1e8_1e2_5_0,1749812765.58378,finish,0,0,c6id.4xlarge
ip-172-31-18-189,1749812500,duckdb,1.3.0,71c5c07cdd,join,J1_1e8_NA_0_0,1749812780.59888,start,,,c6id.4xlarge
ip-172-31-18-189,1749812500,duckdb,1.3.0,71c5c07cdd,join,J1_1e8_NA_0_0,1749812875.63495,finish,0,0,c6id.4xlarge
ip-172-31-18-189,1749812500,duckdb,1.3.0,71c5c07cdd,join,J1_1e8_NA_5_0,1749812890.65009,start,,,c6id.4xlarge
ip-172-31-18-189,1749812500,duckdb,1.3.0,71c5c07cdd,join,J1_1e8_NA_5_0,1749812989.35199,finish,0,0,c6id.4xlarge
ip-172-31-18-189,1749812500,duckdb,1.3.0,71c5c07cdd,join,J1_1e8_NA_0_1,1749813004.36708,start,,,c6id.4xlarge
ip-172-31-18-189,1749812500,duckdb,1.3.0,71c5c07cdd,join,J1_1e8_NA_0_1,1749813089.68529,finish,0,0,c6id.4xlarge
ip-172-31-18-189,1750015554,duckdb,1.3.0,71c5c07cdd,groupby,G1_1e9_1e2_0_0,1750015556.99107,start,,,c6id.4xlarge
ip-172-31-18-189,1750015554,duckdb,1.3.0,71c5c07cdd,groupby,G1_1e9_1e2_0_0,1750016523.11634,finish,0,0,c6id.4xlarge
ip-172-31-18-189,1750015554,duckdb,1.3.0,71c5c07cdd,groupby,G1_1e9_1e1_0_0,1750016538.13146,start,,,c6id.4xlarge
ip-172-31-18-189,1750015554,duckdb,1.3.0,71c5c07cdd,groupby,G1_1e9_1e1_0_0,1750017547.2329,finish,0,0,c6id.4xlarge
ip-172-31-18-189,1750015554,duckdb,1.3.0,71c5c07cdd,groupby,G1_1e9_2e0_0_0,1750017562.24795,start,,,c6id.4xlarge
ip-172-31-18-189,1750015554,duckdb,1.3.0,71c5c07cdd,groupby,G1_1e9_2e0_0_0,1750018539.22805,finish,0,0,c6id.4xlarge
ip-172-31-18-189,1750015554,duckdb,1.3.0,71c5c07cdd,groupby,G1_1e9_1e2_0_1,1750018554.24312,start,,,c6id.4xlarge
ip-172-31-18-189,1750015554,duckdb,1.3.0,71c5c07cdd,groupby,G1_1e9_1e2_0_1,1750019503.81908,finish,0,0,c6id.4xlarge
ip-172-31-18-189,1750015554,duckdb,1.3.0,71c5c07cdd,groupby,G1_1e9_1e2_5_0,1750019518.83419,start,,,c6id.4xlarge
ip-172-31-18-189,1750015554,duckdb,1.3.0,71c5c07cdd,groupby,G1_1e9_1e2_5_0,1750020507.42778,finish,0,0,c6id.4xlarge
ip-172-31-18-189,1750015554,duckdb,1.3.0,71c5c07cdd,join,J1_1e9_NA_0_0,1750020522.44289,start,,,c6id.4xlarge
ip-172-31-18-189,1750015554,duckdb,1.3.0,71c5c07cdd,join,J1_1e9_NA_0_0,1750021106.72633,finish,3,15,c6id.4xlarge
ip-172-31-18-189,1750050259,duckdb,1.3.0,71c5c07cdd,join,J1_1e9_NA_0_0,1750050260.92512,start,,,c6id.4xlarge
ip-172-31-18-189,1750050259,duckdb,1.3.0,71c5c07cdd,join,J1_1e9_NA_0_0,1750051092.02224,finish,3,15,c6id.4xlarge
ip-172-31-18-189,1750056420,duckdb,1.3.0,71c5c07cdd,join,J1_1e9_NA_0_0,1750056421.84793,start,,,c6id.4xlarge
ip-172-31-18-189,1750056420,duckdb,1.3.0,71c5c07cdd,join,J1_1e9_NA_0_0,1750057964.11818,finish,0,0,c6id.4xlarge
ip-172-31-18-189,1750059787,clickhouse,25.5.2.47,,join,J1_1e7_NA_0_0,1750059805.82572,start,,,c6id.4xlarge
ip-172-31-18-189,1750059787,clickhouse,25.5.2.47,,join,J1_1e7_NA_0_0,1750059956.36325,finish,0,0,c6id.4xlarge
ip-172-31-18-189,1750059787,clickhouse,25.5.2.47,,join,J1_1e7_NA_5_0,1750059971.37834,start,,,c6id.4xlarge
ip-172-31-18-189,1750059787,clickhouse,25.5.2.47,,join,J1_1e7_NA_5_0,1750060122.04728,finish,0,0,c6id.4xlarge
ip-172-31-18-189,1750059787,clickhouse,25.5.2.47,,join,J1_1e7_NA_0_1,1750060137.06237,start,,,c6id.4xlarge
ip-172-31-18-189,1750059787,clickhouse,25.5.2.47,,join,J1_1e7_NA_0_1,1750060287.79167,finish,0,0,c6id.4xlarge
ip-172-31-18-189,1750059787,clickhouse,25.5.2.47,,join,J1_1e8_NA_0_0,1750060302.80677,start,,,c6id.4xlarge
ip-172-31-18-189,1750059787,clickhouse,25.5.2.47,,join,J1_1e8_NA_0_0,1750060608.49565,finish,0,0,c6id.4xlarge
ip-172-31-18-189,1750059787,clickhouse,25.5.2.47,,join,J1_1e8_NA_5_0,1750060623.51074,start,,,c6id.4xlarge
ip-172-31-18-189,1750059787,clickhouse,25.5.2.47,,join,J1_1e8_NA_5_0,1750060642.91668,finish,3,243,c6id.4xlarge
ip-172-31-18-189,1750059787,clickhouse,25.5.2.47,,join,J1_1e8_NA_0_1,1750060657.92336,start,,,c6id.4xlarge
ip-172-31-18-189,1750059787,clickhouse,25.5.2.47,,join,J1_1e8_NA_0_1,1750060659.86543,finish,3,243,c6id.4xlarge
ip-172-31-18-189,1750064673,clickhouse,25.5.2.47,,join,J1_1e8_NA_0_0,1750064690.32011,start,,,c6id.4xlarge
ip-172-31-18-189,1750064673,clickhouse,25.5.2.47,,join,J1_1e8_NA_0_0,1750064994.07719,finish,0,0,c6id.4xlarge
ip-172-31-18-189,1750064673,clickhouse,25.5.2.47,,join,J1_1e8_NA_5_0,1750065009.09231,start,,,c6id.4xlarge
ip-172-31-18-189,1750064673,clickhouse,25.5.2.47,,join,J1_1e8_NA_5_0,1750065024.29213,finish,3,243,c6id.4xlarge
ip-172-31-18-189,1750064673,clickhouse,25.5.2.47,,join,J1_1e8_NA_0_1,1750065039.29258,start,,,c6id.4xlarge
ip-172-31-18-189,1750064673,clickhouse,25.5.2.47,,join,J1_1e8_NA_0_1,1750065041.44518,finish,3,243,c6id.4xlarge
ip-172-31-18-189,1750066080,clickhouse,25.5.2.47,,join,J1_1e8_NA_0_0,1750066099.06487,start,,,c6id.4xlarge
ip-172-31-18-189,1750066080,clickhouse,25.5.2.47,,join,J1_1e8_NA_0_0,1750066404.98349,finish,0,0,c6id.4xlarge
ip-172-31-18-189,1750066080,clickhouse,25.5.2.47,,join,J1_1e8_NA_5_0,1750066419.99856,start,,,c6id.4xlarge
ip-172-31-18-189,1750066080,clickhouse,25.5.2.47,,join,J1_1e8_NA_5_0,1750066733.98156,finish,0,0,c6id.4xlarge
ip-172-31-18-189,1750066080,clickhouse,25.5.2.47,,join,J1_1e8_NA_0_1,1750066748.99664,start,,,c6id.4xlarge
ip-172-31-18-189,1750066080,clickhouse,25.5.2.47,,join,J1_1e8_NA_0_1,1750067014.83889,finish,0,0,c6id.4xlarge
ip-172-31-18-189,1750069499,clickhouse,25.5.2.47,,join,J1_1e9_NA_0_0,1750069499.75692,start,,,c6id.4xlarge
ip-172-31-18-189,1750069499,clickhouse,25.5.2.47,,join,J1_1e9_NA_0_0,1750071254.66902,finish,3,0,c6id.4xlarge
ip-172-31-18-189,1750072264,clickhouse,25.5.2.47,,join,J1_1e9_NA_0_0,1750072281.70848,start,,,c6id.4xlarge
ip-172-31-18-189,1750072264,clickhouse,25.5.2.47,,join,J1_1e9_NA_0_0,1750074965.60573,finish,3,0,c6id.4xlarge
ip-172-31-18-189,1750076826,clickhouse,25.5.2.47,,groupby,G1_1e9_1e2_0_0,1750076844.77479,start,,,c6id.4xlarge
ip-172-31-18-189,1750076826,clickhouse,25.5.2.47,,groupby,G1_1e9_1e2_0_0,1750078457.0213,finish,0,0,c6id.4xlarge
ip-172-31-18-189,1750076826,clickhouse,25.5.2.47,,groupby,G1_1e9_1e1_0_0,1750078472.03639,start,,,c6id.4xlarge
ip-172-31-18-189,1750076826,clickhouse,25.5.2.47,,groupby,G1_1e9_1e1_0_0,1750080398.13951,finish,0,0,c6id.4xlarge
ip-172-31-18-189,1750076826,clickhouse,25.5.2.47,,groupby,G1_1e9_2e0_0_0,1750080413.15458,start,,,c6id.4xlarge
ip-172-31-18-189,1750076826,clickhouse,25.5.2.47,,groupby,G1_1e9_2e0_0_0,1750082466.62387,finish,0,0,c6id.4xlarge
ip-172-31-18-189,1750076826,clickhouse,25.5.2.47,,groupby,G1_1e9_1e2_0_1,1750082481.63895,start,,,c6id.4xlarge
ip-172-31-18-189,1750076826,clickhouse,25.5.2.47,,groupby,G1_1e9_1e2_0_1,1750084068.81164,finish,0,0,c6id.4xlarge
ip-172-31-18-189,1750076826,clickhouse,25.5.2.47,,groupby,G1_1e9_1e2_5_0,1750084083.82672,start,,,c6id.4xlarge
ip-172-31-18-189,1750076826,clickhouse,25.5.2.47,,groupby,G1_1e9_1e2_5_0,1750085818.95085,finish,0,0,c6id.4xlarge
ip-172-31-18-189,1750086325,clickhouse,25.5.2.47,,groupby,G1_1e7_1e2_0_0,1750086326.33261,start,,,c6id.4xlarge
ip-172-31-18-189,1750086325,clickhouse,25.5.2.47,,groupby,G1_1e7_1e2_0_0,1750086476.36786,finish,0,0,c6id.4xlarge
ip-172-31-18-189,1750086325,clickhouse,25.5.2.47,,groupby,G1_1e7_1e1_0_0,1750086491.38295,start,,,c6id.4xlarge
ip-172-31-18-189,1750086325,clickhouse,25.5.2.47,,groupby,G1_1e7_1e1_0_0,1750086640.37469,finish,0,0,c6id.4xlarge
ip-172-31-18-189,1750086325,clickhouse,25.5.2.47,,groupby,G1_1e7_2e0_0_0,1750086655.38976,start,,,c6id.4xlarge
ip-172-31-18-189,1750086325,clickhouse,25.5.2.47,,groupby,G1_1e7_2e0_0_0,1750086805.38754,finish,0,0,c6id.4xlarge
ip-172-31-18-189,1750086325,clickhouse,25.5.2.47,,groupby,G1_1e7_1e2_0_1,1750086820.40264,start,,,c6id.4xlarge
ip-172-31-18-189,1750086325,clickhouse,25.5.2.47,,groupby,G1_1e7_1e2_0_1,1750086969.37423,finish,0,0,c6id.4xlarge
ip-172-31-18-189,1750086325,clickhouse,25.5.2.47,,groupby,G1_1e7_1e2_5_0,1750086984.38935,start,,,c6id.4xlarge
ip-172-31-18-189,1750086325,clickhouse,25.5.2.47,,groupby,G1_1e7_1e2_5_0,1750087136.3598,finish,0,0,c6id.4xlarge
ip-172-31-18-189,1750086325,clickhouse,25.5.2.47,,groupby,G1_1e8_1e2_0_0,1750087151.37489,start,,,c6id.4xlarge
ip-172-31-18-189,1750086325,clickhouse,25.5.2.47,,groupby,G1_1e8_1e2_0_0,1750087361.53932,finish,0,0,c6id.4xlarge
ip-172-31-18-189,1750086325,clickhouse,25.5.2.47,,groupby,G1_1e8_1e1_0_0,1750087376.55442,start,,,c6id.4xlarge
ip-172-31-18-189,1750086325,clickhouse,25.5.2.47,,groupby,G1_1e8_1e1_0_0,1750087594.65354,finish,0,0,c6id.4xlarge
ip-172-31-18-189,1750086325,clickhouse,25.5.2.47,,groupby,G1_1e8_2e0_0_0,1750087609.66865,start,,,c6id.4xlarge
ip-172-31-18-189,1750086325,clickhouse,25.5.2.47,,groupby,G1_1e8_2e0_0_0,1750087837.65747,finish,0,0,c6id.4xlarge
ip-172-31-18-189,1750086325,clickhouse,25.5.2.47,,groupby,G1_1e8_1e2_0_1,1750087852.67258,start,,,c6id.4xlarge
ip-172-31-18-189,1750086325,clickhouse,25.5.2.47,,groupby,G1_1e8_1e2_0_1,1750088065.71556,finish,0,0,c6id.4xlarge
ip-172-31-18-189,1750086325,clickhouse,25.5.2.47,,groupby,G1_1e8_1e2_5_0,1750088080.73066,start,,,c6id.4xlarge
ip-172-31-18-189,1750086325,clickhouse,25.5.2.47,,groupby,G1_1e8_1e2_5_0,1750088302.90847,finish,0,0,c6id.4xlarge
ip-172-31-18-189,1759323859,duckdb,1.4.0,b8a06e4a22,groupby,G1_1e7_1e2_0_0,1759323861.0071,start,,,c6id.4xlarge
ip-172-31-18-189,1759323859,duckdb,1.4.0,b8a06e4a22,groupby,G1_1e7_1e2_0_0,1759323866.78212,finish,40,1,c6id.4xlarge
ip-172-31-18-189,1759323859,duckdb,1.4.0,b8a06e4a22,groupby,G1_1e7_1e1_0_0,1759323881.79726,start,,,c6id.4xlarge
ip-172-31-18-189,1759323859,duckdb,1.4.0,b8a06e4a22,groupby,G1_1e7_1e1_0_0,1759323888.06609,finish,40,1,c6id.4xlarge
ip-172-31-18-189,1759323859,duckdb,1.4.0,b8a06e4a22,groupby,G1_1e7_2e0_0_0,1759323903.08121,start,,,c6id.4xlarge
ip-172-31-18-189,1759323859,duckdb,1.4.0,b8a06e4a22,groupby,G1_1e7_2e0_0_0,1759323909.40253,finish,40,1,c6id.4xlarge
ip-172-31-18-189,1759323859,duckdb,1.4.0,b8a06e4a22,groupby,G1_1e7_1e2_0_1,1759323924.41765,start,,,c6id.4xlarge
ip-172-31-18-189,1759323859,duckdb,1.4.0,b8a06e4a22,groupby,G1_1e7_1e2_0_1,1759323929.9499,finish,40,1,c6id.4xlarge
ip-172-31-18-189,1759323859,duckdb,1.4.0,b8a06e4a22,groupby,G1_1e7_1e2_5_0,1759323944.96503,start,,,c6id.4xlarge
ip-172-31-18-189,1759323859,duckdb,1.4.0,b8a06e4a22,groupby,G1_1e7_1e2_5_0,1759323950.66606,finish,40,1,c6id.4xlarge
ip-172-31-18-189,1759323859,duckdb,1.4.0,b8a06e4a22,join,J1_1e7_NA_0_0,1759323965.6812,start,,,c6id.4xlarge
ip-172-31-18-189,1759323859,duckdb,1.4.0,b8a06e4a22,join,J1_1e7_NA_0_0,1759323975.2699,finish,0,0,c6id.4xlarge
ip-172-31-18-189,1759323859,duckdb,1.4.0,b8a06e4a22,join,J1_1e7_NA_5_0,1759323990.28499,start,,,c6id.4xlarge
ip-172-31-18-189,1759323859,duckdb,1.4.0,b8a06e4a22,join,J1_1e7_NA_5_0,1759324000.16337,finish,0,0,c6id.4xlarge
ip-172-31-18-189,1759323859,duckdb,1.4.0,b8a06e4a22,join,J1_1e7_NA_0_1,1759324015.17851,start,,,c6id.4xlarge
ip-172-31-18-189,1759323859,duckdb,1.4.0,b8a06e4a22,join,J1_1e7_NA_0_1,1759324024.31256,finish,0,0,c6id.4xlarge
ip-172-31-18-189,1759323859,polars,1.33.1,,groupby,G1_1e7_1e2_0_0,1759324039.32768,start,,,c6id.4xlarge
ip-172-31-18-189,1759323859,polars,1.33.1,,groupby,G1_1e7_1e2_0_0,1759324044.69934,finish,0,0,c6id.4xlarge
ip-172-31-18-189,1759323859,polars,1.33.1,,groupby,G1_1e7_1e1_0_0,1759324059.71447,start,,,c6id.4xlarge
ip-172-31-18-189,1759323859,polars,1.33.1,,groupby,G1_1e7_1e1_0_0,1759324069.34475,finish,0,0,c6id.4xlarge
ip-172-31-18-189,1759323859,polars,1.33.1,,groupby,G1_1e7_2e0_0_0,1759324084.35988,start,,,c6id.4xlarge
ip-172-31-18-189,1759323859,polars,1.33.1,,groupby,G1_1e7_2e0_0_0,1759324104.19953,finish,0,0,c6id.4xlarge
ip-172-31-18-189,1759323859,polars,1.33.1,,groupby,G1_1e7_1e2_0_1,1759324119.21466,start,,,c6id.4xlarge
ip-172-31-18-189,1759323859,polars,1.33.1,,groupby,G1_1e7_1e2_0_1,1759324124.30985,finish,0,0,c6id.4xlarge
ip-172-31-18-189,1759323859,polars,1.33.1,,groupby,G1_1e7_1e2_5_0,1759324139.32499,start,,,c6id.4xlarge
ip-172-31-18-189,1759323859,polars,1.33.1,,groupby,G1_1e7_1e2_5_0,1759324145.73184,finish,0,0,c6id.4xlarge
ip-172-31-18-189,1759323859,polars,1.33.1,,join,J1_1e7_NA_0_0,1759324160.74698,start,,,c6id.4xlarge
ip-172-31-18-189,1759323859,polars,1.33.1,,join,J1_1e7_NA_0_0,1759324174.2534,finish,0,0,c6id.4xlarge
ip-172-31-18-189,1759323859,polars,1.33.1,,join,J1_1e7_NA_5_0,1759324189.26855,start,,,c6id.4xlarge
ip-172-31-18-189,1759323859,polars,1.33.1,,join,J1_1e7_NA_5_0,1759324203.64687,finish,0,0,c6id.4xlarge
ip-172-31-18-189,1759323859,polars,1.33.1,,join,J1_1e7_NA_0_1,1759324218.66201,start,,,c6id.4xlarge
ip-172-31-18-189,1759323859,polars,1.33.1,,join,J1_1e7_NA_0_1,1759324231.72982,finish,0,0,c6id.4xlarge
ip-172-31-18-189,1759323859,collapse,2.1.3,,groupby,G1_1e7_1e2_0_0,1759324246.74496,start,,,c6id.4xlarge
ip-172-31-18-189,1759323859,collapse,2.1.3,,groupby,G1_1e7_1e2_0_0,1759324257.16699,finish,0,0,c6id.4xlarge
ip-172-31-18-189,1759323859,collapse,2.1.3,,groupby,G1_1e7_1e1_0_0,1759324272.18211,start,,,c6id.4xlarge
ip-172-31-18-189,1759323859,collapse,2.1.3,,groupby,G1_1e7_1e1_0_0,1759324291.62925,finish,0,0,c6id.4xlarge
ip-172-31-18-189,1759323859,collapse,2.1.3,,groupby,G1_1e7_2e0_0_0,1759324306.64438,start,,,c6id.4xlarge
ip-172-31-18-189,1759323859,collapse,2.1.3,,groupby,G1_1e7_2e0_0_0,1759324364.03988,finish,0,0,c6id.4xlarge
ip-172-31-18-189,1759323859,collapse,2.1.3,,groupby,G1_1e7_1e2_0_1,1759324379.05497,start,,,c6id.4xlarge
ip-172-31-18-189,1759323859,collapse,2.1.3,,groupby,G1_1e7_1e2_0_1,1759324387.79197,finish,0,0,c6id.4xlarge
ip-172-31-18-189,1759323859,collapse,2.1.3,,groupby,G1_1e7_1e2_5_0,1759324402.8071,start,,,c6id.4xlarge
ip-172-31-18-189,1759323859,collapse,2.1.3,,groupby,G1_1e7_1e2_5_0,1759324413.86409,finish,0,0,c6id.4xlarge
ip-172-31-18-189,1759323859,collapse,2.1.3,,join,J1_1e7_NA_0_0,1759324428.87922,start,,,c6id.4xlarge
ip-172-31-18-189,1759323859,collapse,2.1.3,,join,J1_1e7_NA_0_0,1759324531.20817,finish,0,0,c6id.4xlarge
ip-172-31-18-189,1759323859,collapse,2.1.3,,join,J1_1e7_NA_5_0,1759324546.21287,start,,,c6id.4xlarge
ip-172-31-18-189,1759323859,collapse,2.1.3,,join,J1_1e7_NA_5_0,1759324643.07488,finish,0,0,c6id.4xlarge
ip-172-31-18-189,1759323859,collapse,2.1.3,,join,J1_1e7_NA_0_1,1759324658.08079,start,,,c6id.4xlarge
ip-172-31-18-189,1759323859,collapse,2.1.3,,join,J1_1e7_NA_0_1,1759324751.92494,finish,0,0,c6id.4xlarge
ip-172-31-18-189,1759323859,datafusion,50.0.0,,groupby,G1_1e7_1e2_0_0,1759324766.94007,start,,,c6id.4xlarge
ip-172-31-18-189,1759323859,datafusion,50.0.0,,groupby,G1_1e7_1e2_0_0,1759324770.33905,finish,0,0,c6id.4xlarge
ip-172-31-18-189,1759323859,datafusion,50.0.0,,groupby,G1_1e7_1e1_0_0,1759324785.35419,start,,,c6id.4xlarge
ip-172-31-18-189,1759323859,datafusion,50.0.0,,groupby,G1_1e7_1e1_0_0,1759324790.17488,finish,0,0,c6id.4xlarge
ip-172-31-18-189,1759323859,datafusion,50.0.0,,groupby,G1_1e7_2e0_0_0,1759324805.19002,start,,,c6id.4xlarge
ip-172-31-18-189,1759323859,datafusion,50.0.0,,groupby,G1_1e7_2e0_0_0,1759324814.0628,finish,0,0,c6id.4xlarge
ip-172-31-18-189,1759323859,datafusion,50.0.0,,groupby,G1_1e7_1e2_0_1,1759324829.07794,start,,,c6id.4xlarge
ip-172-31-18-189,1759323859,datafusion,50.0.0,,groupby,G1_1e7_1e2_0_1,1759324832.89934,finish,0,0,c6id.4xlarge
ip-172-31-18-189,1759323859,datafusion,50.0.0,,groupby,G1_1e7_1e2_5_0,1759324847.9145,start,,,c6id.4xlarge
ip-172-31-18-189,1759323859,datafusion,50.0.0,,groupby,G1_1e7_1e2_5_0,1759324851.43376,finish,0,0,c6id.4xlarge
ip-172-31-18-189,1759323859,datafusion,50.0.0,,join,J1_1e7_NA_0_0,1759324866.44885,start,,,c6id.4xlarge
ip-172-31-18-189,1759323859,datafusion,50.0.0,,join,J1_1e7_NA_0_0,1759324869.89059,finish,0,0,c6id.4xlarge
ip-172-31-18-189,1759323859,datafusion,50.0.0,,join,J1_1e7_NA_5_0,1759324884.90572,start,,,c6id.4xlarge
ip-172-31-18-189,1759323859,datafusion,50.0.0,,join,J1_1e7_NA_5_0,1759324888.22979,finish,0,0,c6id.4xlarge
ip-172-31-18-189,1759323859,datafusion,50.0.0,,join,J1_1e7_NA_0_1,1759324903.24491,start,,,c6id.4xlarge
ip-172-31-18-189,1759323859,datafusion,50.0.0,,join,J1_1e7_NA_0_1,1759324906.42616,finish,0,0,c6id.4xlarge
ip-172-31-18-189,1759325024,duckdb,1.4.0,b8a06e4a22,groupby,G1_1e8_1e2_0_0,1759325026.00276,start,,,c6id.4xlarge
ip-172-31-18-189,1759325024,duckdb,1.4.0,b8a06e4a22,groupby,G1_1e8_1e2_0_0,1759325057.29526,finish,40,1,c6id.4xlarge
ip-172-31-18-189,1759325024,duckdb,1.4.0,b8a06e4a22,groupby,G1_1e8_1e1_0_0,1759325072.31039,start,,,c6id.4xlarge
ip-172-31-18-189,1759325024,duckdb,1.4.0,b8a06e4a22,groupby,G1_1e8_1e1_0_0,1759325108.69388,finish,40,1,c6id.4xlarge
ip-172-31-18-189,1759325024,duckdb,1.4.0,b8a06e4a22,groupby,G1_1e8_2e0_0_0,1759325123.70901,start,,,c6id.4xlarge
ip-172-31-18-189,1759325024,duckdb,1.4.0,b8a06e4a22,groupby,G1_1e8_2e0_0_0,1759325162.40036,finish,40,1,c6id.4xlarge
ip-172-31-18-189,1759325024,duckdb,1.4.0,b8a06e4a22,groupby,G1_1e8_1e2_0_1,1759325177.41548,start,,,c6id.4xlarge
ip-172-31-18-189,1759325024,duckdb,1.4.0,b8a06e4a22,groupby,G1_1e8_1e2_0_1,1759325207.39541,finish,40,1,c6id.4xlarge
ip-172-31-18-189,1759325024,duckdb,1.4.0,b8a06e4a22,groupby,G1_1e8_1e2_5_0,1759325222.41055,start,,,c6id.4xlarge
ip-172-31-18-189,1759325024,duckdb,1.4.0,b8a06e4a22,groupby,G1_1e8_1e2_5_0,1759325254.51599,finish,40,1,c6id.4xlarge
ip-172-31-18-189,1759325024,duckdb,1.4.0,b8a06e4a22,join,J1_1e8_NA_0_0,1759325269.53111,start,,,c6id.4xlarge
ip-172-31-18-189,1759325024,duckdb,1.4.0,b8a06e4a22,join,J1_1e8_NA_0_0,1759325373.18271,finish,0,0,c6id.4xlarge
ip-172-31-18-189,1759325024,duckdb,1.4.0,b8a06e4a22,join,J1_1e8_NA_5_0,1759325388.19779,start,,,c6id.4xlarge
ip-172-31-18-189,1759325024,duckdb,1.4.0,b8a06e4a22,join,J1_1e8_NA_5_0,1759325492.95223,finish,0,0,c6id.4xlarge
ip-172-31-18-189,1759325024,duckdb,1.4.0,b8a06e4a22,join,J1_1e8_NA_0_1,1759325507.96733,start,,,c6id.4xlarge
ip-172-31-18-189,1759325024,duckdb,1.4.0,b8a06e4a22,join,J1_1e8_NA_0_1,1759325599.30888,finish,0,0,c6id.4xlarge
ip-172-31-18-189,1759325024,polars,1.33.1,,groupby,G1_1e8_1e2_0_0,1759325614.32399,start,,,c6id.4xlarge
ip-172-31-18-189,1759325024,polars,1.33.1,,groupby,G1_1e8_1e2_0_0,1759325683.22412,finish,0,0,c6id.4xlarge
ip-172-31-18-189,1759325024,polars,1.33.1,,groupby,G1_1e8_1e1_0_0,1759325698.23926,start,,,c6id.4xlarge
ip-172-31-18-189,1759325024,polars,1.33.1,,groupby,G1_1e8_1e1_0_0,1759325817.51314,finish,0,0,c6id.4xlarge
ip-172-31-18-189,1759325024,polars,1.33.1,,groupby,G1_1e8_2e0_0_0,1759325832.52822,start,,,c6id.4xlarge
ip-172-31-18-189,1759325024,polars,1.33.1,,groupby,G1_1e8_2e0_0_0,1759326059.48872,finish,0,0,c6id.4xlarge
ip-172-31-18-189,1759325024,polars,1.33.1,,groupby,G1_1e8_1e2_0_1,1759326074.50386,start,,,c6id.4xlarge
ip-172-31-18-189,1759325024,polars,1.33.1,,groupby,G1_1e8_1e2_0_1,1759326139.97445,finish,0,0,c6id.4xlarge
ip-172-31-18-189,1759325024,polars,1.33.1,,groupby,G1_1e8_1e2_5_0,1759326154.98954,start,,,c6id.4xlarge
ip-172-31-18-189,1759325024,polars,1.33.1,,groupby,G1_1e8_1e2_5_0,1759326243.31154,finish,0,0,c6id.4xlarge
ip-172-31-18-189,1759325024,polars,1.33.1,,join,J1_1e8_NA_0_0,1759326258.32666,start,,,c6id.4xlarge
ip-172-31-18-189,1759325024,polars,1.33.1,,join,J1_1e8_NA_0_0,1759326346.17253,finish,1,137,c6id.4xlarge
ip-172-31-18-189,1759325024,polars,1.33.1,,join,J1_1e8_NA_5_0,1759326361.1876,start,,,c6id.4xlarge
ip-172-31-18-189,1759325024,polars,1.33.1,,join,J1_1e8_NA_5_0,1759326448.86826,finish,1,137,c6id.4xlarge
ip-172-31-18-189,1759325024,polars,1.33.1,,join,J1_1e8_NA_0_1,1759326463.88337,start,,,c6id.4xlarge
ip-172-31-18-189,1759325024,polars,1.33.1,,join,J1_1e8_NA_0_1,1759326548.55246,finish,1,137,c6id.4xlarge
ip-172-31-18-189,1759325024,collapse,2.1.3,,groupby,G1_1e8_1e2_0_0,1759326563.56755,start,,,c6id.4xlarge
ip-172-31-18-189,1759325024,collapse,2.1.3,,groupby,G1_1e8_1e2_0_0,1759326693.0795,finish,0,0,c6id.4xlarge
ip-172-31-18-189,1759325024,collapse,2.1.3,,groupby,G1_1e8_1e1_0_0,1759326708.09464,start,,,c6id.4xlarge
ip-172-31-18-189,1759325024,collapse,2.1.3,,groupby,G1_1e8_1e1_0_0,1759326974.09514,finish,0,0,c6id.4xlarge
ip-172-31-18-189,1759325024,collapse,2.1.3,,groupby,G1_1e8_2e0_0_0,1759326989.11028,start,,,c6id.4xlarge
ip-172-31-18-189,1759325024,collapse,2.1.3,,groupby,G1_1e8_2e0_0_0,1759327642.90776,finish,0,0,c6id.4xlarge
ip-172-31-18-189,1759325024,collapse,2.1.3,,groupby,G1_1e8_1e2_0_1,1759327657.9229,start,,,c6id.4xlarge
ip-172-31-18-189,1759325024,collapse,2.1.3,,groupby,G1_1e8_1e2_0_1,1759327770.37422,finish,0,0,c6id.4xlarge
ip-172-31-18-189,1759325024,collapse,2.1.3,,groupby,G1_1e8_1e2_5_0,1759327785.38934,start,,,c6id.4xlarge
ip-172-31-18-189,1759325024,collapse,2.1.3,,groupby,G1_1e8_1e2_5_0,1759327917.45524,finish,0,0,c6id.4xlarge
ip-172-31-18-189,1759325024,collapse,2.1.3,,join,J1_1e8_NA_0_0,1759327932.45855,start,,,c6id.4xlarge
ip-172-31-18-189,1759325024,collapse,2.1.3,,join,J1_1e8_NA_0_0,1759329111.63398,finish,0,0,c6id.4xlarge
ip-172-31-18-189,1759325024,collapse,2.1.3,,join,J1_1e8_NA_5_0,1759329126.64909,start,,,c6id.4xlarge
ip-172-31-18-189,1759325024,collapse,2.1.3,,join,J1_1e8_NA_5_0,1759330240.91717,finish,0,0,c6id.4xlarge
ip-172-31-18-189,1759325024,collapse,2.1.3,,join,J1_1e8_NA_0_1,1759330255.93227,start,,,c6id.4xlarge
ip-172-31-18-189,1759325024,collapse,2.1.3,,join,J1_1e8_NA_0_1,1759331346.98182,finish,0,0,c6id.4xlarge
ip-172-31-18-189,1759325024,datafusion,50.0.0,,groupby,G1_1e8_1e2_0_0,1759331361.99693,start,,,c6id.4xlarge
ip-172-31-18-189,1759325024,datafusion,50.0.0,,groupby,G1_1e8_1e2_0_0,1759331393.70728,finish,1,137,c6id.4xlarge
ip-172-31-18-189,1759325024,datafusion,50.0.0,,groupby,G1_1e8_1e1_0_0,1759331408.72235,start,,,c6id.4xlarge
ip-172-31-18-189,1759325024,datafusion,50.0.0,,groupby,G1_1e8_1e1_0_0,1759331450.8462,finish,1,137,c6id.4xlarge
ip-172-31-18-189,1759325024,datafusion,50.0.0,,groupby,G1_1e8_2e0_0_0,1759331465.86126,start,,,c6id.4xlarge
ip-172-31-18-189,1759325024,datafusion,50.0.0,,groupby,G1_1e8_2e0_0_0,1759331483.93652,finish,1,137,c6id.4xlarge
ip-172-31-18-189,1759325024,datafusion,50.0.0,,groupby,G1_1e8_1e2_0_1,1759331498.95157,start,,,c6id.4xlarge
ip-172-31-18-189,1759325024,datafusion,50.0.0,,groupby,G1_1e8_1e2_0_1,1759331527.95901,finish,1,137,c6id.4xlarge
ip-172-31-18-189,1759325024,datafusion,50.0.0,,groupby,G1_1e8_1e2_5_0,1759331542.97412,start,,,c6id.4xlarge
ip-172-31-18-189,1759325024,datafusion,50.0.0,,groupby,G1_1e8_1e2_5_0,1759331574.11184,finish,1,137,c6id.4xlarge
ip-172-31-18-189,1760085521,duckdb,1.4.0,b8a06e4a22,groupby,G1_1e7_1e2_0_0,1760085539.78098,start,,,c6id.4xlarge
ip-172-31-18-189,1760085521,duckdb,1.4.0,b8a06e4a22,groupby,G1_1e7_1e2_0_0,1760085546.52253,finish,0,0,c6id.4xlarge
ip-172-31-18-189,1760085521,duckdb,1.4.0,b8a06e4a22,groupby,G1_1e7_1e1_0_0,1760085561.53763,start,,,c6id.4xlarge
ip-172-31-18-189,1760085521,duckdb,1.4.0,b8a06e4a22,groupby,G1_1e7_1e1_0_0,1760085568.90422,finish,0,0,c6id.4xlarge
ip-172-31-18-189,1760085521,duckdb,1.4.0,b8a06e4a22,groupby,G1_1e7_2e0_0_0,1760085583.91931,start,,,c6id.4xlarge
ip-172-31-18-189,1760085521,duckdb,1.4.0,b8a06e4a22,groupby,G1_1e7_2e0_0_0,1760085591.42242,finish,0,0,c6id.4xlarge
ip-172-31-18-189,1760085521,duckdb,1.4.0,b8a06e4a22,groupby,G1_1e7_1e2_0_1,1760085606.43756,start,,,c6id.4xlarge
ip-172-31-18-189,1760085521,duckdb,1.4.0,b8a06e4a22,groupby,G1_1e7_1e2_0_1,1760085613.06215,finish,0,0,c6id.4xlarge
ip-172-31-18-189,1760085521,duckdb,1.4.0,b8a06e4a22,groupby,G1_1e7_1e2_5_0,1760085628.07728,start,,,c6id.4xlarge
ip-172-31-18-189,1760085521,duckdb,1.4.0,b8a06e4a22,groupby,G1_1e7_1e2_5_0,1760085634.97819,finish,0,0,c6id.4xlarge
ip-172-31-18-189,1760085521,duckdb,1.4.0,b8a06e4a22,groupby,G1_1e8_1e2_0_0,1760085649.99335,start,,,c6id.4xlarge
ip-172-31-18-189,1760085521,duckdb,1.4.0,b8a06e4a22,groupby,G1_1e8_1e2_0_0,1760085689.27927,finish,0,0,c6id.4xlarge
ip-172-31-18-189,1760085521,duckdb,1.4.0,b8a06e4a22,groupby,G1_1e8_1e1_0_0,1760085704.29441,start,,,c6id.4xlarge
ip-172-31-18-189,1760085521,duckdb,1.4.0,b8a06e4a22,groupby,G1_1e8_1e1_0_0,1760085749.01477,finish,0,0,c6id.4xlarge
ip-172-31-18-189,1760085521,duckdb,1.4.0,b8a06e4a22,groupby,G1_1e8_2e0_0_0,1760085764.0299,start,,,c6id.4xlarge
ip-172-31-18-189,1760085521,duckdb,1.4.0,b8a06e4a22,groupby,G1_1e8_2e0_0_0,1760085811.41649,finish,0,0,c6id.4xlarge
ip-172-31-18-189,1760085521,duckdb,1.4.0,b8a06e4a22,groupby,G1_1e8_1e2_0_1,1760085826.43161,start,,,c6id.4xlarge
ip-172-31-18-189,1760085521,duckdb,1.4.0,b8a06e4a22,groupby,G1_1e8_1e2_0_1,1760085864.15209,finish,0,0,c6id.4xlarge
ip-172-31-18-189,1760085521,duckdb,1.4.0,b8a06e4a22,groupby,G1_1e8_1e2_5_0,1760085879.1672,start,,,c6id.4xlarge
ip-172-31-18-189,1760085521,duckdb,1.4.0,b8a06e4a22,groupby,G1_1e8_1e2_5_0,1760085920.01934,finish,0,0,c6id.4xlarge
ip-172-31-18-189,1760085521,duckdb,1.4.0,b8a06e4a22,join,J1_1e7_NA_0_0,1760085935.02848,start,,,c6id.4xlarge
ip-172-31-18-189,1760085521,duckdb,1.4.0,b8a06e4a22,join,J1_1e7_NA_0_0,1760085944.73808,finish,0,0,c6id.4xlarge
ip-172-31-18-189,1760085521,duckdb,1.4.0,b8a06e4a22,join,J1_1e7_NA_5_0,1760085959.75317,start,,,c6id.4xlarge
ip-172-31-18-189,1760085521,duckdb,1.4.0,b8a06e4a22,join,J1_1e7_NA_5_0,1760085969.7461,finish,0,0,c6id.4xlarge
ip-172-31-18-189,1760085521,duckdb,1.4.0,b8a06e4a22,join,J1_1e7_NA_0_1,1760085984.76122,start,,,c6id.4xlarge
ip-172-31-18-189,1760085521,duckdb,1.4.0,b8a06e4a22,join,J1_1e7_NA_0_1,1760085994.07091,finish,0,0,c6id.4xlarge
ip-172-31-18-189,1760085521,duckdb,1.4.0,b8a06e4a22,join,J1_1e8_NA_0_0,1760086009.08604,start,,,c6id.4xlarge
ip-172-31-18-189,1760085521,duckdb,1.4.0,b8a06e4a22,join,J1_1e8_NA_0_0,1760086108.67731,finish,0,0,c6id.4xlarge
ip-172-31-18-189,1760085521,duckdb,1.4.0,b8a06e4a22,join,J1_1e8_NA_5_0,1760086123.69248,start,,,c6id.4xlarge
ip-172-31-18-189,1760085521,duckdb,1.4.0,b8a06e4a22,join,J1_1e8_NA_5_0,1760086229.92625,finish,0,0,c6id.4xlarge
ip-172-31-18-189,1760085521,duckdb,1.4.0,b8a06e4a22,join,J1_1e8_NA_0_1,1760086244.94135,start,,,c6id.4xlarge
ip-172-31-18-189,1760085521,duckdb,1.4.0,b8a06e4a22,join,J1_1e8_NA_0_1,1760086335.73397,finish,0,0,c6id.4xlarge
ip-172-31-18-189,1760085521,polars,1.34.0,,groupby,G1_1e7_1e2_0_0,1760086350.74912,start,,,c6id.4xlarge
ip-172-31-18-189,1760085521,polars,1.34.0,,groupby,G1_1e7_1e2_0_0,1760086356.21283,finish,0,0,c6id.4xlarge
ip-172-31-18-189,1760085521,polars,1.34.0,,groupby,G1_1e7_1e1_0_0,1760086371.22797,start,,,c6id.4xlarge
ip-172-31-18-189,1760085521,polars,1.34.0,,groupby,G1_1e7_1e1_0_0,1760086381.08184,finish,0,0,c6id.4xlarge
ip-172-31-18-189,1760085521,polars,1.34.0,,groupby,G1_1e7_2e0_0_0,1760086396.09698,start,,,c6id.4xlarge
ip-172-31-18-189,1760085521,polars,1.34.0,,groupby,G1_1e7_2e0_0_0,1760086416.51474,finish,0,0,c6id.4xlarge
ip-172-31-18-189,1760085521,polars,1.34.0,,groupby,G1_1e7_1e2_0_1,1760086431.52987,start,,,c6id.4xlarge
ip-172-31-18-189,1760085521,polars,1.34.0,,groupby,G1_1e7_1e2_0_1,1760086436.73015,finish,0,0,c6id.4xlarge
ip-172-31-18-189,1760085521,polars,1.34.0,,groupby,G1_1e7_1e2_5_0,1760086451.7453,start,,,c6id.4xlarge
ip-172-31-18-189,1760085521,polars,1.34.0,,groupby,G1_1e7_1e2_5_0,1760086458.29733,finish,0,0,c6id.4xlarge
ip-172-31-18-189,1760085521,polars,1.34.0,,groupby,G1_1e8_1e2_0_0,1760086473.31248,start,,,c6id.4xlarge
ip-172-31-18-189,1760085521,polars,1.34.0,,groupby,G1_1e8_1e2_0_0,1760086542.85411,finish,0,0,c6id.4xlarge
ip-172-31-18-189,1760085521,polars,1.34.0,,groupby,G1_1e8_1e1_0_0,1760086557.86047,start,,,c6id.4xlarge
ip-172-31-18-189,1760085521,polars,1.34.0,,groupby,G1_1e8_1e1_0_0,1760086677.16514,finish,0,0,c6id.4xlarge
ip-172-31-18-189,1760085521,polars,1.34.0,,groupby,G1_1e8_2e0_0_0,1760086692.18025,start,,,c6id.4xlarge
ip-172-31-18-189,1760085521,polars,1.34.0,,groupby,G1_1e8_2e0_0_0,1760086923.49517,finish,0,0,c6id.4xlarge
ip-172-31-18-189,1760085521,polars,1.34.0,,groupby,G1_1e8_1e2_0_1,1760086938.51028,start,,,c6id.4xlarge
ip-172-31-18-189,1760085521,polars,1.34.0,,groupby,G1_1e8_1e2_0_1,1760087006.34785,finish,0,0,c6id.4xlarge
ip-172-31-18-189,1760085521,polars,1.34.0,,groupby,G1_1e8_1e2_5_0,1760087021.36299,start,,,c6id.4xlarge
ip-172-31-18-189,1760085521,polars,1.34.0,,groupby,G1_1e8_1e2_5_0,1760087110.66467,finish,0,0,c6id.4xlarge
ip-172-31-18-189,1760085521,polars,1.34.0,,join,J1_1e7_NA_0_0,1760087125.67979,start,,,c6id.4xlarge
ip-172-31-18-189,1760085521,polars,1.34.0,,join,J1_1e7_NA_0_0,1760087139.91894,finish,0,0,c6id.4xlarge
ip-172-31-18-189,1760085521,polars,1.34.0,,join,J1_1e7_NA_5_0,1760087154.93403,start,,,c6id.4xlarge
ip-172-31-18-189,1760085521,polars,1.34.0,,join,J1_1e7_NA_5_0,1760087169.61385,finish,0,0,c6id.4xlarge
ip-172-31-18-189,1760085521,polars,1.34.0,,join,J1_1e7_NA_0_1,1760087184.62894,start,,,c6id.4xlarge
ip-172-31-18-189,1760085521,polars,1.34.0,,join,J1_1e7_NA_0_1,1760087197.93722,finish,0,0,c6id.4xlarge
ip-172-31-18-189,1760085521,polars,1.34.0,,join,J1_1e8_NA_0_0,1760087212.95232,start,,,c6id.4xlarge
ip-172-31-18-189,1760085521,polars,1.34.0,,join,J1_1e8_NA_0_0,1760087306.63513,finish,0,15,c6id.4xlarge
ip-172-31-18-189,1760087467,collapse,2.1.3,,groupby,G1_1e7_1e2_0_0,1760087468.7584,start,,,c6id.4xlarge
ip-172-31-18-189,1760087467,collapse,2.1.3,,groupby,G1_1e7_1e2_0_0,1760087479.30669,finish,0,0,c6id.4xlarge
ip-172-31-18-189,1760087467,collapse,2.1.3,,groupby,G1_1e7_1e1_0_0,1760087494.32176,start,,,c6id.4xlarge
ip-172-31-18-189,1760087467,collapse,2.1.3,,groupby,G1_1e7_1e1_0_0,1760087513.80066,finish,0,0,c6id.4xlarge
ip-172-31-18-189,1760087467,collapse,2.1.3,,groupby,G1_1e7_2e0_0_0,1760087528.81577,start,,,c6id.4xlarge
ip-172-31-18-189,1760087467,collapse,2.1.3,,groupby,G1_1e7_2e0_0_0,1760087586.55862,finish,0,0,c6id.4xlarge
ip-172-31-18-189,1760087467,collapse,2.1.3,,groupby,G1_1e7_1e2_0_1,1760087601.57377,start,,,c6id.4xlarge
ip-172-31-18-189,1760087467,collapse,2.1.3,,groupby,G1_1e7_1e2_0_1,1760087610.46307,finish,0,0,c6id.4xlarge
ip-172-31-18-189,1760087467,collapse,2.1.3,,groupby,G1_1e7_1e2_5_0,1760087625.47822,start,,,c6id.4xlarge
ip-172-31-18-189,1760087467,collapse,2.1.3,,groupby,G1_1e7_1e2_5_0,1760087636.67261,finish,0,0,c6id.4xlarge
ip-172-31-18-189,1760087467,collapse,2.1.3,,groupby,G1_1e8_1e2_0_0,1760087651.68775,start,,,c6id.4xlarge
ip-172-31-18-189,1760087467,collapse,2.1.3,,groupby,G1_1e8_1e2_0_0,1760087782.7107,finish,0,0,c6id.4xlarge
ip-172-31-18-189,1760087467,collapse,2.1.3,,groupby,G1_1e8_1e1_0_0,1760087797.7258,start,,,c6id.4xlarge
ip-172-31-18-189,1760087467,collapse,2.1.3,,groupby,G1_1e8_1e1_0_0,1760088064.47501,finish,0,0,c6id.4xlarge
ip-172-31-18-189,1760087467,collapse,2.1.3,,groupby,G1_1e8_2e0_0_0,1760088079.49014,start,,,c6id.4xlarge
ip-172-31-18-189,1760087467,collapse,2.1.3,,groupby,G1_1e8_2e0_0_0,1760088737.44124,finish,0,0,c6id.4xlarge
ip-172-31-18-189,1760087467,collapse,2.1.3,,groupby,G1_1e8_1e2_0_1,1760088752.45637,start,,,c6id.4xlarge
ip-172-31-18-189,1760087467,collapse,2.1.3,,groupby,G1_1e8_1e2_0_1,1760088866.31229,finish,0,0,c6id.4xlarge
ip-172-31-18-189,1760087467,collapse,2.1.3,,groupby,G1_1e8_1e2_5_0,1760088881.32745,start,,,c6id.4xlarge
ip-172-31-18-189,1760087467,collapse,2.1.3,,groupby,G1_1e8_1e2_5_0,1760089016.38112,finish,0,0,c6id.4xlarge
ip-172-31-18-189,1760087467,collapse,2.1.3,,join,J1_1e7_NA_0_0,1760089031.39625,start,,,c6id.4xlarge
ip-172-31-18-189,1760087467,collapse,2.1.3,,join,J1_1e7_NA_0_0,1760089134.67225,finish,0,0,c6id.4xlarge
ip-172-31-18-189,1760087467,collapse,2.1.3,,join,J1_1e7_NA_5_0,1760089149.68741,start,,,c6id.4xlarge
ip-172-31-18-189,1760087467,collapse,2.1.3,,join,J1_1e7_NA_5_0,1760089246.29532,finish,0,0,c6id.4xlarge
ip-172-31-18-189,1760087467,collapse,2.1.3,,join,J1_1e7_NA_0_1,1760089261.3105,start,,,c6id.4xlarge
ip-172-31-18-189,1760087467,collapse,2.1.3,,join,J1_1e7_NA_0_1,1760089357.01415,finish,0,0,c6id.4xlarge
ip-172-31-18-189,1760087467,collapse,2.1.3,,join,J1_1e8_NA_0_0,1760089372.02929,start,,,c6id.4xlarge
ip-172-31-18-189,1760087467,collapse,2.1.3,,join,J1_1e8_NA_0_0,1760090581.41642,finish,0,0,c6id.4xlarge
ip-172-31-18-189,1760087467,collapse,2.1.3,,join,J1_1e8_NA_5_0,1760090596.43151,start,,,c6id.4xlarge
ip-172-31-18-189,1760087467,collapse,2.1.3,,join,J1_1e8_NA_5_0,1760091707.52969,finish,0,0,c6id.4xlarge
ip-172-31-18-189,1760087467,collapse,2.1.3,,join,J1_1e8_NA_0_1,1760091722.54477,start,,,c6id.4xlarge
ip-172-31-18-189,1760087467,collapse,2.1.3,,join,J1_1e8_NA_0_1,1760092805.71269,finish,0,0,c6id.4xlarge
ip-172-31-18-189,1760087467,datafusion,50.0.0,,groupby,G1_1e7_1e2_0_0,1760092820.72778,start,,,c6id.4xlarge
ip-172-31-18-189,1760087467,datafusion,50.0.0,,groupby,G1_1e7_1e2_0_0,1760092824.61716,finish,0,0,c6id.4xlarge
ip-172-31-18-189,1760087467,datafusion,50.0.0,,groupby,G1_1e7_1e1_0_0,1760092839.63225,start,,,c6id.4xlarge
ip-172-31-18-189,1760087467,datafusion,50.0.0,,groupby,G1_1e7_1e1_0_0,1760092844.45075,finish,0,0,c6id.4xlarge
ip-172-31-18-189,1760087467,datafusion,50.0.0,,groupby,G1_1e7_2e0_0_0,1760092859.46585,start,,,c6id.4xlarge
ip-172-31-18-189,1760087467,datafusion,50.0.0,,groupby,G1_1e7_2e0_0_0,1760092868.60657,finish,0,0,c6id.4xlarge
ip-172-31-18-189,1760087467,datafusion,50.0.0,,groupby,G1_1e7_1e2_0_1,1760092883.62167,start,,,c6id.4xlarge
ip-172-31-18-189,1760087467,datafusion,50.0.0,,groupby,G1_1e7_1e2_0_1,1760092887.57204,finish,0,0,c6id.4xlarge
ip-172-31-18-189,1760087467,datafusion,50.0.0,,groupby,G1_1e7_1e2_5_0,1760092902.58714,start,,,c6id.4xlarge
ip-172-31-18-189,1760087467,datafusion,50.0.0,,groupby,G1_1e7_1e2_5_0,1760092906.17452,finish,0,0,c6id.4xlarge
ip-172-31-18-189,1760087467,datafusion,50.0.0,,groupby,G1_1e8_1e2_0_0,1760092921.18961,start,,,c6id.4xlarge
ip-172-31-18-189,1760087467,datafusion,50.0.0,,groupby,G1_1e8_1e2_0_0,1760092952.7284,finish,0,15,c6id.4xlarge
ip-172-31-18-189,1760094204,clickhouse,25.9.3.48,,groupby,G1_1e7_1e2_0_0,1760094204.77714,start,,,c6id.4xlarge
ip-172-31-18-189,1760094204,clickhouse,25.9.3.48,,groupby,G1_1e7_1e2_0_0,1760094357.01256,finish,0,0,c6id.4xlarge
ip-172-31-18-189,1760094204,clickhouse,25.9.3.48,,groupby,G1_1e7_1e1_0_0,1760094372.02765,start,,,c6id.4xlarge
ip-172-31-18-189,1760094204,clickhouse,25.9.3.48,,groupby,G1_1e7_1e1_0_0,1760094522.62517,finish,0,0,c6id.4xlarge
ip-172-31-18-189,1760094204,clickhouse,25.9.3.48,,groupby,G1_1e7_2e0_0_0,1760094537.64025,start,,,c6id.4xlarge
ip-172-31-18-189,1760094204,clickhouse,25.9.3.48,,groupby,G1_1e7_2e0_0_0,1760094687.29375,finish,0,0,c6id.4xlarge
ip-172-31-18-189,1760094204,clickhouse,25.9.3.48,,groupby,G1_1e7_1e2_0_1,1760094702.30885,start,,,c6id.4xlarge
ip-172-31-18-189,1760094204,clickhouse,25.9.3.48,,groupby,G1_1e7_1e2_0_1,1760094852.95444,finish,0,0,c6id.4xlarge
ip-172-31-18-189,1760094204,clickhouse,25.9.3.48,,groupby,G1_1e7_1e2_5_0,1760094867.95748,start,,,c6id.4xlarge
ip-172-31-18-189,1760094204,clickhouse,25.9.3.48,,groupby,G1_1e7_1e2_5_0,1760095018.5963,finish,0,0,c6id.4xlarge
ip-172-31-18-189,1760094204,clickhouse,25.9.3.48,,groupby,G1_1e8_1e2_0_0,1760095033.61141,start,,,c6id.4xlarge
ip-172-31-18-189,1760094204,clickhouse,25.9.3.48,,groupby,G1_1e8_1e2_0_0,1760095245.40621,finish,0,0,c6id.4xlarge
ip-172-31-18-189,1760094204,clickhouse,25.9.3.48,,groupby,G1_1e8_1e1_0_0,1760095260.42131,start,,,c6id.4xlarge
ip-172-31-18-189,1760094204,clickhouse,25.9.3.48,,groupby,G1_1e8_1e1_0_0,1760095479.22779,finish,4,0,c6id.4xlarge
ip-172-31-18-189,1760094204,clickhouse,25.9.3.48,,groupby,G1_1e8_2e0_0_0,1760095494.24289,start,,,c6id.4xlarge
ip-172-31-18-189,1760094204,clickhouse,25.9.3.48,,groupby,G1_1e8_2e0_0_0,1760095722.03983,finish,0,0,c6id.4xlarge
ip-172-31-18-189,1760094204,clickhouse,25.9.3.48,,groupby,G1_1e8_1e2_0_1,1760095737.05493,start,,,c6id.4xlarge
ip-172-31-18-189,1760094204,clickhouse,25.9.3.48,,groupby,G1_1e8_1e2_0_1,1760095950.94086,finish,0,0,c6id.4xlarge
ip-172-31-18-189,1760094204,clickhouse,25.9.3.48,,groupby,G1_1e8_1e2_5_0,1760095965.95595,start,,,c6id.4xlarge
ip-172-31-18-189,1760094204,clickhouse,25.9.3.48,,groupby,G1_1e8_1e2_5_0,1760096187.76325,finish,0,0,c6id.4xlarge
ip-172-31-18-189,1760094204,clickhouse,25.9.3.48,,join,J1_1e7_NA_0_0,1760096202.77148,start,,,c6id.4xlarge
ip-172-31-18-189,1760094204,clickhouse,25.9.3.48,,join,J1_1e7_NA_0_0,1760096353.38902,finish,0,0,c6id.4xlarge
ip-172-31-18-189,1760094204,clickhouse,25.9.3.48,,join,J1_1e7_NA_5_0,1760096368.40411,start,,,c6id.4xlarge
ip-172-31-18-189,1760094204,clickhouse,25.9.3.48,,join,J1_1e7_NA_5_0,1760096519.03996,finish,0,0,c6id.4xlarge
ip-172-31-18-189,1760094204,clickhouse,25.9.3.48,,join,J1_1e7_NA_0_1,1760096534.05505,start,,,c6id.4xlarge
ip-172-31-18-189,1760094204,clickhouse,25.9.3.48,,join,J1_1e7_NA_0_1,1760096683.69621,finish,0,0,c6id.4xlarge
ip-172-31-18-189,1760094204,clickhouse,25.9.3.48,,join,J1_1e8_NA_0_0,1760096698.71131,start,,,c6id.4xlarge
ip-172-31-18-189,1760094204,clickhouse,25.9.3.48,,join,J1_1e8_NA_0_0,1760096999.35852,finish,0,0,c6id.4xlarge
ip-172-31-18-189,1760094204,clickhouse,25.9.3.48,,join,J1_1e8_NA_5_0,1760097014.37361,start,,,c6id.4xlarge
ip-172-31-18-189,1760094204,clickhouse,25.9.3.48,,join,J1_1e8_NA_5_0,1760097317.10374,finish,0,0,c6id.4xlarge
ip-172-31-18-189,1760094204,clickhouse,25.9.3.48,,join,J1_1e8_NA_0_1,1760097332.11883,start,,,c6id.4xlarge
ip-172-31-18-189,1760094204,clickhouse,25.9.3.48,,join,J1_1e8_NA_0_1,1760097590.96972,finish,0,0,c6id.4xlarge
ip-172-31-18-189,1760102681,duckdb,1.4.0,b8a06e4a22,groupby,G1_1e9_1e2_0_0,1760102683.12959,start,,,c6id.4xlarge
ip-172-31-18-189,1760102681,duckdb,1.4.0,b8a06e4a22,groupby,G1_1e9_1e2_0_0,1760102988.64735,finish,0,15,c6id.4xlarge
ip-172-31-18-189,1760105253,duckdb,1.4.0,b8a06e4a22,groupby,G1_1e9_1e2_0_0,1760105255.34032,start,,,c6id.4xlarge
ip-172-31-18-189,1760105253,duckdb,1.4.0,b8a06e4a22,groupby,G1_1e9_1e2_0_0,1760105834.5225,finish,0,15,c6id.4xlarge
ip-172-31-18-189,1760280458,duckdb,1.4.0,b8a06e4a22,groupby,G1_1e9_1e2_0_0,1760280459.20716,start,,,c6id.4xlarge
ip-172-31-18-189,1760280458,duckdb,1.4.0,b8a06e4a22,groupby,G1_1e9_1e2_0_0,1760281573.09556,finish,0,0,c6id.4xlarge
ip-172-31-18-189,1760280458,duckdb,1.4.0,b8a06e4a22,groupby,G1_1e9_1e1_0_0,1760281588.1107,start,,,c6id.4xlarge
ip-172-31-18-189,1760280458,duckdb,1.4.0,b8a06e4a22,groupby,G1_1e9_1e1_0_0,1760282739.55235,finish,0,0,c6id.4xlarge
ip-172-31-18-189,1760280458,duckdb,1.4.0,b8a06e4a22,groupby,G1_1e9_2e0_0_0,1760282754.56743,start,,,c6id.4xlarge
ip-172-31-18-189,1760280458,duckdb,1.4.0,b8a06e4a22,groupby,G1_1e9_2e0_0_0,1760284141.32774,finish,0,15,c6id.4xlarge
ip-172-31-18-189,1760337898,clickhouse,25.9.3.48,,groupby,G1_1e9_1e2_0_0,1760337899.53805,start,,,c6id.4xlarge
ip-172-31-18-189,1760337898,clickhouse,25.9.3.48,,groupby,G1_1e9_1e2_0_0,1760339452.4983,finish,0,0,c6id.4xlarge
ip-172-31-18-189,1760337898,clickhouse,25.9.3.48,,groupby,G1_1e9_1e1_0_0,1760339467.5134,start,,,c6id.4xlarge
ip-172-31-18-189,1760337898,clickhouse,25.9.3.48,,groupby,G1_1e9_1e1_0_0,1760341348.5378,finish,0,0,c6id.4xlarge
ip-172-31-18-189,1760337898,clickhouse,25.9.3.48,,groupby,G1_1e9_2e0_0_0,1760341363.55286,start,,,c6id.4xlarge
ip-172-31-18-189,1760337898,clickhouse,25.9.3.48,,groupby,G1_1e9_2e0_0_0,1760343372.50602,finish,0,0,c6id.4xlarge
ip-172-31-18-189,1760337898,clickhouse,25.9.3.48,,groupby,G1_1e9_1e2_0_1,1760343387.52109,start,,,c6id.4xlarge
ip-172-31-18-189,1760337898,clickhouse,25.9.3.48,,groupby,G1_1e9_1e2_0_1,1760344925.5551,finish,0,0,c6id.4xlarge
ip-172-31-18-189,1760337898,clickhouse,25.9.3.48,,groupby,G1_1e9_1e2_5_0,1760344940.56452,start,,,c6id.4xlarge
ip-172-31-18-189,1760337898,clickhouse,25.9.3.48,,groupby,G1_1e9_1e2_5_0,1760346630.54995,finish,0,0,c6id.4xlarge
ip-172-31-18-189,1760351077,chdb,3.6.0,,groupby,G1_1e7_1e2_0_0,1760351078.22109,start,,,c6id.4xlarge
ip-172-31-18-189,1760351077,chdb,3.6.0,,groupby,G1_1e7_1e2_0_0,1760351120.70078,finish,0,0,c6id.4xlarge
ip-172-31-18-189,1760351077,chdb,3.6.0,,groupby,G1_1e7_1e1_0_0,1760351135.71588,start,,,c6id.4xlarge
ip-172-31-18-189,1760351077,chdb,3.6.0,,groupby,G1_1e7_1e1_0_0,1760351176.83221,finish,0,0,c6id.4xlarge
ip-172-31-18-189,1760351077,chdb,3.6.0,,groupby,G1_1e7_2e0_0_0,1760351191.8473,start,,,c6id.4xlarge
ip-172-31-18-189,1760351077,chdb,3.6.0,,groupby,G1_1e7_2e0_0_0,1760351238.82866,finish,0,0,c6id.4xlarge
ip-172-31-18-189,1760351077,chdb,3.6.0,,groupby,G1_1e7_1e2_0_1,1760351253.84376,start,,,c6id.4xlarge
ip-172-31-18-189,1760351077,chdb,3.6.0,,groupby,G1_1e7_1e2_0_1,1760351303.9392,finish,0,0,c6id.4xlarge
ip-172-31-18-189,1760351077,chdb,3.6.0,,groupby,G1_1e7_1e2_5_0,1760351318.9543,start,,,c6id.4xlarge
ip-172-31-18-189,1760351077,chdb,3.6.0,,groupby,G1_1e7_1e2_5_0,1760351429.9456,finish,0,0,c6id.4xlarge
ip-172-31-18-189,1760351077,chdb,3.6.0,,join,J1_1e7_NA_0_0,1760351444.96069,start,,,c6id.4xlarge
ip-172-31-18-189,1760351077,chdb,3.6.0,,join,J1_1e7_NA_0_0,1760351453.64589,finish,0,0,c6id.4xlarge
ip-172-31-18-189,1760351077,chdb,3.6.0,,join,J1_1e7_NA_5_0,1760351468.64752,start,,,c6id.4xlarge
ip-172-31-18-189,1760351077,chdb,3.6.0,,join,J1_1e7_NA_5_0,1760351479.02756,finish,0,0,c6id.4xlarge
ip-172-31-18-189,1760351077,chdb,3.6.0,,join,J1_1e7_NA_0_1,1760351494.04265,start,,,c6id.4xlarge
ip-172-31-18-189,1760351077,chdb,3.6.0,,join,J1_1e7_NA_0_1,1760351502.81713,finish,0,0,c6id.4xlarge
ip-172-31-18-189,1760351619,chdb,3.6.0,,groupby,G1_1e8_1e2_0_0,1760351620.00403,start,,,c6id.4xlarge
ip-172-31-18-189,1760351619,chdb,3.6.0,,groupby,G1_1e8_1e2_0_0,1760352091.51221,finish,0,0,c6id.4xlarge
ip-172-31-18-189,1760351619,chdb,3.6.0,,groupby,G1_1e8_1e1_0_0,1760352106.52732,start,,,c6id.4xlarge
ip-172-31-18-189,1760351619,chdb,3.6.0,,groupby,G1_1e8_1e1_0_0,1760352536.18317,finish,0,0,c6id.4xlarge
ip-172-31-18-189,1760351619,chdb,3.6.0,,groupby,G1_1e8_2e0_0_0,1760352551.19826,start,,,c6id.4xlarge
ip-172-31-18-189,1760351619,chdb,3.6.0,,groupby,G1_1e8_2e0_0_0,1760353059.27537,finish,0,0,c6id.4xlarge
ip-172-31-18-189,1760351619,chdb,3.6.0,,groupby,G1_1e8_1e2_0_1,1760353074.29046,start,,,c6id.4xlarge
ip-172-31-18-189,1760351619,chdb,3.6.0,,groupby,G1_1e8_1e2_0_1,1760353530.86357,finish,0,0,c6id.4xlarge
ip-172-31-18-189,1760351619,chdb,3.6.0,,groupby,G1_1e8_1e2_5_0,1760353545.87867,start,,,c6id.4xlarge
ip-172-31-18-189,1760351619,chdb,3.6.0,,groupby,G1_1e8_1e2_5_0,1760354482.84763,finish,0,0,c6id.4xlarge
ip-172-31-18-189,1760351619,chdb,3.6.0,,join,J1_1e8_NA_0_0,1760354497.86271,start,,,c6id.4xlarge
ip-172-31-18-189,1760351619,chdb,3.6.0,,join,J1_1e8_NA_0_0,1760354642.39912,finish,0,0,c6id.4xlarge
ip-172-31-18-189,1760351619,chdb,3.6.0,,join,J1_1e8_NA_5_0,1760354657.4142,start,,,c6id.4xlarge
ip-172-31-18-189,1760351619,chdb,3.6.0,,join,J1_1e8_NA_5_0,1760354821.17101,finish,0,0,c6id.4xlarge
ip-172-31-18-189,1760351619,chdb,3.6.0,,join,J1_1e8_NA_0_1,1760354836.1861,start,,,c6id.4xlarge
ip-172-31-18-189,1760351619,chdb,3.6.0,,join,J1_1e8_NA_0_1,1760354952.57597,finish,0,0,c6id.4xlarge
ip-172-31-18-189,1760356600,chdb,3.6.0,,groupby,G1_1e9_1e2_0_0,1760356602.30074,start,,,c6id.4xlarge
ip-172-31-18-189,1760356600,chdb,3.6.0,,groupby,G1_1e9_1e2_0_0,1760356602.30074,finish,,15,c6id.4xlarge
ip-172-31-18-189,1760364266,datafusion,50.0.0,,groupby,G1_1e7_1e2_0_0,1760364267.67655,start,,,c6id.4xlarge
ip-172-31-18-189,1760364266,datafusion,50.0.0,,groupby,G1_1e7_1e2_0_0,1760364271.67703,finish,0,0,c6id.4xlarge
ip-172-31-18-189,1760364266,datafusion,50.0.0,,groupby,G1_1e7_1e1_0_0,1760364286.69212,start,,,c6id.4xlarge
ip-172-31-18-189,1760364266,datafusion,50.0.0,,groupby,G1_1e7_1e1_0_0,1760364291.59001,finish,0,0,c6id.4xlarge
ip-172-31-18-189,1760364266,datafusion,50.0.0,,groupby,G1_1e7_2e0_0_0,1760364306.60509,start,,,c6id.4xlarge
ip-172-31-18-189,1760364266,datafusion,50.0.0,,groupby,G1_1e7_2e0_0_0,1760364315.65971,finish,0,0,c6id.4xlarge
ip-172-31-18-189,1760364266,datafusion,50.0.0,,groupby,G1_1e7_1e2_0_1,1760364330.6748,start,,,c6id.4xlarge
ip-172-31-18-189,1760364266,datafusion,50.0.0,,groupby,G1_1e7_1e2_0_1,1760364334.55554,finish,0,0,c6id.4xlarge
ip-172-31-18-189,1760364266,datafusion,50.0.0,,groupby,G1_1e7_1e2_5_0,1760364349.57064,start,,,c6id.4xlarge
ip-172-31-18-189,1760364266,datafusion,50.0.0,,groupby,G1_1e7_1e2_5_0,1760364353.16995,finish,0,0,c6id.4xlarge
ip-172-31-18-189,1760364266,datafusion,50.0.0,,join,J1_1e7_NA_0_0,1760364368.18505,start,,,c6id.4xlarge
ip-172-31-18-189,1760364266,datafusion,50.0.0,,join,J1_1e7_NA_0_0,1760364371.80265,finish,0,0,c6id.4xlarge
ip-172-31-18-189,1760364266,datafusion,50.0.0,,join,J1_1e7_NA_5_0,1760364386.81774,start,,,c6id.4xlarge
ip-172-31-18-189,1760364266,datafusion,50.0.0,,join,J1_1e7_NA_5_0,1760364390.35939,finish,0,0,c6id.4xlarge
ip-172-31-18-189,1760364266,datafusion,50.0.0,,join,J1_1e7_NA_0_1,1760364405.3745,start,,,c6id.4xlarge
ip-172-31-18-189,1760364266,datafusion,50.0.0,,join,J1_1e7_NA_0_1,1760364408.73483,finish,0,0,c6id.4xlarge
ip-172-31-18-189,1760364526,datafusion,50.0.0,,groupby,G1_1e8_1e2_0_0,1760364527.07815,start,,,c6id.4xlarge
ip-172-31-18-189,1760364526,datafusion,50.0.0,,groupby,G1_1e8_1e2_0_0,1760364560.25344,finish,0,15,c6id.4xlarge
ip-172-31-18-189,1760364785,datafusion,50.0.0,,join,J1_1e8_NA_0_0,1760364785.69246,start,,,c6id.4xlarge
ip-172-31-18-189,1760364785,datafusion,50.0.0,,join,J1_1e8_NA_0_0,1760364796.59342,finish,1,137,c6id.4xlarge
ip-172-31-18-189,1760364785,datafusion,50.0.0,,join,J1_1e8_NA_5_0,1760364811.6085,start,,,c6id.4xlarge
ip-172-31-18-189,1760364785,datafusion,50.0.0,,join,J1_1e8_NA_5_0,1760364822.90282,finish,1,137,c6id.4xlarge
ip-172-31-18-189,1760364785,datafusion,50.0.0,,join,J1_1e8_NA_0_1,1760364837.91786,start,,,c6id.4xlarge
ip-172-31-18-189,1760364785,datafusion,50.0.0,,join,J1_1e8_NA_0_1,1760364850.01121,finish,1,137,c6id.4xlarge
ip-172-31-18-189,1760377550,clickhouse,25.9.3.48,,join,J1_1e9_NA_0_0,1760377551.06715,start,,,c6id.4xlarge
ip-172-31-18-189,1760377550,clickhouse,25.9.3.48,,join,J1_1e9_NA_0_0,1760377555.08626,finish,2,1,c6id.4xlarge
ip-172-31-18-189,1760377738,duckdb,1.4.0,b8a06e4a22,join,J1_1e9_NA_0_0,1760377739.21768,start,,,c6id.4xlarge
ip-172-31-18-189,1760377738,duckdb,1.4.0,b8a06e4a22,join,J1_1e9_NA_0_0,1760380344.37185,finish,2,1,c6id.4xlarge
ip-172-31-18-198,1760422256,polars,1.34.0,,groupby,G1_1e7_1e2_0_0,1760422257.72144,start,,,c6id.metal
ip-172-31-18-198,1760422256,polars,1.34.0,,groupby,G1_1e7_1e2_0_0,1760422262.78424,finish,0,0,c6id.metal
ip-172-31-18-198,1760422256,polars,1.34.0,,groupby,G1_1e7_1e1_0_0,1760422277.79936,start,,,c6id.metal
ip-172-31-18-198,1760422256,polars,1.34.0,,groupby,G1_1e7_1e1_0_0,1760422287.64247,finish,0,0,c6id.metal
ip-172-31-18-198,1760422256,polars,1.34.0,,groupby,G1_1e7_2e0_0_0,1760422302.65776,start,,,c6id.metal
ip-172-31-18-198,1760422256,polars,1.34.0,,groupby,G1_1e7_2e0_0_0,1760422323.00989,finish,0,0,c6id.metal
ip-172-31-18-198,1760422256,polars,1.34.0,,groupby,G1_1e7_1e2_0_1,1760422338.02503,start,,,c6id.metal
ip-172-31-18-198,1760422256,polars,1.34.0,,groupby,G1_1e7_1e2_0_1,1760422342.95772,finish,0,0,c6id.metal
ip-172-31-18-198,1760422256,polars,1.34.0,,groupby,G1_1e7_1e2_5_0,1760422357.97303,start,,,c6id.metal
ip-172-31-18-198,1760422256,polars,1.34.0,,groupby,G1_1e7_1e2_5_0,1760422364.1596,finish,0,0,c6id.metal
ip-172-31-18-198,1760422256,polars,1.34.0,,join,J1_1e7_NA_0_0,1760422379.17492,start,,,c6id.metal
ip-172-31-18-198,1760422256,polars,1.34.0,,join,J1_1e7_NA_0_0,1760422392.13025,finish,0,0,c6id.metal
ip-172-31-18-198,1760422256,polars,1.34.0,,join,J1_1e7_NA_5_0,1760422407.14536,start,,,c6id.metal
ip-172-31-18-198,1760422256,polars,1.34.0,,join,J1_1e7_NA_5_0,1760422423.69913,finish,0,0,c6id.metal
ip-172-31-18-198,1760422256,polars,1.34.0,,join,J1_1e7_NA_0_1,1760422438.7144,start,,,c6id.metal
ip-172-31-18-198,1760422256,polars,1.34.0,,join,J1_1e7_NA_0_1,1760422452.43533,finish,0,0,c6id.metal
ip-172-31-18-198,1760422256,chdb,3.6.0,,groupby,G1_1e7_1e2_0_0,1760422467.45061,start,,,c6id.metal
ip-172-31-18-198,1760422256,chdb,3.6.0,,groupby,G1_1e7_1e2_0_0,1760422571.9607,finish,0,0,c6id.metal
ip-172-31-18-198,1760422256,chdb,3.6.0,,groupby,G1_1e7_1e1_0_0,1760422586.97582,start,,,c6id.metal
ip-172-31-18-198,1760422256,chdb,3.6.0,,groupby,G1_1e7_1e1_0_0,1760422691.3763,finish,0,0,c6id.metal
ip-172-31-18-198,1760422256,chdb,3.6.0,,groupby,G1_1e7_2e0_0_0,1760422706.39139,start,,,c6id.metal
ip-172-31-18-198,1760422256,chdb,3.6.0,,groupby,G1_1e7_2e0_0_0,1760422807.73276,finish,0,0,c6id.metal
ip-172-31-18-198,1760422256,chdb,3.6.0,,groupby,G1_1e7_1e2_0_1,1760422822.74808,start,,,c6id.metal
ip-172-31-18-198,1760422256,chdb,3.6.0,,groupby,G1_1e7_1e2_0_1,1760422932.94251,finish,0,0,c6id.metal
ip-172-31-18-198,1760422256,chdb,3.6.0,,groupby,G1_1e7_1e2_5_0,1760422947.95763,start,,,c6id.metal
ip-172-31-18-198,1760422256,chdb,3.6.0,,groupby,G1_1e7_1e2_5_0,1760423204.93025,finish,0,0,c6id.metal
ip-172-31-18-198,1760422256,chdb,3.6.0,,join,J1_1e7_NA_0_0,1760423219.94556,start,,,c6id.metal
ip-172-31-18-198,1760422256,chdb,3.6.0,,join,J1_1e7_NA_0_0,1760423244.2216,finish,0,0,c6id.metal
ip-172-31-18-198,1760422256,chdb,3.6.0,,join,J1_1e7_NA_5_0,1760423259.23692,start,,,c6id.metal
ip-172-31-18-198,1760422256,chdb,3.6.0,,join,J1_1e7_NA_5_0,1760423289.8735,finish,0,0,c6id.metal
ip-172-31-18-198,1760422256,chdb,3.6.0,,join,J1_1e7_NA_0_1,1760423304.88877,start,,,c6id.metal
ip-172-31-18-198,1760422256,chdb,3.6.0,,join,J1_1e7_NA_0_1,1760423328.9248,finish,0,0,c6id.metal
ip-172-31-18-198,1760422256,duckdb,1.4.0,b8a06e4a22,groupby,G1_1e7_1e2_0_0,1760423343.9401,start,,,c6id.metal
ip-172-31-18-198,1760422256,duckdb,1.4.0,b8a06e4a22,groupby,G1_1e7_1e2_0_0,1760423348.7282,finish,0,0,c6id.metal
ip-172-31-18-198,1760422256,duckdb,1.4.0,b8a06e4a22,groupby,G1_1e7_1e1_0_0,1760423363.74349,start,,,c6id.metal
ip-172-31-18-198,1760422256,duckdb,1.4.0,b8a06e4a22,groupby,G1_1e7_1e1_0_0,1760423369.35116,finish,0,0,c6id.metal
ip-172-31-18-198,1760422256,duckdb,1.4.0,b8a06e4a22,groupby,G1_1e7_2e0_0_0,1760423384.36643,start,,,c6id.metal
ip-172-31-18-198,1760422256,duckdb,1.4.0,b8a06e4a22,groupby,G1_1e7_2e0_0_0,1760423391.40168,finish,0,0,c6id.metal
ip-172-31-18-198,1760422256,duckdb,1.4.0,b8a06e4a22,groupby,G1_1e7_1e2_0_1,1760423406.4168,start,,,c6id.metal
ip-172-31-18-198,1760422256,duckdb,1.4.0,b8a06e4a22,groupby,G1_1e7_1e2_0_1,1760423411.16941,finish,0,0,c6id.metal
ip-172-31-18-198,1760422256,duckdb,1.4.0,b8a06e4a22,groupby,G1_1e7_1e2_5_0,1760423426.18015,start,,,c6id.metal
ip-172-31-18-198,1760422256,duckdb,1.4.0,b8a06e4a22,groupby,G1_1e7_1e2_5_0,1760423431.02155,finish,0,0,c6id.metal
ip-172-31-18-198,1760422256,duckdb,1.4.0,b8a06e4a22,join,J1_1e7_NA_0_0,1760423446.03682,start,,,c6id.metal
ip-172-31-18-198,1760422256,duckdb,1.4.0,b8a06e4a22,join,J1_1e7_NA_0_0,1760423452.388,finish,0,0,c6id.metal
ip-172-31-18-198,1760422256,duckdb,1.4.0,b8a06e4a22,join,J1_1e7_NA_5_0,1760423467.40328,start,,,c6id.metal
ip-172-31-18-198,1760422256,duckdb,1.4.0,b8a06e4a22,join,J1_1e7_NA_5_0,1760423473.67517,finish,0,0,c6id.metal
ip-172-31-18-198,1760422256,duckdb,1.4.0,b8a06e4a22,join,J1_1e7_NA_0_1,1760423488.69043,start,,,c6id.metal
ip-172-31-18-198,1760422256,duckdb,1.4.0,b8a06e4a22,join,J1_1e7_NA_0_1,1760423494.47967,finish,0,0,c6id.metal
ip-172-31-18-198,1760422256,clickhouse,25.5.2.47,,groupby,G1_1e7_1e2_0_0,1760423509.495,start,,,c6id.metal
ip-172-31-18-198,1760422256,clickhouse,25.5.2.47,,groupby,G1_1e7_1e2_0_0,1760423657.99792,finish,0,0,c6id.metal
ip-172-31-18-198,1760422256,clickhouse,25.5.2.47,,groupby,G1_1e7_1e1_0_0,1760423673.0132,start,,,c6id.metal
ip-172-31-18-198,1760422256,clickhouse,25.5.2.47,,groupby,G1_1e7_1e1_0_0,1760423821.9028,finish,0,0,c6id.metal
ip-172-31-18-198,1760422256,clickhouse,25.5.2.47,,groupby,G1_1e7_2e0_0_0,1760423836.91807,start,,,c6id.metal
ip-172-31-18-198,1760422256,clickhouse,25.5.2.47,,groupby,G1_1e7_2e0_0_0,1760423986.37207,finish,0,0,c6id.metal
ip-172-31-18-198,1760422256,clickhouse,25.5.2.47,,groupby,G1_1e7_1e2_0_1,1760424001.38739,start,,,c6id.metal
ip-172-31-18-198,1760422256,clickhouse,25.5.2.47,,groupby,G1_1e7_1e2_0_1,1760424150.51262,finish,0,0,c6id.metal
ip-172-31-18-198,1760422256,clickhouse,25.5.2.47,,groupby,G1_1e7_1e2_5_0,1760424165.52795,start,,,c6id.metal
ip-172-31-18-198,1760422256,clickhouse,25.5.2.47,,groupby,G1_1e7_1e2_5_0,1760424315.50698,finish,0,0,c6id.metal
ip-172-31-18-198,1760422256,clickhouse,25.5.2.47,,join,J1_1e7_NA_0_0,1760424330.52214,start,,,c6id.metal
ip-172-31-18-198,1760422256,clickhouse,25.5.2.47,,join,J1_1e7_NA_0_0,1760424481.3408,finish,0,0,c6id.metal
ip-172-31-18-198,1760422256,clickhouse,25.5.2.47,,join,J1_1e7_NA_5_0,1760424496.35612,start,,,c6id.metal
ip-172-31-18-198,1760422256,clickhouse,25.5.2.47,,join,J1_1e7_NA_5_0,1760424646.75139,finish,0,0,c6id.metal
ip-172-31-18-198,1760422256,clickhouse,25.5.2.47,,join,J1_1e7_NA_0_1,1760424661.76654,start,,,c6id.metal
ip-172-31-18-198,1760422256,clickhouse,25.5.2.47,,join,J1_1e7_NA_0_1,1760424811.61765,finish,0,0,c6id.metal
ip-172-31-18-198,1760422256,datafusion,50.0.0,,groupby,G1_1e7_1e2_0_0,1760424826.63299,start,,,c6id.metal
ip-172-31-18-198,1760422256,datafusion,50.0.0,,groupby,G1_1e7_1e2_0_0,1760424829.06346,finish,0,0,c6id.metal
ip-172-31-18-198,1760422256,datafusion,50.0.0,,groupby,G1_1e7_1e1_0_0,1760424844.07874,start,,,c6id.metal
ip-172-31-18-198,1760422256,datafusion,50.0.0,,groupby,G1_1e7_1e1_0_0,1760424847.66798,finish,0,0,c6id.metal
ip-172-31-18-198,1760422256,datafusion,50.0.0,,groupby,G1_1e7_2e0_0_0,1760424862.68328,start,,,c6id.metal
ip-172-31-18-198,1760422256,datafusion,50.0.0,,groupby,G1_1e7_2e0_0_0,1760424869.19166,finish,0,0,c6id.metal
ip-172-31-18-198,1760422256,datafusion,50.0.0,,groupby,G1_1e7_1e2_0_1,1760424884.20699,start,,,c6id.metal
ip-172-31-18-198,1760422256,datafusion,50.0.0,,groupby,G1_1e7_1e2_0_1,1760424887.03153,finish,0,0,c6id.metal
ip-172-31-18-198,1760422256,datafusion,50.0.0,,groupby,G1_1e7_1e2_5_0,1760424902.04673,start,,,c6id.metal
ip-172-31-18-198,1760422256,datafusion,50.0.0,,groupby,G1_1e7_1e2_5_0,1760424904.81916,finish,0,0,c6id.metal
ip-172-31-18-198,1760422256,datafusion,50.0.0,,join,J1_1e7_NA_0_0,1760424919.83445,start,,,c6id.metal
ip-172-31-18-198,1760422256,datafusion,50.0.0,,join,J1_1e7_NA_0_0,1760424922.2949,finish,0,0,c6id.metal
ip-172-31-18-198,1760422256,datafusion,50.0.0,,join,J1_1e7_NA_5_0,1760424937.31019,start,,,c6id.metal
ip-172-31-18-198,1760422256,datafusion,50.0.0,,join,J1_1e7_NA_5_0,1760424939.96942,finish,0,0,c6id.metal
ip-172-31-18-198,1760422256,datafusion,50.0.0,,join,J1_1e7_NA_0_1,1760424954.98471,start,,,c6id.metal
ip-172-31-18-198,1760422256,datafusion,50.0.0,,join,J1_1e7_NA_0_1,1760424957.42367,finish,0,0,c6id.metal
ip-172-31-18-198,1760422256,spark,4.0.1,,groupby,G1_1e7_1e2_0_0,1760424972.43898,start,,,c6id.metal
ip-172-31-18-198,1760422256,spark,4.0.1,,groupby,G1_1e7_1e2_0_0,1760424972.8134,finish,19,1,c6id.metal
ip-172-31-18-198,1760422256,spark,4.0.1,,groupby,G1_1e7_1e1_0_0,1760424987.82868,start,,,c6id.metal
ip-172-31-18-198,1760422256,spark,4.0.1,,groupby,G1_1e7_1e1_0_0,1760424988.20105,finish,19,1,c6id.metal
ip-172-31-18-198,1760422256,spark,4.0.1,,groupby,G1_1e7_2e0_0_0,1760425003.21635,start,,,c6id.metal
ip-172-31-18-198,1760422256,spark,4.0.1,,groupby,G1_1e7_2e0_0_0,1760425003.58795,finish,19,1,c6id.metal
ip-172-31-18-198,1760422256,spark,4.0.1,,groupby,G1_1e7_1e2_0_1,1760425018.60323,start,,,c6id.metal
ip-172-31-18-198,1760422256,spark,4.0.1,,groupby,G1_1e7_1e2_0_1,1760425018.97325,finish,19,1,c6id.metal
ip-172-31-18-198,1760422256,spark,4.0.1,,groupby,G1_1e7_1e2_5_0,1760425033.98833,start,,,c6id.metal
ip-172-31-18-198,1760422256,spark,4.0.1,,groupby,G1_1e7_1e2_5_0,1760425034.35635,finish,19,1,c6id.metal
ip-172-31-18-198,1760422256,spark,4.0.1,,join,J1_1e7_NA_0_0,1760425049.37165,start,,,c6id.metal
ip-172-31-18-198,1760422256,spark,4.0.1,,join,J1_1e7_NA_0_0,1760425049.74189,finish,19,1,c6id.metal
ip-172-31-18-198,1760422256,spark,4.0.1,,join,J1_1e7_NA_5_0,1760425064.75715,start,,,c6id.metal
ip-172-31-18-198,1760422256,spark,4.0.1,,join,J1_1e7_NA_5_0,1760425065.12879,finish,19,1,c6id.metal
ip-172-31-18-198,1760422256,spark,4.0.1,,join,J1_1e7_NA_0_1,1760425080.14391,start,,,c6id.metal
ip-172-31-18-198,1760422256,spark,4.0.1,,join,J1_1e7_NA_0_1,1760425080.52234,finish,19,1,c6id.metal
ip-172-31-18-198,1760422256,collapse,2.1.3,,groupby,G1_1e7_1e2_0_0,1760425095.53762,start,,,c6id.metal
ip-172-31-18-198,1760422256,collapse,2.1.3,,groupby,G1_1e7_1e2_0_0,1760425106.1335,finish,0,0,c6id.metal
ip-172-31-18-198,1760422256,collapse,2.1.3,,groupby,G1_1e7_1e1_0_0,1760425121.15277,start,,,c6id.metal
ip-172-31-18-198,1760422256,collapse,2.1.3,,groupby,G1_1e7_1e1_0_0,1760425141.46595,finish,0,0,c6id.metal
ip-172-31-18-198,1760422256,collapse,2.1.3,,groupby,G1_1e7_2e0_0_0,1760425156.48125,start,,,c6id.metal
ip-172-31-18-198,1760422256,collapse,2.1.3,,groupby,G1_1e7_2e0_0_0,1760425215.42541,finish,0,0,c6id.metal
ip-172-31-18-198,1760422256,collapse,2.1.3,,groupby,G1_1e7_1e2_0_1,1760425230.44059,start,,,c6id.metal
ip-172-31-18-198,1760422256,collapse,2.1.3,,groupby,G1_1e7_1e2_0_1,1760425239.49723,finish,0,0,c6id.metal
ip-172-31-18-198,1760422256,collapse,2.1.3,,groupby,G1_1e7_1e2_5_0,1760425254.51252,start,,,c6id.metal
ip-172-31-18-198,1760422256,collapse,2.1.3,,groupby,G1_1e7_1e2_5_0,1760425265.56122,finish,0,0,c6id.metal
ip-172-31-18-198,1760422256,collapse,2.1.3,,join,J1_1e7_NA_0_0,1760425280.57636,start,,,c6id.metal
ip-172-31-18-198,1760422256,collapse,2.1.3,,join,J1_1e7_NA_0_0,1760425392.43198,finish,0,0,c6id.metal
ip-172-31-18-198,1760422256,collapse,2.1.3,,join,J1_1e7_NA_5_0,1760425407.44727,start,,,c6id.metal
ip-172-31-18-198,1760422256,collapse,2.1.3,,join,J1_1e7_NA_5_0,1760425508.28301,finish,0,0,c6id.metal
ip-172-31-18-198,1760422256,collapse,2.1.3,,join,J1_1e7_NA_0_1,1760425523.2983,start,,,c6id.metal
ip-172-31-18-198,1760422256,collapse,2.1.3,,join,J1_1e7_NA_0_1,1760425619.94053,finish,0,0,c6id.metal
ip-172-31-18-198,1760422256,data.table,1.17.99,55b0de600d1770babe63d94ad3766a36bdedc443,groupby,G1_1e7_1e2_0_0,1760425634.95567,start,,,c6id.metal
ip-172-31-18-198,1760422256,data.table,1.17.99,55b0de600d1770babe63d94ad3766a36bdedc443,groupby,G1_1e7_1e2_0_0,1760425763.57183,finish,0,0,c6id.metal
ip-172-31-18-198,1760422256,data.table,1.17.99,55b0de600d1770babe63d94ad3766a36bdedc443,groupby,G1_1e7_1e1_0_0,1760425778.58714,start,,,c6id.metal
ip-172-31-18-198,1760422256,data.table,1.17.99,55b0de600d1770babe63d94ad3766a36bdedc443,groupby,G1_1e7_1e1_0_0,1760426380.0114,finish,4,0,c6id.metal
ip-172-31-18-198,1760422256,data.table,1.17.99,55b0de600d1770babe63d94ad3766a36bdedc443,groupby,G1_1e7_2e0_0_0,1760426395.0267,start,,,c6id.metal
ip-172-31-18-198,1760422256,data.table,1.17.99,55b0de600d1770babe63d94ad3766a36bdedc443,groupby,G1_1e7_2e0_0_0,1760426999.65802,finish,4,0,c6id.metal
ip-172-31-18-198,1760422256,data.table,1.17.99,55b0de600d1770babe63d94ad3766a36bdedc443,groupby,G1_1e7_1e2_0_1,1760427014.67335,start,,,c6id.metal
ip-172-31-18-198,1760422256,data.table,1.17.99,55b0de600d1770babe63d94ad3766a36bdedc443,groupby,G1_1e7_1e2_0_1,1760427121.51998,finish,0,0,c6id.metal
ip-172-31-18-198,1760422256,data.table,1.17.99,55b0de600d1770babe63d94ad3766a36bdedc443,groupby,G1_1e7_1e2_5_0,1760427136.5353,start,,,c6id.metal
ip-172-31-18-198,1760422256,data.table,1.17.99,55b0de600d1770babe63d94ad3766a36bdedc443,groupby,G1_1e7_1e2_5_0,1760427255.85198,finish,0,0,c6id.metal
ip-172-31-18-198,1760422256,data.table,1.17.99,55b0de600d1770babe63d94ad3766a36bdedc443,join,J1_1e7_NA_0_0,1760427270.86727,start,,,c6id.metal
ip-172-31-18-198,1760422256,data.table,1.17.99,55b0de600d1770babe63d94ad3766a36bdedc443,join,J1_1e7_NA_0_0,1760427390.95016,finish,0,0,c6id.metal
ip-172-31-18-198,1760422256,data.table,1.17.99,55b0de600d1770babe63d94ad3766a36bdedc443,join,J1_1e7_NA_5_0,1760427405.96549,start,,,c6id.metal
ip-172-31-18-198,1760422256,data.table,1.17.99,55b0de600d1770babe63d94ad3766a36bdedc443,join,J1_1e7_NA_5_0,1760427517.10313,finish,0,0,c6id.metal
ip-172-31-18-198,1760422256,data.table,1.17.99,55b0de600d1770babe63d94ad3766a36bdedc443,join,J1_1e7_NA_0_1,1760427532.11843,start,,,c6id.metal
ip-172-31-18-198,1760422256,data.table,1.17.99,55b0de600d1770babe63d94ad3766a36bdedc443,join,J1_1e7_NA_0_1,1760427638.44209,finish,0,0,c6id.metal
ip-172-31-18-198,1760427686,polars,1.34.0,,groupby,G1_1e8_1e2_0_0,1760427688.07461,start,,,c6id.metal
ip-172-31-18-198,1760427686,polars,1.34.0,,groupby,G1_1e8_1e2_0_0,1760427750.23214,finish,0,0,c6id.metal
ip-172-31-18-198,1760427686,polars,1.34.0,,groupby,G1_1e8_1e1_0_0,1760427765.24743,start,,,c6id.metal
ip-172-31-18-198,1760427686,polars,1.34.0,,groupby,G1_1e8_1e1_0_0,1760427870.93054,finish,0,0,c6id.metal
ip-172-31-18-198,1760427686,polars,1.34.0,,groupby,G1_1e8_2e0_0_0,1760427885.94581,start,,,c6id.metal
ip-172-31-18-198,1760427686,polars,1.34.0,,groupby,G1_1e8_2e0_0_0,1760428099.3889,finish,0,0,c6id.metal
ip-172-31-18-198,1760427686,polars,1.34.0,,groupby,G1_1e8_1e2_0_1,1760428114.40404,start,,,c6id.metal
ip-172-31-18-198,1760427686,polars,1.34.0,,groupby,G1_1e8_1e2_0_1,1760428169.97587,finish,0,0,c6id.metal
ip-172-31-18-198,1760427686,polars,1.34.0,,groupby,G1_1e8_1e2_5_0,1760428184.99114,start,,,c6id.metal
ip-172-31-18-198,1760427686,polars,1.34.0,,groupby,G1_1e8_1e2_5_0,1760428259.59181,finish,0,0,c6id.metal
ip-172-31-18-198,1760427686,polars,1.34.0,,join,J1_1e8_NA_0_0,1760428274.60712,start,,,c6id.metal
ip-172-31-18-198,1760427686,polars,1.34.0,,join,J1_1e8_NA_0_0,1760428477.78803,finish,0,0,c6id.metal
ip-172-31-18-198,1760427686,polars,1.34.0,,join,J1_1e8_NA_5_0,1760428492.8033,start,,,c6id.metal
ip-172-31-18-198,1760427686,polars,1.34.0,,join,J1_1e8_NA_5_0,1760428675.56946,finish,0,0,c6id.metal
ip-172-31-18-198,1760427686,polars,1.34.0,,join,J1_1e8_NA_0_1,1760428690.58473,start,,,c6id.metal
ip-172-31-18-198,1760427686,polars,1.34.0,,join,J1_1e8_NA_0_1,1760428872.68222,finish,0,0,c6id.metal
ip-172-31-18-198,1760427686,chdb,3.6.0,,groupby,G1_1e8_1e2_0_0,1760428887.69748,start,,,c6id.metal
ip-172-31-18-198,1760427686,chdb,3.6.0,,groupby,G1_1e8_1e2_0_0,1760429999.38572,finish,0,0,c6id.metal
ip-172-31-18-198,1760427686,chdb,3.6.0,,groupby,G1_1e8_1e1_0_0,1760430014.40088,start,,,c6id.metal
ip-172-31-18-198,1760427686,chdb,3.6.0,,groupby,G1_1e8_1e1_0_0,1760431040.85724,finish,0,0,c6id.metal
ip-172-31-18-198,1760427686,chdb,3.6.0,,groupby,G1_1e8_2e0_0_0,1760431055.87254,start,,,c6id.metal
ip-172-31-18-198,1760427686,chdb,3.6.0,,groupby,G1_1e8_2e0_0_0,1760432120.71858,finish,0,0,c6id.metal
ip-172-31-18-198,1760427686,chdb,3.6.0,,groupby,G1_1e8_1e2_0_1,1760432135.73391,start,,,c6id.metal
ip-172-31-18-198,1760427686,chdb,3.6.0,,groupby,G1_1e8_1e2_0_1,1760433151.23733,finish,0,0,c6id.metal
ip-172-31-18-198,1760427686,chdb,3.6.0,,groupby,G1_1e8_1e2_5_0,1760433166.25268,start,,,c6id.metal
ip-172-31-18-198,1760427686,chdb,3.6.0,,groupby,G1_1e8_1e2_5_0,1760434986.25773,finish,1,0,c6id.metal
ip-172-31-18-198,1760427686,chdb,3.6.0,,join,J1_1e8_NA_0_0,1760435001.27305,start,,,c6id.metal
ip-172-31-18-198,1760427686,chdb,3.6.0,,join,J1_1e8_NA_0_0,1760435289.99454,finish,0,0,c6id.metal
ip-172-31-18-198,1760427686,chdb,3.6.0,,join,J1_1e8_NA_5_0,1760435305.00981,start,,,c6id.metal
ip-172-31-18-198,1760427686,chdb,3.6.0,,join,J1_1e8_NA_5_0,1760435684.77411,finish,0,0,c6id.metal
ip-172-31-18-198,1760427686,chdb,3.6.0,,join,J1_1e8_NA_0_1,1760435699.78939,start,,,c6id.metal
ip-172-31-18-198,1760427686,chdb,3.6.0,,join,J1_1e8_NA_0_1,1760435991.51249,finish,0,0,c6id.metal
ip-172-31-18-198,1760427686,duckdb,1.4.0,b8a06e4a22,groupby,G1_1e8_1e2_0_0,1760436006.5276,start,,,c6id.metal
ip-172-31-18-198,1760427686,duckdb,1.4.0,b8a06e4a22,groupby,G1_1e8_1e2_0_0,1760436026.88672,finish,0,0,c6id.metal
ip-172-31-18-198,1760427686,duckdb,1.4.0,b8a06e4a22,groupby,G1_1e8_1e1_0_0,1760436041.90204,start,,,c6id.metal
ip-172-31-18-198,1760427686,duckdb,1.4.0,b8a06e4a22,groupby,G1_1e8_1e1_0_0,1760436069.83455,finish,0,0,c6id.metal
ip-172-31-18-198,1760427686,duckdb,1.4.0,b8a06e4a22,groupby,G1_1e8_2e0_0_0,1760436084.8498,start,,,c6id.metal
ip-172-31-18-198,1760427686,duckdb,1.4.0,b8a06e4a22,groupby,G1_1e8_2e0_0_0,1760436110.2935,finish,0,0,c6id.metal
ip-172-31-18-198,1760427686,duckdb,1.4.0,b8a06e4a22,groupby,G1_1e8_1e2_0_1,1760436125.30878,start,,,c6id.metal
ip-172-31-18-198,1760427686,duckdb,1.4.0,b8a06e4a22,groupby,G1_1e8_1e2_0_1,1760436144.57434,finish,0,0,c6id.metal
ip-172-31-18-198,1760427686,duckdb,1.4.0,b8a06e4a22,groupby,G1_1e8_1e2_5_0,1760436159.58945,start,,,c6id.metal
ip-172-31-18-198,1760427686,duckdb,1.4.0,b8a06e4a22,groupby,G1_1e8_1e2_5_0,1760436180.52953,finish,0,0,c6id.metal
ip-172-31-18-198,1760427686,duckdb,1.4.0,b8a06e4a22,join,J1_1e8_NA_0_0,1760436195.54481,start,,,c6id.metal
ip-172-31-18-198,1760427686,duckdb,1.4.0,b8a06e4a22,join,J1_1e8_NA_0_0,1760436253.76137,finish,0,0,c6id.metal
ip-172-31-18-198,1760427686,duckdb,1.4.0,b8a06e4a22,join,J1_1e8_NA_5_0,1760436268.77663,start,,,c6id.metal
ip-172-31-18-198,1760427686,duckdb,1.4.0,b8a06e4a22,join,J1_1e8_NA_5_0,1760436329.37285,finish,0,0,c6id.metal
ip-172-31-18-198,1760427686,duckdb,1.4.0,b8a06e4a22,join,J1_1e8_NA_0_1,1760436344.38797,start,,,c6id.metal
ip-172-31-18-198,1760427686,duckdb,1.4.0,b8a06e4a22,join,J1_1e8_NA_0_1,1760436394.27995,finish,0,0,c6id.metal
ip-172-31-18-198,1760427686,clickhouse,25.5.2.47,,groupby,G1_1e8_1e2_0_0,1760436409.29521,start,,,c6id.metal
ip-172-31-18-198,1760427686,clickhouse,25.5.2.47,,groupby,G1_1e8_1e2_0_0,1760436577.47401,finish,0,0,c6id.metal
ip-172-31-18-198,1760427686,clickhouse,25.5.2.47,,groupby,G1_1e8_1e1_0_0,1760436592.48929,start,,,c6id.metal
ip-172-31-18-198,1760427686,clickhouse,25.5.2.47,,groupby,G1_1e8_1e1_0_0,1760436761.57033,finish,0,0,c6id.metal
ip-172-31-18-198,1760427686,clickhouse,25.5.2.47,,groupby,G1_1e8_2e0_0_0,1760436776.5856,start,,,c6id.metal
ip-172-31-18-198,1760427686,clickhouse,25.5.2.47,,groupby,G1_1e8_2e0_0_0,1760436948.53368,finish,0,0,c6id.metal
ip-172-31-18-198,1760427686,clickhouse,25.5.2.47,,groupby,G1_1e8_1e2_0_1,1760436963.54901,start,,,c6id.metal
ip-172-31-18-198,1760427686,clickhouse,25.5.2.47,,groupby,G1_1e8_1e2_0_1,1760437133.64232,finish,0,0,c6id.metal
ip-172-31-18-198,1760427686,clickhouse,25.5.2.47,,groupby,G1_1e8_1e2_5_0,1760437148.65758,start,,,c6id.metal
ip-172-31-18-198,1760427686,clickhouse,25.5.2.47,,groupby,G1_1e8_1e2_5_0,1760437322.1776,finish,0,0,c6id.metal
ip-172-31-18-198,1760427686,clickhouse,25.5.2.47,,join,J1_1e8_NA_0_0,1760437337.19291,start,,,c6id.metal
ip-172-31-18-198,1760427686,clickhouse,25.5.2.47,,join,J1_1e8_NA_0_0,1760437539.01896,finish,0,0,c6id.metal
ip-172-31-18-198,1760427686,clickhouse,25.5.2.47,,join,J1_1e8_NA_5_0,1760437554.03425,start,,,c6id.metal
ip-172-31-18-198,1760427686,clickhouse,25.5.2.47,,join,J1_1e8_NA_5_0,1760437756.00192,finish,0,0,c6id.metal
ip-172-31-18-198,1760427686,clickhouse,25.5.2.47,,join,J1_1e8_NA_0_1,1760437771.01719,start,,,c6id.metal
ip-172-31-18-198,1760427686,clickhouse,25.5.2.47,,join,J1_1e8_NA_0_1,1760437974.05422,finish,0,0,c6id.metal
ip-172-31-18-198,1760427686,datafusion,50.0.0,,groupby,G1_1e8_1e2_0_0,1760437989.06936,start,,,c6id.metal
ip-172-31-18-198,1760427686,datafusion,50.0.0,,groupby,G1_1e8_1e2_0_0,1760438006.8586,finish,0,0,c6id.metal
ip-172-31-18-198,1760427686,datafusion,50.0.0,,groupby,G1_1e8_1e1_0_0,1760438021.87372,start,,,c6id.metal
ip-172-31-18-198,1760427686,datafusion,50.0.0,,groupby,G1_1e8_1e1_0_0,1760438050.74917,finish,0,0,c6id.metal
ip-172-31-18-198,1760427686,datafusion,50.0.0,,groupby,G1_1e8_2e0_0_0,1760438065.76447,start,,,c6id.metal
ip-172-31-18-198,1760427686,datafusion,50.0.0,,groupby,G1_1e8_2e0_0_0,1760438123.51001,finish,0,0,c6id.metal
ip-172-31-18-198,1760427686,datafusion,50.0.0,,groupby,G1_1e8_1e2_0_1,1760438138.52529,start,,,c6id.metal
ip-172-31-18-198,1760427686,datafusion,50.0.0,,groupby,G1_1e8_1e2_0_1,1760438157.58123,finish,0,0,c6id.metal
ip-172-31-18-198,1760427686,datafusion,50.0.0,,groupby,G1_1e8_1e2_5_0,1760438172.5965,start,,,c6id.metal
ip-172-31-18-198,1760427686,datafusion,50.0.0,,groupby,G1_1e8_1e2_5_0,1760438191.15621,finish,0,0,c6id.metal
ip-172-31-18-198,1760427686,spark,4.0.1,,groupby,G1_1e8_1e2_0_0,1760438206.1715,start,,,c6id.metal
ip-172-31-18-198,1760427686,spark,4.0.1,,groupby,G1_1e8_1e2_0_0,1760438206.5516,finish,19,1,c6id.metal
ip-172-31-18-198,1760427686,spark,4.0.1,,groupby,G1_1e8_1e1_0_0,1760438221.56671,start,,,c6id.metal
ip-172-31-18-198,1760427686,spark,4.0.1,,groupby,G1_1e8_1e1_0_0,1760438221.94509,finish,19,1,c6id.metal
ip-172-31-18-198,1760427686,spark,4.0.1,,groupby,G1_1e8_2e0_0_0,1760438236.96036,start,,,c6id.metal
ip-172-31-18-198,1760427686,spark,4.0.1,,groupby,G1_1e8_2e0_0_0,1760438237.33515,finish,19,1,c6id.metal
ip-172-31-18-198,1760427686,spark,4.0.1,,groupby,G1_1e8_1e2_0_1,1760438252.35042,start,,,c6id.metal
ip-172-31-18-198,1760427686,spark,4.0.1,,groupby,G1_1e8_1e2_0_1,1760438252.728,finish,19,1,c6id.metal
ip-172-31-18-198,1760427686,spark,4.0.1,,groupby,G1_1e8_1e2_5_0,1760438267.74327,start,,,c6id.metal
ip-172-31-18-198,1760427686,spark,4.0.1,,groupby,G1_1e8_1e2_5_0,1760438268.11876,finish,19,1,c6id.metal
ip-172-31-18-198,1760427686,spark,4.0.1,,join,J1_1e8_NA_0_0,1760438283.13388,start,,,c6id.metal
ip-172-31-18-198,1760427686,spark,4.0.1,,join,J1_1e8_NA_0_0,1760438283.50773,finish,19,1,c6id.metal
ip-172-31-18-198,1760427686,spark,4.0.1,,join,J1_1e8_NA_5_0,1760438298.52302,start,,,c6id.metal
ip-172-31-18-198,1760427686,spark,4.0.1,,join,J1_1e8_NA_5_0,1760438298.89691,finish,19,1,c6id.metal
ip-172-31-18-198,1760427686,spark,4.0.1,,join,J1_1e8_NA_0_1,1760438313.91215,start,,,c6id.metal
ip-172-31-18-198,1760427686,spark,4.0.1,,join,J1_1e8_NA_0_1,1760438314.28312,finish,19,1,c6id.metal
ip-172-31-18-198,1760427686,collapse,2.1.3,,groupby,G1_1e8_1e2_0_0,1760438329.29821,start,,,c6id.metal
ip-172-31-18-198,1760427686,collapse,2.1.3,,groupby,G1_1e8_1e2_0_0,1760438457.91311,finish,0,0,c6id.metal
ip-172-31-18-198,1760427686,collapse,2.1.3,,groupby,G1_1e8_1e1_0_0,1760438472.92823,start,,,c6id.metal
ip-172-31-18-198,1760427686,collapse,2.1.3,,groupby,G1_1e8_1e1_0_0,1760438753.25625,finish,0,0,c6id.metal
ip-172-31-18-198,1760427686,collapse,2.1.3,,groupby,G1_1e8_2e0_0_0,1760438768.27137,start,,,c6id.metal
ip-172-31-18-198,1760427686,collapse,2.1.3,,groupby,G1_1e8_2e0_0_0,1760439450.69985,finish,0,0,c6id.metal
ip-172-31-18-198,1760427686,collapse,2.1.3,,groupby,G1_1e8_1e2_0_1,1760439465.71513,start,,,c6id.metal
ip-172-31-18-198,1760427686,collapse,2.1.3,,groupby,G1_1e8_1e2_0_1,1760439584.03901,finish,0,0,c6id.metal
ip-172-31-18-198,1760427686,collapse,2.1.3,,groupby,G1_1e8_1e2_5_0,1760439599.05429,start,,,c6id.metal
ip-172-31-18-198,1760427686,collapse,2.1.3,,groupby,G1_1e8_1e2_5_0,1760439728.37098,finish,0,0,c6id.metal
ip-172-31-18-198,1760427686,collapse,2.1.3,,join,J1_1e8_NA_0_0,1760439743.38609,start,,,c6id.metal
ip-172-31-18-198,1760427686,collapse,2.1.3,,join,J1_1e8_NA_0_0,1760441137.29342,finish,0,0,c6id.metal
ip-172-31-18-198,1760427686,collapse,2.1.3,,join,J1_1e8_NA_5_0,1760441152.30854,start,,,c6id.metal
ip-172-31-18-198,1760427686,collapse,2.1.3,,join,J1_1e8_NA_5_0,1760442327.01241,finish,0,0,c6id.metal
ip-172-31-18-198,1760427686,collapse,2.1.3,,join,J1_1e8_NA_0_1,1760442342.02769,start,,,c6id.metal
ip-172-31-18-198,1760427686,collapse,2.1.3,,join,J1_1e8_NA_0_1,1760443581.93253,finish,0,0,c6id.metal
ip-172-31-18-198,1760427686,data.table,1.17.99,55b0de600d1770babe63d94ad3766a36bdedc443,groupby,G1_1e8_1e2_0_0,1760443596.94767,start,,,c6id.metal
ip-172-31-18-198,1760427686,data.table,1.17.99,55b0de600d1770babe63d94ad3766a36bdedc443,groupby,G1_1e8_1e2_0_0,1760445398.98126,finish,4,0,c6id.metal
ip-172-31-18-198,1760427686,data.table,1.17.99,55b0de600d1770babe63d94ad3766a36bdedc443,groupby,G1_1e8_1e1_0_0,1760445413.99639,start,,,c6id.metal
ip-172-31-18-198,1760427686,data.table,1.17.99,55b0de600d1770babe63d94ad3766a36bdedc443,groupby,G1_1e8_1e1_0_0,1760447234.00039,finish,1,0,c6id.metal
ip-172-31-18-198,1760451677,polars,1.34.0,,groupby,G1_1e9_1e2_0_0,1760451678.93861,start,,,c6id.metal
ip-172-31-18-198,1760451677,polars,1.34.0,,groupby,G1_1e9_1e2_0_0,1760451679.21483,finish,20,1,c6id.metal
ip-172-31-18-198,1760451727,polars,1.34.0,,groupby,G1_1e9_1e2_0_0,1760451728.94351,start,,,c6id.metal
ip-172-31-18-198,1760451727,polars,1.34.0,,groupby,G1_1e9_1e2_0_0,1760451729.13759,finish,47,2,c6id.metal
ip-172-31-18-198,1760452954,polars,1.34.0,,groupby,G1_1e9_1e2_0_0,1760452955.09855,start,,,c6id.metal
ip-172-31-18-198,1760452954,polars,1.34.0,,groupby,G1_1e9_1e2_0_0,1760453900.02126,finish,0,0,c6id.metal
ip-172-31-18-198,1760452954,polars,1.34.0,,groupby,G1_1e9_1e1_0_0,1760453915.03657,start,,,c6id.metal
ip-172-31-18-198,1760452954,polars,1.34.0,,groupby,G1_1e9_1e1_0_0,1760455363.52521,finish,0,0,c6id.metal
ip-172-31-18-198,1760452954,polars,1.34.0,,groupby,G1_1e9_2e0_0_0,1760455378.54048,start,,,c6id.metal
ip-172-31-18-198,1760452954,polars,1.34.0,,groupby,G1_1e9_2e0_0_0,1760458116.53405,finish,0,0,c6id.metal
ip-172-31-18-198,1760452954,polars,1.34.0,,groupby,G1_1e9_1e2_0_1,1760458131.54932,start,,,c6id.metal
ip-172-31-18-198,1760452954,polars,1.34.0,,groupby,G1_1e9_1e2_0_1,1760459018.93774,finish,0,0,c6id.metal
ip-172-31-18-198,1760452954,polars,1.34.0,,groupby,G1_1e9_1e2_5_0,1760459033.95305,start,,,c6id.metal
ip-172-31-18-198,1760452954,polars,1.34.0,,groupby,G1_1e9_1e2_5_0,1760460119.07312,finish,0,0,c6id.metal
ip-172-31-18-198,1760452954,polars,1.34.0,,join,J1_1e9_NA_0_0,1760460134.08822,start,,,c6id.metal
ip-172-31-18-198,1760452954,polars,1.34.0,,join,J1_1e9_NA_0_0,1760460897.16419,finish,0,15,c6id.metal
ip-172-31-18-198,1761037191,duckdb,1.4.1,b390a7c376,groupby,G1_1e9_1e2_0_0,1761037192.21004,start,,,c6id.metal
ip-172-31-18-198,1761037191,duckdb,1.4.1,b390a7c376,groupby,G1_1e9_1e2_0_0,1761037443.82121,finish,0,0,c6id.metal
ip-172-31-18-198,1761037191,duckdb,1.4.1,b390a7c376,groupby,G1_1e9_1e1_0_0,1761037458.83646,start,,,c6id.metal
ip-172-31-18-198,1761037191,duckdb,1.4.1,b390a7c376,groupby,G1_1e9_1e1_0_0,1761037759.04337,finish,0,0,c6id.metal
ip-172-31-18-198,1761037191,duckdb,1.4.1,b390a7c376,groupby,G1_1e9_2e0_0_0,1761037774.05874,start,,,c6id.metal
ip-172-31-18-198,1761037191,duckdb,1.4.1,b390a7c376,groupby,G1_1e9_2e0_0_0,1761038070.42596,finish,0,0,c6id.metal
ip-172-31-18-198,1761037191,duckdb,1.4.1,b390a7c376,groupby,G1_1e9_1e2_0_1,1761038085.44126,start,,,c6id.metal
ip-172-31-18-198,1761037191,duckdb,1.4.1,b390a7c376,groupby,G1_1e9_1e2_0_1,1761038324.02162,finish,0,0,c6id.metal
ip-172-31-18-198,1761037191,duckdb,1.4.1,b390a7c376,groupby,G1_1e9_1e2_5_0,1761038339.03679,start,,,c6id.metal
ip-172-31-18-198,1761037191,duckdb,1.4.1,b390a7c376,groupby,G1_1e9_1e2_5_0,1761038604.53951,finish,0,0,c6id.metal
ip-172-31-18-198,1761037191,datafusion,50.1.0,,groupby,G1_1e9_1e2_0_0,1761038619.55469,start,,,c6id.metal
ip-172-31-18-198,1761037191,datafusion,50.1.0,,groupby,G1_1e9_1e2_0_0,1761038905.84884,finish,0,15,c6id.metal
ip-172-31-18-198,1761039152,duckdb,1.4.1,b390a7c376,groupby,G1_1e9_1e2_0_0,1761039153.85927,start,,,c6id.metal
ip-172-31-18-198,1761039152,duckdb,1.4.1,b390a7c376,groupby,G1_1e9_1e2_0_0,1761039403.65154,finish,0,0,c6id.metal
ip-172-31-18-198,1761039589,clickhouse,25.9.3.48,,groupby,G1_1e9_1e2_0_0,1761039590.05082,start,,,c6id.metal
ip-172-31-18-198,1761039589,clickhouse,25.9.3.48,,groupby,G1_1e9_1e2_0_0,1761039603.08301,finish,2,1,c6id.metal
ip-172-31-18-198,1761039589,clickhouse,25.9.3.48,,groupby,G1_1e9_1e1_0_0,1761039618.09826,start,,,c6id.metal
ip-172-31-18-198,1761039589,clickhouse,25.9.3.48,,groupby,G1_1e9_1e1_0_0,1761039633.33135,finish,2,1,c6id.metal
ip-172-31-18-198,1761039589,clickhouse,25.9.3.48,,groupby,G1_1e9_2e0_0_0,1761039648.34664,start,,,c6id.metal
ip-172-31-18-198,1761039589,clickhouse,25.9.3.48,,groupby,G1_1e9_2e0_0_0,1761039663.57853,finish,2,1,c6id.metal
ip-172-31-18-198,1761039589,clickhouse,25.9.3.48,,groupby,G1_1e9_1e2_0_1,1761039678.59384,start,,,c6id.metal
ip-172-31-18-198,1761039589,clickhouse,25.9.3.48,,groupby,G1_1e9_1e2_0_1,1761039693.8312,finish,2,1,c6id.metal
ip-172-31-18-198,1761039589,clickhouse,25.9.3.48,,groupby,G1_1e9_1e2_5_0,1761039708.84648,start,,,c6id.metal
ip-172-31-18-198,1761039589,clickhouse,25.9.3.48,,groupby,G1_1e9_1e2_5_0,1761039724.081,finish,2,1,c6id.metal
ip-172-31-18-198,1761039589,data.table,1.17.99,59f966cf6839a0494e42ed1ab98616eea03dcb36,groupby,G1_1e9_1e2_0_0,1761039739.09623,start,,,c6id.metal
ip-172-31-18-198,1761039589,data.table,1.17.99,59f966cf6839a0494e42ed1ab98616eea03dcb36,groupby,G1_1e9_1e2_0_0,1761043359.1009,finish,1,1,c6id.metal
ip-172-31-18-198,1761039589,data.table,1.17.99,59f966cf6839a0494e42ed1ab98616eea03dcb36,groupby,G1_1e9_1e1_0_0,1761043374.11604,start,,,c6id.metal
ip-172-31-18-198,1761039589,data.table,1.17.99,59f966cf6839a0494e42ed1ab98616eea03dcb36,groupby,G1_1e9_1e1_0_0,1761046994.1198,finish,1,1,c6id.metal
ip-172-31-18-198,1761039589,data.table,1.17.99,59f966cf6839a0494e42ed1ab98616eea03dcb36,groupby,G1_1e9_2e0_0_0,1761047009.13514,start,,,c6id.metal
ip-172-31-18-198,1761039589,data.table,1.17.99,59f966cf6839a0494e42ed1ab98616eea03dcb36,groupby,G1_1e9_2e0_0_0,1761050629.14062,finish,1,1,c6id.metal
ip-172-31-18-198,1761039589,data.table,1.17.99,59f966cf6839a0494e42ed1ab98616eea03dcb36,groupby,G1_1e9_1e2_0_1,1761050644.15597,start,,,c6id.metal
ip-172-31-18-198,1761039589,data.table,1.17.99,59f966cf6839a0494e42ed1ab98616eea03dcb36,groupby,G1_1e9_1e2_0_1,1761054256.55667,finish,4,1,c6id.metal
ip-172-31-18-198,1761039589,data.table,1.17.99,59f966cf6839a0494e42ed1ab98616eea03dcb36,groupby,G1_1e9_1e2_5_0,1761054271.57194,start,,,c6id.metal
ip-172-31-18-198,1761039589,data.table,1.17.99,59f966cf6839a0494e42ed1ab98616eea03dcb36,groupby,G1_1e9_1e2_5_0,1761057891.57647,finish,1,1,c6id.metal
ip-172-31-18-198,1761039589,collapse,2.1.3,,groupby,G1_1e9_1e2_0_0,1761057906.59184,start,,,c6id.metal
ip-172-31-18-198,1761039589,collapse,2.1.3,,groupby,G1_1e9_1e2_0_0,1761059932.92598,finish,0,0,c6id.metal
ip-172-31-18-198,1761039589,collapse,2.1.3,,groupby,G1_1e9_1e1_0_0,1761059947.94136,start,,,c6id.metal
ip-172-31-18-198,1761039589,collapse,2.1.3,,groupby,G1_1e9_1e1_0_0,1761063567.94662,finish,1,0,c6id.metal
ip-172-31-18-198,1761039589,collapse,2.1.3,,groupby,G1_1e9_2e0_0_0,1761063582.96185,start,,,c6id.metal
ip-172-31-18-198,1761039589,collapse,2.1.3,,groupby,G1_1e9_2e0_0_0,1761067199.25485,finish,3,0,c6id.metal
ip-172-31-18-198,1761039589,collapse,2.1.3,,groupby,G1_1e9_1e2_0_1,1761067214.27014,start,,,c6id.metal
ip-172-31-18-198,1761039589,collapse,2.1.3,,groupby,G1_1e9_1e2_0_1,1761068888.80279,finish,0,0,c6id.metal
ip-172-31-18-198,1761039589,collapse,2.1.3,,groupby,G1_1e9_1e2_5_0,1761068903.81808,start,,,c6id.metal
ip-172-31-18-198,1761039589,collapse,2.1.3,,groupby,G1_1e9_1e2_5_0,1761070998.53457,finish,0,0,c6id.metal
ip-172-31-18-198,1761071825,clickhouse,25.9.3.48,,groupby,G1_1e9_1e2_0_0,1761071846.04482,start,,,c6id.metal
ip-172-31-18-198,1761071825,clickhouse,25.9.3.48,,groupby,G1_1e9_1e2_0_0,1761072846.49902,finish,0,0,c6id.metal
ip-172-31-18-198,1761071825,clickhouse,25.9.3.48,,groupby,G1_1e9_1e1_0_0,1761072861.51428,start,,,c6id.metal
ip-172-31-18-198,1761071825,clickhouse,25.9.3.48,,groupby,G1_1e9_1e1_0_0,1761073890.82591,finish,0,0,c6id.metal
ip-172-31-18-198,1761071825,clickhouse,25.9.3.48,,groupby,G1_1e9_2e0_0_0,1761073905.8412,start,,,c6id.metal
ip-172-31-18-198,1761071825,clickhouse,25.9.3.48,,groupby,G1_1e9_2e0_0_0,1761074971.53029,finish,0,0,c6id.metal
ip-172-31-18-198,1761071825,clickhouse,25.9.3.48,,groupby,G1_1e9_1e2_0_1,1761074986.54555,start,,,c6id.metal
ip-172-31-18-198,1761071825,clickhouse,25.9.3.48,,groupby,G1_1e9_1e2_0_1,1761076007.89071,finish,0,0,c6id.metal
ip-172-31-18-198,1761071825,clickhouse,25.9.3.48,,groupby,G1_1e9_1e2_5_0,1761076022.90596,start,,,c6id.metal
ip-172-31-18-198,1761071825,clickhouse,25.9.3.48,,groupby,G1_1e9_1e2_5_0,1761077085.20248,finish,0,0,c6id.metal
ip-172-31-18-198,1761124108,clickhouse,25.9.3.48,,join,J1_1e9_NA_0_0,1761124127.17589,start,,,c6id.metal
ip-172-31-18-198,1761124108,clickhouse,25.9.3.48,,join,J1_1e9_NA_0_0,1761125456.38294,finish,0,0,c6id.metal
ip-172-31-18-198,1761124108,duckdb,1.4.1,b390a7c376,join,J1_1e9_NA_0_0,1761125471.39806,start,,,c6id.metal
ip-172-31-18-198,1761124108,duckdb,1.4.1,b390a7c376,join,J1_1e9_NA_0_0,1761126271.98336,finish,2,1,c6id.metal
ip-172-31-18-198,1761130269,clickhouse,25.9.3.48,,join,J1_1e7_NA_0_0,1761130271.53689,start,,,c6id.metal
ip-172-31-18-198,1761130269,clickhouse,25.9.3.48,,join,J1_1e7_NA_0_0,1761130422.96471,finish,0,0,c6id.metal
ip-172-31-18-198,1761130269,clickhouse,25.9.3.48,,join,J1_1e7_NA_5_0,1761130437.97996,start,,,c6id.metal
ip-172-31-18-198,1761130269,clickhouse,25.9.3.48,,join,J1_1e7_NA_5_0,1761130587.57485,finish,0,0,c6id.metal
ip-172-31-18-198,1761130269,clickhouse,25.9.3.48,,join,J1_1e7_NA_0_1,1761130602.59014,start,,,c6id.metal
ip-172-31-18-198,1761130269,clickhouse,25.9.3.48,,join,J1_1e7_NA_0_1,1761130752.19506,finish,0,0,c6id.metal
ip-172-31-18-198,1761130269,clickhouse,25.9.3.48,,groupby,G1_1e7_1e2_0_0,1761130767.21019,start,,,c6id.metal
ip-172-31-18-198,1761130269,clickhouse,25.9.3.48,,groupby,G1_1e7_1e2_0_0,1761130915.88454,finish,0,0,c6id.metal
ip-172-31-18-198,1761130269,clickhouse,25.9.3.48,,groupby,G1_1e7_1e1_0_0,1761130930.89983,start,,,c6id.metal
ip-172-31-18-198,1761130269,clickhouse,25.9.3.48,,groupby,G1_1e7_1e1_0_0,1761131079.61046,finish,0,0,c6id.metal
ip-172-31-18-198,1761130269,clickhouse,25.9.3.48,,groupby,G1_1e7_2e0_0_0,1761131094.62573,start,,,c6id.metal
ip-172-31-18-198,1761130269,clickhouse,25.9.3.48,,groupby,G1_1e7_2e0_0_0,1761131244.35456,finish,0,0,c6id.metal
ip-172-31-18-198,1761130269,clickhouse,25.9.3.48,,groupby,G1_1e7_1e2_0_1,1761131259.36984,start,,,c6id.metal
ip-172-31-18-198,1761130269,clickhouse,25.9.3.48,,groupby,G1_1e7_1e2_0_1,1761131408.09482,finish,0,0,c6id.metal
ip-172-31-18-198,1761130269,clickhouse,25.9.3.48,,groupby,G1_1e7_1e2_5_0,1761131423.1101,start,,,c6id.metal
ip-172-31-18-198,1761130269,clickhouse,25.9.3.48,,groupby,G1_1e7_1e2_5_0,1761131572.81174,finish,0,0,c6id.metal
ip-172-31-18-198,1761130269,duckdb,1.4.1,b390a7c376,join,J1_1e7_NA_0_0,1761131587.82698,start,,,c6id.metal
ip-172-31-18-198,1761130269,duckdb,1.4.1,b390a7c376,join,J1_1e7_NA_0_0,1761131594.08798,finish,0,0,c6id.metal
ip-172-31-18-198,1761130269,duckdb,1.4.1,b390a7c376,join,J1_1e7_NA_5_0,1761131609.1031,start,,,c6id.metal
ip-172-31-18-198,1761130269,duckdb,1.4.1,b390a7c376,join,J1_1e7_NA_5_0,1761131615.69217,finish,0,0,c6id.metal
ip-172-31-18-198,1761130269,duckdb,1.4.1,b390a7c376,join,J1_1e7_NA_0_1,1761131630.70731,start,,,c6id.metal
ip-172-31-18-198,1761130269,duckdb,1.4.1,b390a7c376,join,J1_1e7_NA_0_1,1761131636.64754,finish,0,0,c6id.metal
ip-172-31-18-198,1761130269,duckdb,1.4.1,b390a7c376,groupby,G1_1e7_1e2_0_0,1761131651.66266,start,,,c6id.metal
ip-172-31-18-198,1761130269,duckdb,1.4.1,b390a7c376,groupby,G1_1e7_1e2_0_0,1761131656.33894,finish,0,0,c6id.metal
ip-172-31-18-198,1761130269,duckdb,1.4.1,b390a7c376,groupby,G1_1e7_1e1_0_0,1761131671.35423,start,,,c6id.metal
ip-172-31-18-198,1761130269,duckdb,1.4.1,b390a7c376,groupby,G1_1e7_1e1_0_0,1761131677.09687,finish,0,0,c6id.metal
ip-172-31-18-198,1761130269,duckdb,1.4.1,b390a7c376,groupby,G1_1e7_2e0_0_0,1761131692.11198,start,,,c6id.metal
ip-172-31-18-198,1761130269,duckdb,1.4.1,b390a7c376,groupby,G1_1e7_2e0_0_0,1761131699.13982,finish,0,0,c6id.metal
ip-172-31-18-198,1761130269,duckdb,1.4.1,b390a7c376,groupby,G1_1e7_1e2_0_1,1761131714.1551,start,,,c6id.metal
ip-172-31-18-198,1761130269,duckdb,1.4.1,b390a7c376,groupby,G1_1e7_1e2_0_1,1761131718.89836,finish,0,0,c6id.metal
ip-172-31-18-198,1761130269,duckdb,1.4.1,b390a7c376,groupby,G1_1e7_1e2_5_0,1761131733.91357,start,,,c6id.metal
ip-172-31-18-198,1761130269,duckdb,1.4.1,b390a7c376,groupby,G1_1e7_1e2_5_0,1761131738.61914,finish,0,0,c6id.metal
ip-172-31-18-198,1761130269,chdb,3.6.0,,join,J1_1e7_NA_0_0,1761131753.63445,start,,,c6id.metal
ip-172-31-18-198,1761130269,chdb,3.6.0,,join,J1_1e7_NA_0_0,1761131778.18293,finish,0,0,c6id.metal
ip-172-31-18-198,1761130269,chdb,3.6.0,,join,J1_1e7_NA_5_0,1761131793.19823,start,,,c6id.metal
ip-172-31-18-198,1761130269,chdb,3.6.0,,join,J1_1e7_NA_5_0,1761131827.75301,finish,0,0,c6id.metal
ip-172-31-18-198,1761130269,chdb,3.6.0,,join,J1_1e7_NA_0_1,1761131842.76816,start,,,c6id.metal
ip-172-31-18-198,1761130269,chdb,3.6.0,,join,J1_1e7_NA_0_1,1761131867.71111,finish,0,0,c6id.metal
ip-172-31-18-198,1761130269,chdb,3.6.0,,groupby,G1_1e7_1e2_0_0,1761131882.72645,start,,,c6id.metal
ip-172-31-18-198,1761130269,chdb,3.6.0,,groupby,G1_1e7_1e2_0_0,1761131984.85139,finish,0,0,c6id.metal
ip-172-31-18-198,1761130269,chdb,3.6.0,,groupby,G1_1e7_1e1_0_0,1761131999.8665,start,,,c6id.metal
ip-172-31-18-198,1761130269,chdb,3.6.0,,groupby,G1_1e7_1e1_0_0,1761132105.90471,finish,0,0,c6id.metal
ip-172-31-18-198,1761130269,chdb,3.6.0,,groupby,G1_1e7_2e0_0_0,1761132120.91998,start,,,c6id.metal
ip-172-31-18-198,1761130269,chdb,3.6.0,,groupby,G1_1e7_2e0_0_0,1761132233.68702,finish,0,0,c6id.metal
ip-172-31-18-198,1761130269,chdb,3.6.0,,groupby,G1_1e7_1e2_0_1,1761132248.70233,start,,,c6id.metal
ip-172-31-18-198,1761130269,chdb,3.6.0,,groupby,G1_1e7_1e2_0_1,1761132347.46878,finish,0,0,c6id.metal
ip-172-31-18-198,1761130269,chdb,3.6.0,,groupby,G1_1e7_1e2_5_0,1761132362.48407,start,,,c6id.metal
ip-172-31-18-198,1761130269,chdb,3.6.0,,groupby,G1_1e7_1e2_5_0,1761132595.03821,finish,0,0,c6id.metal
ip-172-31-18-198,1761132641,clickhouse,25.9.3.48,,join,J1_1e8_NA_0_0,1761132642.17085,start,,,c6id.metal
ip-172-31-18-198,1761132641,clickhouse,25.9.3.48,,join,J1_1e8_NA_0_0,1761132837.86038,finish,0,0,c6id.metal
ip-172-31-18-198,1761132641,clickhouse,25.9.3.48,,join,J1_1e8_NA_5_0,1761132852.87563,start,,,c6id.metal
ip-172-31-18-198,1761132641,clickhouse,25.9.3.48,,join,J1_1e8_NA_5_0,1761133044.57523,finish,0,0,c6id.metal
ip-172-31-18-198,1761132641,clickhouse,25.9.3.48,,join,J1_1e8_NA_0_1,1761133059.59052,start,,,c6id.metal
ip-172-31-18-198,1761132641,clickhouse,25.9.3.48,,join,J1_1e8_NA_0_1,1761133254.38955,finish,0,0,c6id.metal
ip-172-31-18-198,1761132641,clickhouse,25.9.3.48,,groupby,G1_1e8_1e2_0_0,1761133269.40483,start,,,c6id.metal
ip-172-31-18-198,1761132641,clickhouse,25.9.3.48,,groupby,G1_1e8_1e2_0_0,1761133436.25042,finish,0,0,c6id.metal
ip-172-31-18-198,1761132641,clickhouse,25.9.3.48,,groupby,G1_1e8_1e1_0_0,1761133451.26572,start,,,c6id.metal
ip-172-31-18-198,1761132641,clickhouse,25.9.3.48,,groupby,G1_1e8_1e1_0_0,1761133620.13716,finish,0,0,c6id.metal
ip-172-31-18-198,1761132641,clickhouse,25.9.3.48,,groupby,G1_1e8_2e0_0_0,1761133635.15231,start,,,c6id.metal
ip-172-31-18-198,1761132641,clickhouse,25.9.3.48,,groupby,G1_1e8_2e0_0_0,1761133807.0916,finish,0,0,c6id.metal
ip-172-31-18-198,1761132641,clickhouse,25.9.3.48,,groupby,G1_1e8_1e2_0_1,1761133822.10686,start,,,c6id.metal
ip-172-31-18-198,1761132641,clickhouse,25.9.3.48,,groupby,G1_1e8_1e2_0_1,1761133991.04576,finish,0,0,c6id.metal
ip-172-31-18-198,1761132641,clickhouse,25.9.3.48,,groupby,G1_1e8_1e2_5_0,1761134006.06087,start,,,c6id.metal
ip-172-31-18-198,1761132641,clickhouse,25.9.3.48,,groupby,G1_1e8_1e2_5_0,1761134177.9825,finish,0,0,c6id.metal
ip-172-31-18-198,1761132641,duckdb,1.4.1,b390a7c376,join,J1_1e8_NA_0_0,1761134192.99775,start,,,c6id.metal
ip-172-31-18-198,1761132641,duckdb,1.4.1,b390a7c376,join,J1_1e8_NA_0_0,1761134244.71108,finish,0,0,c6id.metal
ip-172-31-18-198,1761132641,duckdb,1.4.1,b390a7c376,join,J1_1e8_NA_5_0,1761134259.72621,start,,,c6id.metal
ip-172-31-18-198,1761132641,duckdb,1.4.1,b390a7c376,join,J1_1e8_NA_5_0,1761134314.81,finish,0,0,c6id.metal
ip-172-31-18-198,1761132641,duckdb,1.4.1,b390a7c376,join,J1_1e8_NA_0_1,1761134329.8253,start,,,c6id.metal
ip-172-31-18-198,1761132641,duckdb,1.4.1,b390a7c376,join,J1_1e8_NA_0_1,1761134373.74146,finish,0,0,c6id.metal
ip-172-31-18-198,1761132641,duckdb,1.4.1,b390a7c376,groupby,G1_1e8_1e2_0_0,1761134388.75673,start,,,c6id.metal
ip-172-31-18-198,1761132641,duckdb,1.4.1,b390a7c376,groupby,G1_1e8_1e2_0_0,1761134409.29211,finish,0,0,c6id.metal
ip-172-31-18-198,1761132641,duckdb,1.4.1,b390a7c376,groupby,G1_1e8_1e1_0_0,1761134424.30725,start,,,c6id.metal
ip-172-31-18-198,1761132641,duckdb,1.4.1,b390a7c376,groupby,G1_1e8_1e1_0_0,1761134452.36769,finish,0,0,c6id.metal
ip-172-31-18-198,1761132641,duckdb,1.4.1,b390a7c376,groupby,G1_1e8_2e0_0_0,1761134467.38297,start,,,c6id.metal
ip-172-31-18-198,1761132641,duckdb,1.4.1,b390a7c376,groupby,G1_1e8_2e0_0_0,1761134492.53011,finish,0,0,c6id.metal
ip-172-31-18-198,1761132641,duckdb,1.4.1,b390a7c376,groupby,G1_1e8_1e2_0_1,1761134507.54544,start,,,c6id.metal
ip-172-31-18-198,1761132641,duckdb,1.4.1,b390a7c376,groupby,G1_1e8_1e2_0_1,1761134526.55313,finish,0,0,c6id.metal
ip-172-31-18-198,1761132641,duckdb,1.4.1,b390a7c376,groupby,G1_1e8_1e2_5_0,1761134541.56844,start,,,c6id.metal
ip-172-31-18-198,1761132641,duckdb,1.4.1,b390a7c376,groupby,G1_1e8_1e2_5_0,1761134562.82035,finish,0,0,c6id.metal
ip-172-31-18-198,1761132641,chdb,3.6.0,,join,J1_1e8_NA_0_0,1761134577.83563,start,,,c6id.metal
ip-172-31-18-198,1761132641,chdb,3.6.0,,join,J1_1e8_NA_0_0,1761134808.9238,finish,0,0,c6id.metal
ip-172-31-18-198,1761132641,chdb,3.6.0,,join,J1_1e8_NA_5_0,1761134823.93908,start,,,c6id.metal
ip-172-31-18-198,1761132641,chdb,3.6.0,,join,J1_1e8_NA_5_0,1761135098.41321,finish,0,0,c6id.metal
ip-172-31-18-198,1761132641,chdb,3.6.0,,join,J1_1e8_NA_0_1,1761135113.42852,start,,,c6id.metal
ip-172-31-18-198,1761132641,chdb,3.6.0,,join,J1_1e8_NA_0_1,1761135351.30884,finish,0,0,c6id.metal
ip-172-31-18-198,1761132641,chdb,3.6.0,,groupby,G1_1e8_1e2_0_0,1761135366.32398,start,,,c6id.metal
ip-172-31-18-198,1761132641,chdb,3.6.0,,groupby,G1_1e8_1e2_0_0,1761136370.61734,finish,0,0,c6id.metal
ip-172-31-18-198,1761132641,chdb,3.6.0,,groupby,G1_1e8_1e1_0_0,1761136385.63261,start,,,c6id.metal
ip-172-31-18-198,1761132641,chdb,3.6.0,,groupby,G1_1e8_1e1_0_0,1761137389.59067,finish,0,0,c6id.metal
ip-172-31-18-198,1761132641,chdb,3.6.0,,groupby,G1_1e8_2e0_0_0,1761137404.60596,start,,,c6id.metal
ip-172-31-18-198,1761132641,chdb,3.6.0,,groupby,G1_1e8_2e0_0_0,1761138452.71867,finish,0,0,c6id.metal
ip-172-31-18-198,1761132641,chdb,3.6.0,,groupby,G1_1e8_1e2_0_1,1761138467.73396,start,,,c6id.metal
ip-172-31-18-198,1761132641,chdb,3.6.0,,groupby,G1_1e8_1e2_0_1,1761139484.98482,finish,0,0,c6id.metal
ip-172-31-18-198,1761132641,chdb,3.6.0,,groupby,G1_1e8_1e2_5_0,1761139500.0001,start,,,c6id.metal
ip-172-31-18-198,1761132641,chdb,3.6.0,,groupby,G1_1e8_1e2_5_0,1761141320.00463,finish,1,0,c6id.metal
ip-172-31-18-189,1761304577,duckdb,1.4.1,b390a7c376,groupby,G1_1e9_1e2_0_0,1761304595.56341,start,,,c6id.4xlarge
ip-172-31-18-189,1761304577,duckdb,1.4.1,b390a7c376,groupby,G1_1e9_1e2_0_0,1761305700.91466,finish,0,0,c6id.4xlarge
ip-172-31-18-189,1761304577,duckdb,1.4.1,b390a7c376,groupby,G1_1e9_1e1_0_0,1761305715.92975,start,,,c6id.4xlarge
ip-172-31-18-189,1761304577,duckdb,1.4.1,b390a7c376,groupby,G1_1e9_1e1_0_0,1761306870.49685,finish,0,0,c6id.4xlarge
ip-172-31-18-189,1761304577,duckdb,1.4.1,b390a7c376,groupby,G1_1e9_2e0_0_0,1761306885.51193,start,,,c6id.4xlarge
ip-172-31-18-189,1761304577,duckdb,1.4.1,b390a7c376,groupby,G1_1e9_2e0_0_0,1761308053.89593,finish,0,0,c6id.4xlarge
ip-172-31-18-189,1761304577,duckdb,1.4.1,b390a7c376,groupby,G1_1e9_1e2_0_1,1761308068.911,start,,,c6id.4xlarge
ip-172-31-18-189,1761304577,duckdb,1.4.1,b390a7c376,groupby,G1_1e9_1e2_0_1,1761309130.3456,finish,0,0,c6id.4xlarge
ip-172-31-18-189,1761304577,duckdb,1.4.1,b390a7c376,groupby,G1_1e9_1e2_5_0,1761309145.36069,start,,,c6id.4xlarge
ip-172-31-18-189,1761304577,duckdb,1.4.1,b390a7c376,groupby,G1_1e9_1e2_5_0,1761310361.24054,finish,0,0,c6id.4xlarge
ip-172-31-18-189,1761304577,duckdb,1.4.1,b390a7c376,join,J1_1e9_NA_0_0,1761310376.25563,start,,,c6id.4xlarge
ip-172-31-18-189,1761304577,duckdb,1.4.1,b390a7c376,join,J1_1e9_NA_0_0,1761312957.12948,finish,2,1,c6id.4xlarge
ip-172-31-18-189,1761206914,duckdb,1.4.1,b390a7c376,groupby,G1_1e7_1e2_0_0,1761206932.91378,start,,,c6id.4xlarge
ip-172-31-18-189,1761206914,duckdb,1.4.1,b390a7c376,groupby,G1_1e7_1e2_0_0,1761206939.66832,finish,0,0,c6id.4xlarge
ip-172-31-18-189,1761206914,duckdb,1.4.1,b390a7c376,groupby,G1_1e7_1e1_0_0,1761206954.68341,start,,,c6id.4xlarge
ip-172-31-18-189,1761206914,duckdb,1.4.1,b390a7c376,groupby,G1_1e7_1e1_0_0,1761206962.04884,finish,0,0,c6id.4xlarge
ip-172-31-18-189,1761206914,duckdb,1.4.1,b390a7c376,groupby,G1_1e7_2e0_0_0,1761206977.06258,start,,,c6id.4xlarge
ip-172-31-18-189,1761206914,duckdb,1.4.1,b390a7c376,groupby,G1_1e7_2e0_0_0,1761206984.44896,finish,0,0,c6id.4xlarge
ip-172-31-18-189,1761206914,duckdb,1.4.1,b390a7c376,groupby,G1_1e7_1e2_0_1,1761206999.46406,start,,,c6id.4xlarge
ip-172-31-18-189,1761206914,duckdb,1.4.1,b390a7c376,groupby,G1_1e7_1e2_0_1,1761207006.02305,finish,0,0,c6id.4xlarge
ip-172-31-18-189,1761206914,duckdb,1.4.1,b390a7c376,groupby,G1_1e7_1e2_5_0,1761207021.03815,start,,,c6id.4xlarge
ip-172-31-18-189,1761206914,duckdb,1.4.1,b390a7c376,groupby,G1_1e7_1e2_5_0,1761207027.94414,finish,0,0,c6id.4xlarge
ip-172-31-18-189,1761206914,duckdb,1.4.1,b390a7c376,join,J1_1e7_NA_0_0,1761207042.95923,start,,,c6id.4xlarge
ip-172-31-18-189,1761206914,duckdb,1.4.1,b390a7c376,join,J1_1e7_NA_0_0,1761207052.57362,finish,0,0,c6id.4xlarge
ip-172-31-18-189,1761206914,duckdb,1.4.1,b390a7c376,join,J1_1e7_NA_5_0,1761207067.58872,start,,,c6id.4xlarge
ip-172-31-18-189,1761206914,duckdb,1.4.1,b390a7c376,join,J1_1e7_NA_5_0,1761207077.48089,finish,0,0,c6id.4xlarge
ip-172-31-18-189,1761206914,duckdb,1.4.1,b390a7c376,join,J1_1e7_NA_0_1,1761207092.48752,start,,,c6id.4xlarge
ip-172-31-18-189,1761206914,duckdb,1.4.1,b390a7c376,join,J1_1e7_NA_0_1,1761207101.65071,finish,0,0,c6id.4xlarge
ip-172-31-18-189,1761207219,duckdb,1.4.1,b390a7c376,groupby,G1_1e8_1e2_0_0,1761207220.53522,start,,,c6id.4xlarge
ip-172-31-18-189,1761207219,duckdb,1.4.1,b390a7c376,groupby,G1_1e8_1e2_0_0,1761207259.79644,finish,0,0,c6id.4xlarge
ip-172-31-18-189,1761207219,duckdb,1.4.1,b390a7c376,groupby,G1_1e8_1e1_0_0,1761207274.81156,start,,,c6id.4xlarge
ip-172-31-18-189,1761207219,duckdb,1.4.1,b390a7c376,groupby,G1_1e8_1e1_0_0,1761207319.23774,finish,0,0,c6id.4xlarge
ip-172-31-18-189,1761207219,duckdb,1.4.1,b390a7c376,groupby,G1_1e8_2e0_0_0,1761207334.25283,start,,,c6id.4xlarge
ip-172-31-18-189,1761207219,duckdb,1.4.1,b390a7c376,groupby,G1_1e8_2e0_0_0,1761207382.52157,finish,0,0,c6id.4xlarge
ip-172-31-18-189,1761207219,duckdb,1.4.1,b390a7c376,groupby,G1_1e8_1e2_0_1,1761207397.53666,start,,,c6id.4xlarge
ip-172-31-18-189,1761207219,duckdb,1.4.1,b390a7c376,groupby,G1_1e8_1e2_0_1,1761207435.26722,finish,0,0,c6id.4xlarge
ip-172-31-18-189,1761207219,duckdb,1.4.1,b390a7c376,groupby,G1_1e8_1e2_5_0,1761207450.28232,start,,,c6id.4xlarge
ip-172-31-18-189,1761207219,duckdb,1.4.1,b390a7c376,groupby,G1_1e8_1e2_5_0,1761207491.09039,finish,0,0,c6id.4xlarge
ip-172-31-18-189,1761207219,duckdb,1.4.1,b390a7c376,join,J1_1e8_NA_0_0,1761207506.10548,start,,,c6id.4xlarge
ip-172-31-18-189,1761207219,duckdb,1.4.1,b390a7c376,join,J1_1e8_NA_0_0,1761207606.54691,finish,0,0,c6id.4xlarge
ip-172-31-18-189,1761207219,duckdb,1.4.1,b390a7c376,join,J1_1e8_NA_5_0,1761207621.56201,start,,,c6id.4xlarge
ip-172-31-18-189,1761207219,duckdb,1.4.1,b390a7c376,join,J1_1e8_NA_5_0,1761207725.09721,finish,0,0,c6id.4xlarge
ip-172-31-18-189,1761207219,duckdb,1.4.1,b390a7c376,join,J1_1e8_NA_0_1,1761207740.1123,start,,,c6id.4xlarge
ip-172-31-18-189,1761207219,duckdb,1.4.1,b390a7c376,join,J1_1e8_NA_0_1,1761207832.88453,finish,0,0,c6id.4xlarge
ip-172-31-18-189,1761209486,duckdb,1.4.1,b390a7c376,groupby,G1_1e9_1e2_0_0,1761209488.41994,start,,,c6id.4xlarge
ip-172-31-18-189,1761209486,duckdb,1.4.1,b390a7c376,groupby,G1_1e9_1e2_0_0,1761210260.51303,finish,0,0,c6id.4xlarge
ip-172-31-18-189,1761209486,duckdb,1.4.1,b390a7c376,groupby,G1_1e9_1e1_0_0,1761210275.5281,start,,,c6id.4xlarge
ip-172-31-18-189,1761209486,duckdb,1.4.1,b390a7c376,groupby,G1_1e9_1e1_0_0,1761211121.99117,finish,0,0,c6id.4xlarge
ip-172-31-18-189,1761209486,duckdb,1.4.1,b390a7c376,groupby,G1_1e9_2e0_0_0,1761211137.00258,start,,,c6id.4xlarge
ip-172-31-18-189,1761209486,duckdb,1.4.1,b390a7c376,groupby,G1_1e9_2e0_0_0,1761211565.47914,finish,1,137,c6id.4xlarge
ip-172-31-18-189,1761209486,duckdb,1.4.1,b390a7c376,groupby,G1_1e9_1e2_0_1,1761211580.48252,start,,,c6id.4xlarge
ip-172-31-18-189,1761209486,duckdb,1.4.1,b390a7c376,groupby,G1_1e9_1e2_0_1,1761212336.03245,finish,0,0,c6id.4xlarge
ip-172-31-18-189,1761209486,duckdb,1.4.1,b390a7c376,groupby,G1_1e9_1e2_5_0,1761212351.03458,start,,,c6id.4xlarge
ip-172-31-18-189,1761209486,duckdb,1.4.1,b390a7c376,groupby,G1_1e9_1e2_5_0,1761213218.74166,finish,0,0,c6id.4xlarge
ip-172-31-18-189,1761209486,duckdb,1.4.1,b390a7c376,join,J1_1e9_NA_0_0,1761213233.75674,start,,,c6id.4xlarge
ip-172-31-18-189,1761209486,duckdb,1.4.1,b390a7c376,join,J1_1e9_NA_0_0,1761213934.78312,finish,1,137,c6id.4xlarge
ip-172-31-18-189,1775944630,duckdb,1.5.1,7dbb2e646fe,groupby,G1_1e7_1e2_0_0,1775944631.42794,start,,,c6id.4xlarge
ip-172-31-18-189,1775944630,duckdb,1.5.1,7dbb2e646fe,groupby,G1_1e7_1e2_0_0,1775944637.2692,finish,0,0,c6id.4xlarge
ip-172-31-18-189,1775944630,duckdb,1.5.1,7dbb2e646fe,groupby,G1_1e7_1e1_0_0,1775944652.28428,start,,,c6id.4xlarge
ip-172-31-18-189,1775944630,duckdb,1.5.1,7dbb2e646fe,groupby,G1_1e7_1e1_0_0,1775944658.71194,finish,0,0,c6id.4xlarge
ip-172-31-18-189,1775944630,duckdb,1.5.1,7dbb2e646fe,groupby,G1_1e7_2e0_0_0,1775944673.72706,start,,,c6id.4xlarge
ip-172-31-18-189,1775944630,duckdb,1.5.1,7dbb2e646fe,groupby,G1_1e7_2e0_0_0,1775944680.13724,finish,0,0,c6id.4xlarge
ip-172-31-18-189,1775944630,duckdb,1.5.1,7dbb2e646fe,groupby,G1_1e7_1e2_0_1,1775944695.15233,start,,,c6id.4xlarge
ip-172-31-18-189,1775944630,duckdb,1.5.1,7dbb2e646fe,groupby,G1_1e7_1e2_0_1,1775944700.78773,finish,0,0,c6id.4xlarge
ip-172-31-18-189,1775944630,duckdb,1.5.1,7dbb2e646fe,groupby,G1_1e7_1e2_5_0,1775944715.80285,start,,,c6id.4xlarge
ip-172-31-18-189,1775944630,duckdb,1.5.1,7dbb2e646fe,groupby,G1_1e7_1e2_5_0,1775944721.75962,finish,0,0,c6id.4xlarge
ip-172-31-18-189,1775944630,duckdb,1.5.1,7dbb2e646fe,join,J1_1e7_NA_0_0,1775944736.77472,start,,,c6id.4xlarge
ip-172-31-18-189,1775944630,duckdb,1.5.1,7dbb2e646fe,join,J1_1e7_NA_0_0,1775944744.3349,finish,0,0,c6id.4xlarge
ip-172-31-18-189,1775944630,duckdb,1.5.1,7dbb2e646fe,join,J1_1e7_NA_5_0,1775944759.34999,start,,,c6id.4xlarge
ip-172-31-18-189,1775944630,duckdb,1.5.1,7dbb2e646fe,join,J1_1e7_NA_5_0,1775944767.08685,finish,0,0,c6id.4xlarge
ip-172-31-18-189,1775944630,duckdb,1.5.1,7dbb2e646fe,join,J1_1e7_NA_0_1,1775944782.10194,start,,,c6id.4xlarge
ip-172-31-18-189,1775944630,duckdb,1.5.1,7dbb2e646fe,join,J1_1e7_NA_0_1,1775944789.40903,finish,0,0,c6id.4xlarge
ip-172-31-18-189,1775944630,polars,1.39.3,,groupby,G1_1e7_1e2_0_0,1775944804.42411,start,,,c6id.4xlarge
ip-172-31-18-189,1775944630,polars,1.39.3,,groupby,G1_1e7_1e2_0_0,1775944810.63002,finish,0,0,c6id.4xlarge
ip-172-31-18-189,1775944630,polars,1.39.3,,groupby,G1_1e7_1e1_0_0,1775944825.64513,start,,,c6id.4xlarge
ip-172-31-18-189,1775944630,polars,1.39.3,,groupby,G1_1e7_1e1_0_0,1775944836.11053,finish,0,0,c6id.4xlarge
ip-172-31-18-189,1775944630,polars,1.39.3,,groupby,G1_1e7_2e0_0_0,1775944851.12563,start,,,c6id.4xlarge
ip-172-31-18-189,1775944630,polars,1.39.3,,groupby,G1_1e7_2e0_0_0,1775944872.01698,finish,0,0,c6id.4xlarge
ip-172-31-18-189,1775944630,polars,1.39.3,,groupby,G1_1e7_1e2_0_1,1775944887.03208,start,,,c6id.4xlarge
ip-172-31-18-189,1775944630,polars,1.39.3,,groupby,G1_1e7_1e2_0_1,1775944892.8717,finish,0,0,c6id.4xlarge
ip-172-31-18-189,1775944630,polars,1.39.3,,groupby,G1_1e7_1e2_5_0,1775944907.8868,start,,,c6id.4xlarge
ip-172-31-18-189,1775944630,polars,1.39.3,,groupby,G1_1e7_1e2_5_0,1775944915.04096,finish,0,0,c6id.4xlarge
ip-172-31-18-189,1775944630,polars,1.39.3,,join,J1_1e7_NA_0_0,1775944930.05604,start,,,c6id.4xlarge
ip-172-31-18-189,1775944630,polars,1.39.3,,join,J1_1e7_NA_0_0,1775944943.9569,finish,0,0,c6id.4xlarge
ip-172-31-18-189,1775944630,polars,1.39.3,,join,J1_1e7_NA_5_0,1775944958.97199,start,,,c6id.4xlarge
ip-172-31-18-189,1775944630,polars,1.39.3,,join,J1_1e7_NA_5_0,1775944973.24475,finish,0,0,c6id.4xlarge
ip-172-31-18-189,1775944630,polars,1.39.3,,join,J1_1e7_NA_0_1,1775944988.25984,start,,,c6id.4xlarge
ip-172-31-18-189,1775944630,polars,1.39.3,,join,J1_1e7_NA_0_1,1775945001.27585,finish,0,0,c6id.4xlarge
ip-172-31-18-189,1775944630,datafusion,52.3.0,,groupby,G1_1e7_1e2_0_0,1775945016.29093,start,,,c6id.4xlarge
ip-172-31-18-189,1775944630,datafusion,52.3.0,,groupby,G1_1e7_1e2_0_0,1775945019.86648,finish,0,0,c6id.4xlarge
ip-172-31-18-189,1775944630,datafusion,52.3.0,,groupby,G1_1e7_1e1_0_0,1775945034.88157,start,,,c6id.4xlarge
ip-172-31-18-189,1775944630,datafusion,52.3.0,,groupby,G1_1e7_1e1_0_0,1775945039.22464,finish,0,0,c6id.4xlarge
ip-172-31-18-189,1775944630,datafusion,52.3.0,,groupby,G1_1e7_2e0_0_0,1775945054.23975,start,,,c6id.4xlarge
ip-172-31-18-189,1775944630,datafusion,52.3.0,,groupby,G1_1e7_2e0_0_0,1775945060.54398,finish,0,0,c6id.4xlarge
ip-172-31-18-189,1775944630,datafusion,52.3.0,,groupby,G1_1e7_1e2_0_1,1775945075.55907,start,,,c6id.4xlarge
ip-172-31-18-189,1775944630,datafusion,52.3.0,,groupby,G1_1e7_1e2_0_1,1775945079.37235,finish,0,0,c6id.4xlarge
ip-172-31-18-189,1775944630,datafusion,52.3.0,,groupby,G1_1e7_1e2_5_0,1775945094.38744,start,,,c6id.4xlarge
ip-172-31-18-189,1775944630,datafusion,52.3.0,,groupby,G1_1e7_1e2_5_0,1775945097.98282,finish,0,0,c6id.4xlarge
ip-172-31-18-189,1775944630,datafusion,52.3.0,,join,J1_1e7_NA_0_0,1775945112.99791,start,,,c6id.4xlarge
ip-172-31-18-189,1775944630,datafusion,52.3.0,,join,J1_1e7_NA_0_0,1775945117.00828,finish,0,0,c6id.4xlarge
ip-172-31-18-189,1775944630,datafusion,52.3.0,,join,J1_1e7_NA_5_0,1775945132.0234,start,,,c6id.4xlarge
ip-172-31-18-189,1775944630,datafusion,52.3.0,,join,J1_1e7_NA_5_0,1775945135.73214,finish,0,0,c6id.4xlarge
ip-172-31-18-189,1775944630,datafusion,52.3.0,,join,J1_1e7_NA_0_1,1775945150.74723,start,,,c6id.4xlarge
ip-172-31-18-189,1775944630,datafusion,52.3.0,,join,J1_1e7_NA_0_1,1775945154.35769,finish,0,0,c6id.4xlarge
ip-172-31-18-189,1775944630,collapse,2.1.6,,groupby,G1_1e7_1e2_0_0,1775945169.37276,start,,,c6id.4xlarge
ip-172-31-18-189,1775944630,collapse,2.1.6,,groupby,G1_1e7_1e2_0_0,1775945179.88187,finish,0,0,c6id.4xlarge
ip-172-31-18-189,1775944630,collapse,2.1.6,,groupby,G1_1e7_1e1_0_0,1775945194.89696,start,,,c6id.4xlarge
ip-172-31-18-189,1775944630,collapse,2.1.6,,groupby,G1_1e7_1e1_0_0,1775945214.15859,finish,0,0,c6id.4xlarge
ip-172-31-18-189,1775944630,collapse,2.1.6,,groupby,G1_1e7_2e0_0_0,1775945229.17368,start,,,c6id.4xlarge
ip-172-31-18-189,1775944630,collapse,2.1.6,,groupby,G1_1e7_2e0_0_0,1775945286.64826,finish,0,0,c6id.4xlarge
ip-172-31-18-189,1775944630,collapse,2.1.6,,groupby,G1_1e7_1e2_0_1,1775945301.66334,start,,,c6id.4xlarge
ip-172-31-18-189,1775944630,collapse,2.1.6,,groupby,G1_1e7_1e2_0_1,1775945310.62504,finish,0,0,c6id.4xlarge
ip-172-31-18-189,1775944630,collapse,2.1.6,,groupby,G1_1e7_1e2_5_0,1775945325.64013,start,,,c6id.4xlarge
ip-172-31-18-189,1775944630,collapse,2.1.6,,groupby,G1_1e7_1e2_5_0,1775945336.64278,finish,0,0,c6id.4xlarge
ip-172-31-18-189,1775944630,collapse,2.1.6,,join,J1_1e7_NA_0_0,1775945351.65787,start,,,c6id.4xlarge
ip-172-31-18-189,1775944630,collapse,2.1.6,,join,J1_1e7_NA_0_0,1775945453.0489,finish,0,0,c6id.4xlarge
ip-172-31-18-189,1775944630,collapse,2.1.6,,join,J1_1e7_NA_5_0,1775945468.064,start,,,c6id.4xlarge
ip-172-31-18-189,1775944630,collapse,2.1.6,,join,J1_1e7_NA_5_0,1775945563.33623,finish,0,0,c6id.4xlarge
ip-172-31-18-189,1775944630,collapse,2.1.6,,join,J1_1e7_NA_0_1,1775945578.35133,start,,,c6id.4xlarge
ip-172-31-18-189,1775944630,collapse,2.1.6,,join,J1_1e7_NA_0_1,1775945672.54952,finish,0,0,c6id.4xlarge
ip-172-31-18-189,1775944630,spark,4.1.1,,groupby,G1_1e7_1e2_0_0,1775945687.5646,start,,,c6id.4xlarge
ip-172-31-18-189,1775944630,spark,4.1.1,,groupby,G1_1e7_1e2_0_0,1775945734.44842,finish,5,0,c6id.4xlarge
ip-172-31-18-189,1775944630,spark,4.1.1,,groupby,G1_1e7_1e1_0_0,1775945749.46355,start,,,c6id.4xlarge
ip-172-31-18-189,1775944630,spark,4.1.1,,groupby,G1_1e7_1e1_0_0,1775945799.3774,finish,5,0,c6id.4xlarge
ip-172-31-18-189,1775944630,spark,4.1.1,,groupby,G1_1e7_2e0_0_0,1775945814.39254,start,,,c6id.4xlarge
ip-172-31-18-189,1775944630,spark,4.1.1,,groupby,G1_1e7_2e0_0_0,1775945867.86662,finish,5,0,c6id.4xlarge
ip-172-31-18-189,1775944630,spark,4.1.1,,groupby,G1_1e7_1e2_0_1,1775945882.88049,start,,,c6id.4xlarge
ip-172-31-18-189,1775944630,spark,4.1.1,,groupby,G1_1e7_1e2_0_1,1775945927.82524,finish,5,0,c6id.4xlarge
ip-172-31-18-189,1775944630,spark,4.1.1,,groupby,G1_1e7_1e2_5_0,1775945942.84041,start,,,c6id.4xlarge
ip-172-31-18-189,1775944630,spark,4.1.1,,groupby,G1_1e7_1e2_5_0,1775945988.80889,finish,5,0,c6id.4xlarge
ip-172-31-18-189,1775944630,spark,4.1.1,,join,J1_1e7_NA_0_0,1775946003.82401,start,,,c6id.4xlarge
ip-172-31-18-189,1775944630,spark,4.1.1,,join,J1_1e7_NA_0_0,1775946069.7581,finish,5,0,c6id.4xlarge
ip-172-31-18-189,1775944630,spark,4.1.1,,join,J1_1e7_NA_5_0,1775946084.77324,start,,,c6id.4xlarge
ip-172-31-18-189,1775944630,spark,4.1.1,,join,J1_1e7_NA_5_0,1775946148.7493,finish,5,0,c6id.4xlarge
ip-172-31-18-189,1775944630,spark,4.1.1,,join,J1_1e7_NA_0_1,1775946163.76446,start,,,c6id.4xlarge
ip-172-31-18-189,1775944630,spark,4.1.1,,join,J1_1e7_NA_0_1,1775946222.21578,finish,5,0,c6id.4xlarge
ip-172-31-18-189,1775946340,duckdb,1.5.1,7dbb2e646fe,groupby,G1_1e8_1e2_0_0,1775946341.6248,start,,,c6id.4xlarge
ip-172-31-18-189,1775946340,duckdb,1.5.1,7dbb2e646fe,groupby,G1_1e8_1e2_0_0,1775946379.248,finish,0,0,c6id.4xlarge
ip-172-31-18-189,1775946340,duckdb,1.5.1,7dbb2e646fe,groupby,G1_1e8_1e1_0_0,1775946394.26308,start,,,c6id.4xlarge
ip-172-31-18-189,1775946340,duckdb,1.5.1,7dbb2e646fe,groupby,G1_1e8_1e1_0_0,1775946437.44163,finish,0,0,c6id.4xlarge
ip-172-31-18-189,1775946340,duckdb,1.5.1,7dbb2e646fe,groupby,G1_1e8_2e0_0_0,1775946452.4567,start,,,c6id.4xlarge
ip-172-31-18-189,1775946340,duckdb,1.5.1,7dbb2e646fe,groupby,G1_1e8_2e0_0_0,1775946498.90778,finish,0,0,c6id.4xlarge
ip-172-31-18-189,1775946340,duckdb,1.5.1,7dbb2e646fe,groupby,G1_1e8_1e2_0_1,1775946513.92048,start,,,c6id.4xlarge
ip-172-31-18-189,1775946340,duckdb,1.5.1,7dbb2e646fe,groupby,G1_1e8_1e2_0_1,1775946550.08107,finish,0,0,c6id.4xlarge
ip-172-31-18-189,1775946340,duckdb,1.5.1,7dbb2e646fe,groupby,G1_1e8_1e2_5_0,1775946565.09616,start,,,c6id.4xlarge
ip-172-31-18-189,1775946340,duckdb,1.5.1,7dbb2e646fe,groupby,G1_1e8_1e2_5_0,1775946603.99607,finish,0,0,c6id.4xlarge
ip-172-31-18-189,1775946340,duckdb,1.5.1,7dbb2e646fe,join,J1_1e8_NA_0_0,1775946619.01115,start,,,c6id.4xlarge
ip-172-31-18-189,1775946340,duckdb,1.5.1,7dbb2e646fe,join,J1_1e8_NA_0_0,1775946721.33351,finish,0,0,c6id.4xlarge
ip-172-31-18-189,1775946340,duckdb,1.5.1,7dbb2e646fe,join,J1_1e8_NA_5_0,1775946736.33644,start,,,c6id.4xlarge
ip-172-31-18-189,1775946340,duckdb,1.5.1,7dbb2e646fe,join,J1_1e8_NA_5_0,1775946837.6498,finish,0,0,c6id.4xlarge
ip-172-31-18-189,1775946340,duckdb,1.5.1,7dbb2e646fe,join,J1_1e8_NA_0_1,1775946852.6649,start,,,c6id.4xlarge
ip-172-31-18-189,1775946340,duckdb,1.5.1,7dbb2e646fe,join,J1_1e8_NA_0_1,1775946942.60843,finish,0,0,c6id.4xlarge
ip-172-31-18-189,1775946340,polars,1.39.3,,groupby,G1_1e8_1e2_0_0,1775946957.6235,start,,,c6id.4xlarge
ip-172-31-18-189,1775946340,polars,1.39.3,,groupby,G1_1e8_1e2_0_0,1775947043.19914,finish,0,0,c6id.4xlarge
ip-172-31-18-189,1775946340,polars,1.39.3,,groupby,G1_1e8_1e1_0_0,1775947058.21423,start,,,c6id.4xlarge
ip-172-31-18-189,1775946340,polars,1.39.3,,groupby,G1_1e8_1e1_0_0,1775947192.37581,finish,0,0,c6id.4xlarge
ip-172-31-18-189,1775946340,polars,1.39.3,,groupby,G1_1e8_2e0_0_0,1775947207.3909,start,,,c6id.4xlarge
ip-172-31-18-189,1775946340,polars,1.39.3,,groupby,G1_1e8_2e0_0_0,1775947445.6313,finish,0,0,c6id.4xlarge
ip-172-31-18-189,1775946340,polars,1.39.3,,groupby,G1_1e8_1e2_0_1,1775947460.64641,start,,,c6id.4xlarge
ip-172-31-18-189,1775946340,polars,1.39.3,,groupby,G1_1e8_1e2_0_1,1775947540.70514,finish,0,0,c6id.4xlarge
ip-172-31-18-189,1775946340,polars,1.39.3,,groupby,G1_1e8_1e2_5_0,1775947555.72024,start,,,c6id.4xlarge
ip-172-31-18-189,1775946340,polars,1.39.3,,groupby,G1_1e8_1e2_5_0,1775947654.78884,finish,0,0,c6id.4xlarge
ip-172-31-18-189,1775946340,polars,1.39.3,,join,J1_1e8_NA_0_0,1775947669.80393,start,,,c6id.4xlarge
ip-172-31-18-189,1775946340,polars,1.39.3,,join,J1_1e8_NA_0_0,1775947859.56999,finish,0,0,c6id.4xlarge
ip-172-31-18-189,1775946340,polars,1.39.3,,join,J1_1e8_NA_5_0,1775947874.58507,start,,,c6id.4xlarge
ip-172-31-18-189,1775946340,polars,1.39.3,,join,J1_1e8_NA_5_0,1775948069.81265,finish,0,0,c6id.4xlarge
ip-172-31-18-189,1775946340,polars,1.39.3,,join,J1_1e8_NA_0_1,1775948084.82772,start,,,c6id.4xlarge
ip-172-31-18-189,1775946340,polars,1.39.3,,join,J1_1e8_NA_0_1,1775948268.09995,finish,0,0,c6id.4xlarge
ip-172-31-18-189,1775946340,datafusion,52.3.0,,groupby,G1_1e8_1e2_0_0,1775948283.11501,start,,,c6id.4xlarge
ip-172-31-18-189,1775946340,datafusion,52.3.0,,groupby,G1_1e8_1e2_0_0,1775948316.78444,finish,0,0,c6id.4xlarge
ip-172-31-18-189,1775946340,datafusion,52.3.0,,groupby,G1_1e8_1e1_0_0,1775948331.79954,start,,,c6id.4xlarge
ip-172-31-18-189,1775946340,datafusion,52.3.0,,groupby,G1_1e8_1e1_0_0,1775948375.0747,finish,1,137,c6id.4xlarge
ip-172-31-18-189,1775946340,datafusion,52.3.0,,groupby,G1_1e8_2e0_0_0,1775948390.08976,start,,,c6id.4xlarge
ip-172-31-18-189,1775946340,datafusion,52.3.0,,groupby,G1_1e8_2e0_0_0,1775948439.3234,finish,1,137,c6id.4xlarge
ip-172-31-18-189,1775946340,datafusion,52.3.0,,groupby,G1_1e8_1e2_0_1,1775948454.33845,start,,,c6id.4xlarge
ip-172-31-18-189,1775946340,datafusion,52.3.0,,groupby,G1_1e8_1e2_0_1,1775948491.56448,finish,1,137,c6id.4xlarge
ip-172-31-18-189,1775946340,datafusion,52.3.0,,groupby,G1_1e8_1e2_5_0,1775948506.57954,start,,,c6id.4xlarge
ip-172-31-18-189,1775946340,datafusion,52.3.0,,groupby,G1_1e8_1e2_5_0,1775948543.88984,finish,0,0,c6id.4xlarge
ip-172-31-18-189,1775946340,collapse,2.1.6,,groupby,G1_1e8_1e2_0_0,1775948558.90493,start,,,c6id.4xlarge
ip-172-31-18-189,1775946340,collapse,2.1.6,,groupby,G1_1e8_1e2_0_0,1775948687.7381,finish,0,0,c6id.4xlarge
ip-172-31-18-189,1775946340,collapse,2.1.6,,groupby,G1_1e8_1e1_0_0,1775948702.75319,start,,,c6id.4xlarge
ip-172-31-18-189,1775946340,collapse,2.1.6,,groupby,G1_1e8_1e1_0_0,1775948968.61418,finish,0,0,c6id.4xlarge
ip-172-31-18-189,1775946340,collapse,2.1.6,,groupby,G1_1e8_2e0_0_0,1775948983.62928,start,,,c6id.4xlarge
ip-172-31-18-189,1775946340,collapse,2.1.6,,groupby,G1_1e8_2e0_0_0,1775949640.78928,finish,0,0,c6id.4xlarge
ip-172-31-18-189,1775946340,collapse,2.1.6,,groupby,G1_1e8_1e2_0_1,1775949655.80439,start,,,c6id.4xlarge
ip-172-31-18-189,1775946340,collapse,2.1.6,,groupby,G1_1e8_1e2_0_1,1775949768.9102,finish,0,0,c6id.4xlarge
ip-172-31-18-189,1775946340,collapse,2.1.6,,groupby,G1_1e8_1e2_5_0,1775949783.92529,start,,,c6id.4xlarge
ip-172-31-18-189,1775946340,collapse,2.1.6,,groupby,G1_1e8_1e2_5_0,1775949915.43871,finish,0,0,c6id.4xlarge
ip-172-31-18-189,1775946340,collapse,2.1.6,,join,J1_1e8_NA_0_0,1775949930.45381,start,,,c6id.4xlarge
ip-172-31-18-189,1775946340,collapse,2.1.6,,join,J1_1e8_NA_0_0,1775951113.74175,finish,0,0,c6id.4xlarge
ip-172-31-18-189,1775946340,collapse,2.1.6,,join,J1_1e8_NA_5_0,1775951128.75682,start,,,c6id.4xlarge
ip-172-31-18-189,1775946340,collapse,2.1.6,,join,J1_1e8_NA_5_0,1775952256.4557,finish,0,0,c6id.4xlarge
ip-172-31-18-189,1775946340,collapse,2.1.6,,join,J1_1e8_NA_0_1,1775952271.47084,start,,,c6id.4xlarge
ip-172-31-18-189,1775946340,collapse,2.1.6,,join,J1_1e8_NA_0_1,1775953364.75877,finish,0,0,c6id.4xlarge
ip-172-31-18-189,1775946340,spark,4.1.1,,groupby,G1_1e8_1e2_0_0,1775953379.77389,start,,,c6id.4xlarge
ip-172-31-18-189,1775946340,spark,4.1.1,,groupby,G1_1e8_1e2_0_0,1775953735.41696,finish,5,0,c6id.4xlarge
ip-172-31-18-189,1775946340,spark,4.1.1,,groupby,G1_1e8_1e1_0_0,1775953750.4321,start,,,c6id.4xlarge
ip-172-31-18-189,1775946340,spark,4.1.1,,groupby,G1_1e8_1e1_0_0,1775954129.25926,finish,5,0,c6id.4xlarge
ip-172-31-18-189,1775946340,spark,4.1.1,,groupby,G1_1e8_2e0_0_0,1775954144.27441,start,,,c6id.4xlarge
ip-172-31-18-189,1775946340,spark,4.1.1,,groupby,G1_1e8_2e0_0_0,1775954537.59748,finish,5,0,c6id.4xlarge
ip-172-31-18-189,1775946340,spark,4.1.1,,groupby,G1_1e8_1e2_0_1,1775954552.61261,start,,,c6id.4xlarge
ip-172-31-18-189,1775946340,spark,4.1.1,,groupby,G1_1e8_1e2_0_1,1775954828.33858,finish,5,0,c6id.4xlarge
ip-172-31-18-189,1775946340,spark,4.1.1,,groupby,G1_1e8_1e2_5_0,1775954843.35371,start,,,c6id.4xlarge
ip-172-31-18-189,1775946340,spark,4.1.1,,groupby,G1_1e8_1e2_5_0,1775955187.63045,finish,5,0,c6id.4xlarge
ip-172-31-18-189,1775946340,spark,4.1.1,,join,J1_1e8_NA_0_0,1775955202.64558,start,,,c6id.4xlarge
ip-172-31-18-189,1775946340,spark,4.1.1,,join,J1_1e8_NA_0_0,1775955440.57604,finish,39,1,c6id.4xlarge
ip-172-31-18-189,1775946340,spark,4.1.1,,join,J1_1e8_NA_5_0,1775955455.59111,start,,,c6id.4xlarge
ip-172-31-18-189,1775946340,spark,4.1.1,,join,J1_1e8_NA_5_0,1775955676.58603,finish,58,1,c6id.4xlarge
ip-172-31-18-189,1775946340,spark,4.1.1,,join,J1_1e8_NA_0_1,1775955691.6011,start,,,c6id.4xlarge
ip-172-31-18-189,1775946340,spark,4.1.1,,join,J1_1e8_NA_0_1,1775956538.74899,finish,5,0,c6id.4xlarge
ip-172-31-18-189,1776044097,clickhouse,25.9.3.48,,groupby,G1_1e7_1e2_0_0,1776044098.53594,start,,,c6id.4xlarge
ip-172-31-18-189,1776044097,clickhouse,25.9.3.48,,groupby,G1_1e7_1e2_0_0,1776044098.71435,finish,0,2,c6id.4xlarge
ip-172-31-18-189,1776044097,clickhouse,25.9.3.48,,groupby,G1_1e7_1e1_0_0,1776044113.71775,start,,,c6id.4xlarge
ip-172-31-18-189,1776044097,clickhouse,25.9.3.48,,groupby,G1_1e7_1e1_0_0,1776044113.89992,finish,0,2,c6id.4xlarge
ip-172-31-18-189,1776044097,clickhouse,25.9.3.48,,groupby,G1_1e7_2e0_0_0,1776044128.90838,start,,,c6id.4xlarge
ip-172-31-18-189,1776044097,clickhouse,25.9.3.48,,groupby,G1_1e7_2e0_0_0,1776044129.07758,finish,0,2,c6id.4xlarge
ip-172-31-18-189,1776044097,clickhouse,25.9.3.48,,groupby,G1_1e7_1e2_0_1,1776044144.09272,start,,,c6id.4xlarge
ip-172-31-18-189,1776044097,clickhouse,25.9.3.48,,groupby,G1_1e7_1e2_0_1,1776044144.26351,finish,0,2,c6id.4xlarge
ip-172-31-18-189,1776044097,clickhouse,25.9.3.48,,groupby,G1_1e7_1e2_5_0,1776044159.27164,start,,,c6id.4xlarge
ip-172-31-18-189,1776044097,clickhouse,25.9.3.48,,groupby,G1_1e7_1e2_5_0,1776044159.43892,finish,0,2,c6id.4xlarge
ip-172-31-18-189,1776044097,clickhouse,25.9.3.48,,join,J1_1e7_NA_0_0,1776044174.45405,start,,,c6id.4xlarge
ip-172-31-18-189,1776044097,clickhouse,25.9.3.48,,join,J1_1e7_NA_0_0,1776044174.62583,finish,0,2,c6id.4xlarge
ip-172-31-18-189,1776044097,clickhouse,25.9.3.48,,join,J1_1e7_NA_5_0,1776044189.63528,start,,,c6id.4xlarge
ip-172-31-18-189,1776044097,clickhouse,25.9.3.48,,join,J1_1e7_NA_5_0,1776044189.80541,finish,0,2,c6id.4xlarge
ip-172-31-18-189,1776044097,clickhouse,25.9.3.48,,join,J1_1e7_NA_0_1,1776044204.80695,start,,,c6id.4xlarge
ip-172-31-18-189,1776044097,clickhouse,25.9.3.48,,join,J1_1e7_NA_0_1,1776044204.9801,finish,0,2,c6id.4xlarge
ip-172-31-18-189,1776044097,duckdb,1.5.1,7dbb2e646fe,groupby,G1_1e7_1e2_0_0,1776044219.98424,start,,,c6id.4xlarge
ip-172-31-18-189,1776044097,duckdb,1.5.1,7dbb2e646fe,groupby,G1_1e7_1e2_0_0,1776044225.84152,finish,0,0,c6id.4xlarge
ip-172-31-18-189,1776044097,duckdb,1.5.1,7dbb2e646fe,groupby,G1_1e7_1e1_0_0,1776044240.84253,start,,,c6id.4xlarge
ip-172-31-18-189,1776044097,duckdb,1.5.1,7dbb2e646fe,groupby,G1_1e7_1e1_0_0,1776044247.24526,finish,0,0,c6id.4xlarge
ip-172-31-18-189,1776044097,duckdb,1.5.1,7dbb2e646fe,groupby,G1_1e7_2e0_0_0,1776044262.2553,start,,,c6id.4xlarge
ip-172-31-18-189,1776044097,duckdb,1.5.1,7dbb2e646fe,groupby,G1_1e7_2e0_0_0,1776044268.66215,finish,0,0,c6id.4xlarge
ip-172-31-18-189,1776044097,duckdb,1.5.1,7dbb2e646fe,groupby,G1_1e7_1e2_0_1,1776044283.67325,start,,,c6id.4xlarge
ip-172-31-18-189,1776044097,duckdb,1.5.1,7dbb2e646fe,groupby,G1_1e7_1e2_0_1,1776044289.30756,finish,0,0,c6id.4xlarge
ip-172-31-18-189,1776044097,duckdb,1.5.1,7dbb2e646fe,groupby,G1_1e7_1e2_5_0,1776044304.31229,start,,,c6id.4xlarge
ip-172-31-18-189,1776044097,duckdb,1.5.1,7dbb2e646fe,groupby,G1_1e7_1e2_5_0,1776044310.25,finish,0,0,c6id.4xlarge
ip-172-31-18-189,1776044097,duckdb,1.5.1,7dbb2e646fe,join,J1_1e7_NA_0_0,1776044325.25248,start,,,c6id.4xlarge
ip-172-31-18-189,1776044097,duckdb,1.5.1,7dbb2e646fe,join,J1_1e7_NA_0_0,1776044332.8794,finish,0,0,c6id.4xlarge
ip-172-31-18-189,1776044097,duckdb,1.5.1,7dbb2e646fe,join,J1_1e7_NA_5_0,1776044347.88364,start,,,c6id.4xlarge
ip-172-31-18-189,1776044097,duckdb,1.5.1,7dbb2e646fe,join,J1_1e7_NA_5_0,1776044355.65176,finish,0,0,c6id.4xlarge
ip-172-31-18-189,1776044097,duckdb,1.5.1,7dbb2e646fe,join,J1_1e7_NA_0_1,1776044370.6669,start,,,c6id.4xlarge
ip-172-31-18-189,1776044097,duckdb,1.5.1,7dbb2e646fe,join,J1_1e7_NA_0_1,1776044377.94969,finish,0,0,c6id.4xlarge
ip-172-31-18-189,1776044097,polars,1.39.3,,groupby,G1_1e7_1e2_0_0,1776044392.96482,start,,,c6id.4xlarge
ip-172-31-18-189,1776044097,polars,1.39.3,,groupby,G1_1e7_1e2_0_0,1776044399.14498,finish,0,0,c6id.4xlarge
ip-172-31-18-189,1776044097,polars,1.39.3,,groupby,G1_1e7_1e1_0_0,1776044414.15449,start,,,c6id.4xlarge
ip-172-31-18-189,1776044097,polars,1.39.3,,groupby,G1_1e7_1e1_0_0,1776044424.67147,finish,0,0,c6id.4xlarge
ip-172-31-18-189,1776044097,polars,1.39.3,,groupby,G1_1e7_2e0_0_0,1776044439.68659,start,,,c6id.4xlarge
ip-172-31-18-189,1776044097,polars,1.39.3,,groupby,G1_1e7_2e0_0_0,1776044460.59682,finish,0,0,c6id.4xlarge
ip-172-31-18-189,1776044097,polars,1.39.3,,groupby,G1_1e7_1e2_0_1,1776044475.61195,start,,,c6id.4xlarge
ip-172-31-18-189,1776044097,polars,1.39.3,,groupby,G1_1e7_1e2_0_1,1776044481.42508,finish,0,0,c6id.4xlarge
ip-172-31-18-189,1776044097,polars,1.39.3,,groupby,G1_1e7_1e2_5_0,1776044496.44024,start,,,c6id.4xlarge
ip-172-31-18-189,1776044097,polars,1.39.3,,groupby,G1_1e7_1e2_5_0,1776044503.58629,finish,0,0,c6id.4xlarge
ip-172-31-18-189,1776044097,polars,1.39.3,,join,J1_1e7_NA_0_0,1776044518.60143,start,,,c6id.4xlarge
ip-172-31-18-189,1776044097,polars,1.39.3,,join,J1_1e7_NA_0_0,1776044532.62767,finish,0,0,c6id.4xlarge
ip-172-31-18-189,1776044097,polars,1.39.3,,join,J1_1e7_NA_5_0,1776044547.63625,start,,,c6id.4xlarge
ip-172-31-18-189,1776044097,polars,1.39.3,,join,J1_1e7_NA_5_0,1776044561.81144,finish,0,0,c6id.4xlarge
ip-172-31-18-189,1776044097,polars,1.39.3,,join,J1_1e7_NA_0_1,1776044576.81724,start,,,c6id.4xlarge
ip-172-31-18-189,1776044097,polars,1.39.3,,join,J1_1e7_NA_0_1,1776044589.94787,finish,0,0,c6id.4xlarge
ip-172-31-18-189,1776044097,collapse,2.1.6,,groupby,G1_1e7_1e2_0_0,1776044604.95324,start,,,c6id.4xlarge
ip-172-31-18-189,1776044097,collapse,2.1.6,,groupby,G1_1e7_1e2_0_0,1776044615.46747,finish,0,0,c6id.4xlarge
ip-172-31-18-189,1776044097,collapse,2.1.6,,groupby,G1_1e7_1e1_0_0,1776044630.4826,start,,,c6id.4xlarge
ip-172-31-18-189,1776044097,collapse,2.1.6,,groupby,G1_1e7_1e1_0_0,1776044649.85879,finish,0,0,c6id.4xlarge
ip-172-31-18-189,1776044097,collapse,2.1.6,,groupby,G1_1e7_2e0_0_0,1776044664.87392,start,,,c6id.4xlarge
ip-172-31-18-189,1776044097,collapse,2.1.6,,groupby,G1_1e7_2e0_0_0,1776044722.00084,finish,0,0,c6id.4xlarge
ip-172-31-18-189,1776044097,collapse,2.1.6,,groupby,G1_1e7_1e2_0_1,1776044737.00475,start,,,c6id.4xlarge
ip-172-31-18-189,1776044097,collapse,2.1.6,,groupby,G1_1e7_1e2_0_1,1776044745.95501,finish,0,0,c6id.4xlarge
ip-172-31-18-189,1776044097,collapse,2.1.6,,groupby,G1_1e7_1e2_5_0,1776044760.97016,start,,,c6id.4xlarge
ip-172-31-18-189,1776044097,collapse,2.1.6,,groupby,G1_1e7_1e2_5_0,1776044772.10786,finish,0,0,c6id.4xlarge
ip-172-31-18-189,1776044097,collapse,2.1.6,,join,J1_1e7_NA_0_0,1776044787.123,start,,,c6id.4xlarge
ip-172-31-18-189,1776044097,collapse,2.1.6,,join,J1_1e7_NA_0_0,1776044889.0894,finish,0,0,c6id.4xlarge
ip-172-31-18-189,1776044097,collapse,2.1.6,,join,J1_1e7_NA_5_0,1776044904.09176,start,,,c6id.4xlarge
ip-172-31-18-189,1776044097,collapse,2.1.6,,join,J1_1e7_NA_5_0,1776044997.16417,finish,0,0,c6id.4xlarge
ip-172-31-18-189,1776044097,collapse,2.1.6,,join,J1_1e7_NA_0_1,1776045012.16473,start,,,c6id.4xlarge
ip-172-31-18-189,1776044097,collapse,2.1.6,,join,J1_1e7_NA_0_1,1776045106.11059,finish,0,0,c6id.4xlarge
ip-172-31-18-189,1776044097,spark,4.1.1,,groupby,G1_1e7_1e2_0_0,1776045121.11984,start,,,c6id.4xlarge
ip-172-31-18-189,1776044097,spark,4.1.1,,groupby,G1_1e7_1e2_0_0,1776045170.03162,finish,5,0,c6id.4xlarge
ip-172-31-18-189,1776044097,spark,4.1.1,,groupby,G1_1e7_1e1_0_0,1776045185.03901,start,,,c6id.4xlarge
ip-172-31-18-189,1776044097,spark,4.1.1,,groupby,G1_1e7_1e1_0_0,1776045234.98956,finish,5,0,c6id.4xlarge
ip-172-31-18-189,1776044097,spark,4.1.1,,groupby,G1_1e7_2e0_0_0,1776045250.00091,start,,,c6id.4xlarge
ip-172-31-18-189,1776044097,spark,4.1.1,,groupby,G1_1e7_2e0_0_0,1776045303.45004,finish,5,0,c6id.4xlarge
ip-172-31-18-189,1776044097,spark,4.1.1,,groupby,G1_1e7_1e2_0_1,1776045318.4652,start,,,c6id.4xlarge
ip-172-31-18-189,1776044097,spark,4.1.1,,groupby,G1_1e7_1e2_0_1,1776045364.90232,finish,5,0,c6id.4xlarge
ip-172-31-18-189,1776044097,spark,4.1.1,,groupby,G1_1e7_1e2_5_0,1776045379.91182,start,,,c6id.4xlarge
ip-172-31-18-189,1776044097,spark,4.1.1,,groupby,G1_1e7_1e2_5_0,1776045426.36562,finish,5,0,c6id.4xlarge
ip-172-31-18-189,1776044097,spark,4.1.1,,join,J1_1e7_NA_0_0,1776045441.36953,start,,,c6id.4xlarge
ip-172-31-18-189,1776044097,spark,4.1.1,,join,J1_1e7_NA_0_0,1776045509.32974,finish,5,0,c6id.4xlarge
ip-172-31-18-189,1776044097,spark,4.1.1,,join,J1_1e7_NA_5_0,1776045524.34225,start,,,c6id.4xlarge
ip-172-31-18-189,1776044097,spark,4.1.1,,join,J1_1e7_NA_5_0,1776045588.31059,finish,5,0,c6id.4xlarge
ip-172-31-18-189,1776044097,spark,4.1.1,,join,J1_1e7_NA_0_1,1776045603.31425,start,,,c6id.4xlarge
ip-172-31-18-189,1776044097,spark,4.1.1,,join,J1_1e7_NA_0_1,1776045661.76661,finish,5,0,c6id.4xlarge
ip-172-31-18-189,1776045780,clickhouse,25.9.3.48,,groupby,G1_1e8_1e2_0_0,1776045781.06413,start,,,c6id.4xlarge
ip-172-31-18-189,1776045780,clickhouse,25.9.3.48,,groupby,G1_1e8_1e2_0_0,1776045781.24247,finish,0,2,c6id.4xlarge
ip-172-31-18-189,1776045780,clickhouse,25.9.3.48,,groupby,G1_1e8_1e1_0_0,1776045796.25761,start,,,c6id.4xlarge
ip-172-31-18-189,1776045780,clickhouse,25.9.3.48,,groupby,G1_1e8_1e1_0_0,1776045796.43822,finish,0,2,c6id.4xlarge
ip-172-31-18-189,1776045780,clickhouse,25.9.3.48,,groupby,G1_1e8_2e0_0_0,1776045811.45336,start,,,c6id.4xlarge
ip-172-31-18-189,1776045780,clickhouse,25.9.3.48,,groupby,G1_1e8_2e0_0_0,1776045811.6211,finish,0,2,c6id.4xlarge
ip-172-31-18-189,1776045780,clickhouse,25.9.3.48,,groupby,G1_1e8_1e2_0_1,1776045826.62725,start,,,c6id.4xlarge
ip-172-31-18-189,1776045780,clickhouse,25.9.3.48,,groupby,G1_1e8_1e2_0_1,1776045826.79742,finish,0,2,c6id.4xlarge
ip-172-31-18-189,1776045780,clickhouse,25.9.3.48,,groupby,G1_1e8_1e2_5_0,1776045841.81255,start,,,c6id.4xlarge
ip-172-31-18-189,1776045780,clickhouse,25.9.3.48,,groupby,G1_1e8_1e2_5_0,1776045841.98132,finish,0,2,c6id.4xlarge
ip-172-31-18-189,1776045780,clickhouse,25.9.3.48,,join,J1_1e8_NA_0_0,1776045856.98825,start,,,c6id.4xlarge
ip-172-31-18-189,1776045780,clickhouse,25.9.3.48,,join,J1_1e8_NA_0_0,1776045857.15745,finish,0,2,c6id.4xlarge
ip-172-31-18-189,1776045780,clickhouse,25.9.3.48,,join,J1_1e8_NA_5_0,1776045872.17258,start,,,c6id.4xlarge
ip-172-31-18-189,1776045780,clickhouse,25.9.3.48,,join,J1_1e8_NA_5_0,1776045872.33992,finish,0,2,c6id.4xlarge
ip-172-31-18-189,1776045780,clickhouse,25.9.3.48,,join,J1_1e8_NA_0_1,1776045887.35506,start,,,c6id.4xlarge
ip-172-31-18-189,1776045780,clickhouse,25.9.3.48,,join,J1_1e8_NA_0_1,1776045887.52382,finish,0,2,c6id.4xlarge
ip-172-31-18-189,1776045780,duckdb,1.5.1,7dbb2e646fe,groupby,G1_1e8_1e2_0_0,1776045902.53894,start,,,c6id.4xlarge
ip-172-31-18-189,1776045780,duckdb,1.5.1,7dbb2e646fe,groupby,G1_1e8_1e2_0_0,1776045940.0784,finish,0,0,c6id.4xlarge
ip-172-31-18-189,1776045780,duckdb,1.5.1,7dbb2e646fe,groupby,G1_1e8_1e1_0_0,1776045955.08125,start,,,c6id.4xlarge
ip-172-31-18-189,1776045780,duckdb,1.5.1,7dbb2e646fe,groupby,G1_1e8_1e1_0_0,1776045998.15589,finish,0,0,c6id.4xlarge
ip-172-31-18-189,1776045780,duckdb,1.5.1,7dbb2e646fe,groupby,G1_1e8_2e0_0_0,1776046013.17102,start,,,c6id.4xlarge
ip-172-31-18-189,1776045780,duckdb,1.5.1,7dbb2e646fe,groupby,G1_1e8_2e0_0_0,1776046059.86038,finish,0,0,c6id.4xlarge
ip-172-31-18-189,1776045780,duckdb,1.5.1,7dbb2e646fe,groupby,G1_1e8_1e2_0_1,1776046074.8663,start,,,c6id.4xlarge
ip-172-31-18-189,1776045780,duckdb,1.5.1,7dbb2e646fe,groupby,G1_1e8_1e2_0_1,1776046110.99846,finish,0,0,c6id.4xlarge
ip-172-31-18-189,1776045780,duckdb,1.5.1,7dbb2e646fe,groupby,G1_1e8_1e2_5_0,1776046126.0136,start,,,c6id.4xlarge
ip-172-31-18-189,1776045780,duckdb,1.5.1,7dbb2e646fe,groupby,G1_1e8_1e2_5_0,1776046165.17619,finish,0,0,c6id.4xlarge
ip-172-31-18-189,1776045780,duckdb,1.5.1,7dbb2e646fe,join,J1_1e8_NA_0_0,1776046180.19064,start,,,c6id.4xlarge
ip-172-31-18-189,1776045780,duckdb,1.5.1,7dbb2e646fe,join,J1_1e8_NA_0_0,1776046278.38475,finish,0,0,c6id.4xlarge
ip-172-31-18-189,1776045780,duckdb,1.5.1,7dbb2e646fe,join,J1_1e8_NA_5_0,1776046293.39349,start,,,c6id.4xlarge
ip-172-31-18-189,1776045780,duckdb,1.5.1,7dbb2e646fe,join,J1_1e8_NA_5_0,1776046394.62475,finish,0,0,c6id.4xlarge
ip-172-31-18-189,1776045780,duckdb,1.5.1,7dbb2e646fe,join,J1_1e8_NA_0_1,1776046409.63989,start,,,c6id.4xlarge
ip-172-31-18-189,1776045780,duckdb,1.5.1,7dbb2e646fe,join,J1_1e8_NA_0_1,1776046496.88802,finish,0,0,c6id.4xlarge
ip-172-31-18-189,1776045780,polars,1.39.3,,groupby,G1_1e8_1e2_0_0,1776046511.89724,start,,,c6id.4xlarge
ip-172-31-18-189,1776045780,polars,1.39.3,,groupby,G1_1e8_1e2_0_0,1776046598.19766,finish,0,0,c6id.4xlarge
ip-172-31-18-189,1776045780,polars,1.39.3,,groupby,G1_1e8_1e1_0_0,1776046613.2128,start,,,c6id.4xlarge
ip-172-31-18-189,1776045780,polars,1.39.3,,groupby,G1_1e8_1e1_0_0,1776046746.87853,finish,0,0,c6id.4xlarge
ip-172-31-18-189,1776045780,polars,1.39.3,,groupby,G1_1e8_2e0_0_0,1776046761.89368,start,,,c6id.4xlarge
ip-172-31-18-189,1776045780,polars,1.39.3,,groupby,G1_1e8_2e0_0_0,1776047001.35865,finish,0,0,c6id.4xlarge
ip-172-31-18-189,1776045780,polars,1.39.3,,groupby,G1_1e8_1e2_0_1,1776047016.37102,start,,,c6id.4xlarge
ip-172-31-18-189,1776045780,polars,1.39.3,,groupby,G1_1e8_1e2_0_1,1776047097.37259,finish,0,0,c6id.4xlarge
ip-172-31-18-189,1776045780,polars,1.39.3,,groupby,G1_1e8_1e2_5_0,1776047112.37736,start,,,c6id.4xlarge
ip-172-31-18-189,1776045780,polars,1.39.3,,groupby,G1_1e8_1e2_5_0,1776047212.99402,finish,0,0,c6id.4xlarge
ip-172-31-18-189,1776045780,polars,1.39.3,,join,J1_1e8_NA_0_0,1776047228.00917,start,,,c6id.4xlarge
ip-172-31-18-189,1776045780,polars,1.39.3,,join,J1_1e8_NA_0_0,1776047419.22591,finish,0,0,c6id.4xlarge
ip-172-31-18-189,1776045780,polars,1.39.3,,join,J1_1e8_NA_5_0,1776047434.23275,start,,,c6id.4xlarge
ip-172-31-18-189,1776045780,polars,1.39.3,,join,J1_1e8_NA_5_0,1776047631.43404,finish,0,0,c6id.4xlarge
ip-172-31-18-189,1776045780,polars,1.39.3,,join,J1_1e8_NA_0_1,1776047646.44261,start,,,c6id.4xlarge
ip-172-31-18-189,1776045780,polars,1.39.3,,join,J1_1e8_NA_0_1,1776047832.39639,finish,0,0,c6id.4xlarge
ip-172-31-18-189,1776045780,collapse,2.1.6,,groupby,G1_1e8_1e2_0_0,1776047847.40121,start,,,c6id.4xlarge
ip-172-31-18-189,1776045780,collapse,2.1.6,,groupby,G1_1e8_1e2_0_0,1776047979.37072,finish,0,0,c6id.4xlarge
ip-172-31-18-189,1776045780,collapse,2.1.6,,groupby,G1_1e8_1e1_0_0,1776047994.38586,start,,,c6id.4xlarge
ip-172-31-18-189,1776045780,collapse,2.1.6,,groupby,G1_1e8_1e1_0_0,1776048260.03559,finish,0,0,c6id.4xlarge
ip-172-31-18-189,1776045780,collapse,2.1.6,,groupby,G1_1e8_2e0_0_0,1776048275.05073,start,,,c6id.4xlarge
ip-172-31-18-189,1776045780,collapse,2.1.6,,groupby,G1_1e8_2e0_0_0,1776048931.72203,finish,0,0,c6id.4xlarge
ip-172-31-18-189,1776045780,collapse,2.1.6,,groupby,G1_1e8_1e2_0_1,1776048946.73719,start,,,c6id.4xlarge
ip-172-31-18-189,1776045780,collapse,2.1.6,,groupby,G1_1e8_1e2_0_1,1776049061.64845,finish,0,0,c6id.4xlarge
ip-172-31-18-189,1776045780,collapse,2.1.6,,groupby,G1_1e8_1e2_5_0,1776049076.66358,start,,,c6id.4xlarge
ip-172-31-18-189,1776045780,collapse,2.1.6,,groupby,G1_1e8_1e2_5_0,1776049208.98807,finish,0,0,c6id.4xlarge
ip-172-31-18-189,1776045780,collapse,2.1.6,,join,J1_1e8_NA_0_0,1776049223.99594,start,,,c6id.4xlarge
ip-172-31-18-189,1776045780,collapse,2.1.6,,join,J1_1e8_NA_0_0,1776050415.9248,finish,0,0,c6id.4xlarge
ip-172-31-18-189,1776045780,collapse,2.1.6,,join,J1_1e8_NA_5_0,1776050430.93993,start,,,c6id.4xlarge
ip-172-31-18-189,1776045780,collapse,2.1.6,,join,J1_1e8_NA_5_0,1776051540.93087,finish,0,0,c6id.4xlarge
ip-172-31-18-189,1776045780,collapse,2.1.6,,join,J1_1e8_NA_0_1,1776051555.94224,start,,,c6id.4xlarge
ip-172-31-18-189,1776045780,collapse,2.1.6,,join,J1_1e8_NA_0_1,1776052652.80196,finish,0,0,c6id.4xlarge
ip-172-31-18-189,1776045780,spark,4.1.1,,groupby,G1_1e8_1e2_0_0,1776052667.80713,start,,,c6id.4xlarge
ip-172-31-18-189,1776045780,spark,4.1.1,,groupby,G1_1e8_1e2_0_0,1776053045.49107,finish,5,0,c6id.4xlarge
ip-172-31-18-189,1776045780,spark,4.1.1,,groupby,G1_1e8_1e1_0_0,1776053060.50621,start,,,c6id.4xlarge
ip-172-31-18-189,1776045780,spark,4.1.1,,groupby,G1_1e8_1e1_0_0,1776053456.93087,finish,5,0,c6id.4xlarge
ip-172-31-18-189,1776045780,spark,4.1.1,,groupby,G1_1e8_2e0_0_0,1776053471.93724,start,,,c6id.4xlarge
ip-172-31-18-189,1776045780,spark,4.1.1,,groupby,G1_1e8_2e0_0_0,1776053905.8622,finish,5,0,c6id.4xlarge
ip-172-31-18-189,1776045780,spark,4.1.1,,groupby,G1_1e8_1e2_0_1,1776053920.86496,start,,,c6id.4xlarge
ip-172-31-18-189,1776045780,spark,4.1.1,,groupby,G1_1e8_1e2_0_1,1776054228.50261,finish,5,0,c6id.4xlarge
ip-172-31-18-189,1776045780,spark,4.1.1,,groupby,G1_1e8_1e2_5_0,1776054243.51425,start,,,c6id.4xlarge
ip-172-31-18-189,1776045780,spark,4.1.1,,groupby,G1_1e8_1e2_5_0,1776054591.33918,finish,5,0,c6id.4xlarge
ip-172-31-18-189,1776045780,spark,4.1.1,,join,J1_1e8_NA_0_0,1776054606.35431,start,,,c6id.4xlarge
ip-172-31-18-189,1776045780,spark,4.1.1,,join,J1_1e8_NA_0_0,1776055040.44886,finish,39,1,c6id.4xlarge
ip-172-31-18-189,1776045780,spark,4.1.1,,join,J1_1e8_NA_5_0,1776055055.46397,start,,,c6id.4xlarge
ip-172-31-18-189,1776045780,spark,4.1.1,,join,J1_1e8_NA_5_0,1776055688.29533,finish,39,1,c6id.4xlarge
ip-172-31-18-189,1776045780,spark,4.1.1,,join,J1_1e8_NA_0_1,1776055703.30423,start,,,c6id.4xlarge
ip-172-31-18-189,1776045780,spark,4.1.1,,join,J1_1e8_NA_0_1,1776056510.76078,finish,39,1,c6id.4xlarge
ip-172-31-18-189,1776159617,juliads,0.7.24, ,groupby,G1_1e7_1e2_0_0,1776159620.78135,start,,,c6id.4xlarge
ip-172-31-18-189,1776159617,juliads,0.7.24, ,groupby,G1_1e7_1e2_0_0,1776159655.57503,finish,0,0,c6id.4xlarge
ip-172-31-18-189,1776159617,juliads,0.7.24, ,groupby,G1_1e7_1e1_0_0,1776159670.59012,start,,,c6id.4xlarge
ip-172-31-18-189,1776159617,juliads,0.7.24, ,groupby,G1_1e7_1e1_0_0,1776159705.31525,finish,0,0,c6id.4xlarge
ip-172-31-18-189,1776159617,juliads,0.7.24, ,groupby,G1_1e7_2e0_0_0,1776159720.33035,start,,,c6id.4xlarge
ip-172-31-18-189,1776159617,juliads,0.7.24, ,groupby,G1_1e7_2e0_0_0,1776159757.1823,finish,0,0,c6id.4xlarge
ip-172-31-18-189,1776159617,juliads,0.7.24, ,groupby,G1_1e7_1e2_0_1,1776159772.1974,start,,,c6id.4xlarge
ip-172-31-18-189,1776159617,juliads,0.7.24, ,groupby,G1_1e7_1e2_0_1,1776159805.79565,finish,0,0,c6id.4xlarge
ip-172-31-18-189,1776159617,juliads,0.7.24, ,groupby,G1_1e7_1e2_5_0,1776159820.81075,start,,,c6id.4xlarge
ip-172-31-18-189,1776159617,juliads,0.7.24, ,groupby,G1_1e7_1e2_5_0,1776159854.73615,finish,0,0,c6id.4xlarge
ip-172-31-18-189,1776159617,juliads,0.7.24, ,join,J1_1e7_NA_0_0,1776159869.75123,start,,,c6id.4xlarge
ip-172-31-18-189,1776159617,juliads,0.7.24, ,join,J1_1e7_NA_0_0,1776159965.5665,finish,0,0,c6id.4xlarge
ip-172-31-18-189,1776159617,juliads,0.7.24, ,join,J1_1e7_NA_5_0,1776159980.5816,start,,,c6id.4xlarge
ip-172-31-18-189,1776159617,juliads,0.7.24, ,join,J1_1e7_NA_5_0,1776160076.57436,finish,0,0,c6id.4xlarge
ip-172-31-18-189,1776159617,juliads,0.7.24, ,join,J1_1e7_NA_0_1,1776160091.58945,start,,,c6id.4xlarge
ip-172-31-18-189,1776159617,juliads,0.7.24, ,join,J1_1e7_NA_0_1,1776160187.75983,finish,0,0,c6id.4xlarge
ip-172-31-18-189,1776159617,juliadf,1.8.2,5fab31e2e01e70ad66e3e24c968c264d1cf166d6,groupby,G1_1e7_1e2_0_0,1776160202.77491,start,,,c6id.4xlarge
ip-172-31-18-189,1776159617,juliadf,1.8.2,5fab31e2e01e70ad66e3e24c968c264d1cf166d6,groupby,G1_1e7_1e2_0_0,1776160233.10111,finish,0,0,c6id.4xlarge
ip-172-31-18-189,1776159617,juliadf,1.8.2,5fab31e2e01e70ad66e3e24c968c264d1cf166d6,groupby,G1_1e7_1e1_0_0,1776160248.11621,start,,,c6id.4xlarge
ip-172-31-18-189,1776159617,juliadf,1.8.2,5fab31e2e01e70ad66e3e24c968c264d1cf166d6,groupby,G1_1e7_1e1_0_0,1776160280.28714,finish,0,0,c6id.4xlarge
ip-172-31-18-189,1776159617,juliadf,1.8.2,5fab31e2e01e70ad66e3e24c968c264d1cf166d6,groupby,G1_1e7_2e0_0_0,1776160295.30223,start,,,c6id.4xlarge
ip-172-31-18-189,1776159617,juliadf,1.8.2,5fab31e2e01e70ad66e3e24c968c264d1cf166d6,groupby,G1_1e7_2e0_0_0,1776160331.5589,finish,0,0,c6id.4xlarge
ip-172-31-18-189,1776159617,juliadf,1.8.2,5fab31e2e01e70ad66e3e24c968c264d1cf166d6,groupby,G1_1e7_1e2_0_1,1776160346.574,start,,,c6id.4xlarge
ip-172-31-18-189,1776159617,juliadf,1.8.2,5fab31e2e01e70ad66e3e24c968c264d1cf166d6,groupby,G1_1e7_1e2_0_1,1776160376.6966,finish,0,0,c6id.4xlarge
ip-172-31-18-189,1776159617,juliadf,1.8.2,5fab31e2e01e70ad66e3e24c968c264d1cf166d6,groupby,G1_1e7_1e2_5_0,1776160391.7117,start,,,c6id.4xlarge
ip-172-31-18-189,1776159617,juliadf,1.8.2,5fab31e2e01e70ad66e3e24c968c264d1cf166d6,groupby,G1_1e7_1e2_5_0,1776160426.01463,finish,0,0,c6id.4xlarge
ip-172-31-18-189,1776159617,juliadf,1.8.2,5fab31e2e01e70ad66e3e24c968c264d1cf166d6,join,J1_1e7_NA_0_0,1776160441.02972,start,,,c6id.4xlarge
ip-172-31-18-189,1776159617,juliadf,1.8.2,5fab31e2e01e70ad66e3e24c968c264d1cf166d6,join,J1_1e7_NA_0_0,1776160479.16562,finish,0,0,c6id.4xlarge
ip-172-31-18-189,1776159617,juliadf,1.8.2,5fab31e2e01e70ad66e3e24c968c264d1cf166d6,join,J1_1e7_NA_5_0,1776160494.18071,start,,,c6id.4xlarge
ip-172-31-18-189,1776159617,juliadf,1.8.2,5fab31e2e01e70ad66e3e24c968c264d1cf166d6,join,J1_1e7_NA_5_0,1776160535.17484,finish,0,0,c6id.4xlarge
ip-172-31-18-189,1776159617,juliadf,1.8.2,5fab31e2e01e70ad66e3e24c968c264d1cf166d6,join,J1_1e7_NA_0_1,1776160550.18994,start,,,c6id.4xlarge
ip-172-31-18-189,1776159617,juliadf,1.8.2,5fab31e2e01e70ad66e3e24c968c264d1cf166d6,join,J1_1e7_NA_0_1,1776160586.95243,finish,0,0,c6id.4xlarge
ip-172-31-18-189,1776159617,clickhouse,26.4.1.911,,groupby,G1_1e7_1e2_0_0,1776160601.96754,start,,,c6id.4xlarge
ip-172-31-18-189,1776159617,clickhouse,26.4.1.911,,groupby,G1_1e7_1e2_0_0,1776160755.34915,finish,0,0,c6id.4xlarge
ip-172-31-18-189,1776159617,clickhouse,26.4.1.911,,groupby,G1_1e7_1e1_0_0,1776160770.36425,start,,,c6id.4xlarge
ip-172-31-18-189,1776159617,clickhouse,26.4.1.911,,groupby,G1_1e7_1e1_0_0,1776160923.33679,finish,0,0,c6id.4xlarge
ip-172-31-18-189,1776159617,clickhouse,26.4.1.911,,groupby,G1_1e7_2e0_0_0,1776160938.35191,start,,,c6id.4xlarge
ip-172-31-18-189,1776159617,clickhouse,26.4.1.911,,groupby,G1_1e7_2e0_0_0,1776161091.06357,finish,0,0,c6id.4xlarge
ip-172-31-18-189,1776159617,clickhouse,26.4.1.911,,groupby,G1_1e7_1e2_0_1,1776161106.07867,start,,,c6id.4xlarge
ip-172-31-18-189,1776159617,clickhouse,26.4.1.911,,groupby,G1_1e7_1e2_0_1,1776161255.75467,finish,0,0,c6id.4xlarge
ip-172-31-18-189,1776159617,clickhouse,26.4.1.911,,groupby,G1_1e7_1e2_5_0,1776161270.76977,start,,,c6id.4xlarge
ip-172-31-18-189,1776159617,clickhouse,26.4.1.911,,groupby,G1_1e7_1e2_5_0,1776161423.92631,finish,0,0,c6id.4xlarge
ip-172-31-18-189,1776159617,clickhouse,26.4.1.911,,join,J1_1e7_NA_0_0,1776161438.9414,start,,,c6id.4xlarge
ip-172-31-18-189,1776159617,clickhouse,26.4.1.911,,join,J1_1e7_NA_0_0,1776161590.99788,finish,0,0,c6id.4xlarge
ip-172-31-18-189,1776159617,clickhouse,26.4.1.911,,join,J1_1e7_NA_5_0,1776161606.01298,start,,,c6id.4xlarge
ip-172-31-18-189,1776159617,clickhouse,26.4.1.911,,join,J1_1e7_NA_5_0,1776161758.82328,finish,0,0,c6id.4xlarge
ip-172-31-18-189,1776159617,clickhouse,26.4.1.911,,join,J1_1e7_NA_0_1,1776161773.83838,start,,,c6id.4xlarge
ip-172-31-18-189,1776159617,clickhouse,26.4.1.911,,join,J1_1e7_NA_0_1,1776161925.35846,finish,0,0,c6id.4xlarge
ip-172-31-18-189,1776159617,R-arrow,23.0.1.2,,groupby,G1_1e7_1e2_0_0,1776161940.37357,start,,,c6id.4xlarge
ip-172-31-18-189,1776159617,R-arrow,23.0.1.2,,groupby,G1_1e7_1e2_0_0,1776161947.77214,finish,3,0,c6id.4xlarge
ip-172-31-18-189,1776159617,R-arrow,23.0.1.2,,groupby,G1_1e7_1e1_0_0,1776161962.78724,start,,,c6id.4xlarge
ip-172-31-18-189,1776159617,R-arrow,23.0.1.2,,groupby,G1_1e7_1e1_0_0,1776161971.24435,finish,3,0,c6id.4xlarge
ip-172-31-18-189,1776159617,R-arrow,23.0.1.2,,groupby,G1_1e7_2e0_0_0,1776161986.25944,start,,,c6id.4xlarge
ip-172-31-18-189,1776159617,R-arrow,23.0.1.2,,groupby,G1_1e7_2e0_0_0,1776162001.07688,finish,3,0,c6id.4xlarge
ip-172-31-18-189,1776159617,R-arrow,23.0.1.2,,groupby,G1_1e7_1e2_0_1,1776162016.09197,start,,,c6id.4xlarge
ip-172-31-18-189,1776159617,R-arrow,23.0.1.2,,groupby,G1_1e7_1e2_0_1,1776162023.55916,finish,3,0,c6id.4xlarge
ip-172-31-18-189,1776159617,R-arrow,23.0.1.2,,groupby,G1_1e7_1e2_5_0,1776162038.57426,start,,,c6id.4xlarge
ip-172-31-18-189,1776159617,R-arrow,23.0.1.2,,groupby,G1_1e7_1e2_5_0,1776162045.77051,finish,3,0,c6id.4xlarge
ip-172-31-18-189,1776159617,R-arrow,23.0.1.2,,join,J1_1e7_NA_0_0,1776162060.78559,start,,,c6id.4xlarge
ip-172-31-18-189,1776159617,R-arrow,23.0.1.2,,join,J1_1e7_NA_0_0,1776162067.54401,finish,0,0,c6id.4xlarge
ip-172-31-18-189,1776159617,R-arrow,23.0.1.2,,join,J1_1e7_NA_5_0,1776162082.5591,start,,,c6id.4xlarge
ip-172-31-18-189,1776159617,R-arrow,23.0.1.2,,join,J1_1e7_NA_5_0,1776162089.72358,finish,0,0,c6id.4xlarge
ip-172-31-18-189,1776159617,R-arrow,23.0.1.2,,join,J1_1e7_NA_0_1,1776162104.73868,start,,,c6id.4xlarge
ip-172-31-18-189,1776159617,R-arrow,23.0.1.2,,join,J1_1e7_NA_0_1,1776162111.54505,finish,0,0,c6id.4xlarge
ip-172-31-18-189,1776159617,spark,4.1.1,,groupby,G1_1e7_1e2_0_0,1776162126.56014,start,,,c6id.4xlarge
ip-172-31-18-189,1776159617,spark,4.1.1,,groupby,G1_1e7_1e2_0_0,1776162175.38325,finish,5,0,c6id.4xlarge
ip-172-31-18-189,1776159617,spark,4.1.1,,groupby,G1_1e7_1e1_0_0,1776162190.39838,start,,,c6id.4xlarge
ip-172-31-18-189,1776159617,spark,4.1.1,,groupby,G1_1e7_1e1_0_0,1776162240.89976,finish,5,0,c6id.4xlarge
ip-172-31-18-189,1776159617,spark,4.1.1,,groupby,G1_1e7_2e0_0_0,1776162255.91493,start,,,c6id.4xlarge
ip-172-31-18-189,1776159617,spark,4.1.1,,groupby,G1_1e7_2e0_0_0,1776162308.83991,finish,5,0,c6id.4xlarge
ip-172-31-18-189,1776159617,spark,4.1.1,,groupby,G1_1e7_1e2_0_1,1776162323.84266,start,,,c6id.4xlarge
ip-172-31-18-189,1776159617,spark,4.1.1,,groupby,G1_1e7_1e2_0_1,1776162368.76863,finish,5,0,c6id.4xlarge
ip-172-31-18-189,1776159617,spark,4.1.1,,groupby,G1_1e7_1e2_5_0,1776162383.78376,start,,,c6id.4xlarge
ip-172-31-18-189,1776159617,spark,4.1.1,,groupby,G1_1e7_1e2_5_0,1776162430.73827,finish,5,0,c6id.4xlarge
ip-172-31-18-189,1776159617,spark,4.1.1,,join,J1_1e7_NA_0_0,1776162445.7534,start,,,c6id.4xlarge
ip-172-31-18-189,1776159617,spark,4.1.1,,join,J1_1e7_NA_0_0,1776162513.21271,finish,5,0,c6id.4xlarge
ip-172-31-18-189,1776159617,spark,4.1.1,,join,J1_1e7_NA_5_0,1776162528.22783,start,,,c6id.4xlarge
ip-172-31-18-189,1776159617,spark,4.1.1,,join,J1_1e7_NA_5_0,1776162591.6544,finish,5,0,c6id.4xlarge
ip-172-31-18-189,1776159617,spark,4.1.1,,join,J1_1e7_NA_0_1,1776162606.66956,start,,,c6id.4xlarge
ip-172-31-18-189,1776159617,spark,4.1.1,,join,J1_1e7_NA_0_1,1776162666.07192,finish,5,0,c6id.4xlarge
ip-172-31-18-189,1776163170,juliads,0.7.24, ,groupby,G1_1e8_1e2_0_0,1776163172.89399,start,,,c6id.4xlarge
ip-172-31-18-189,1776163170,juliads,0.7.24, ,groupby,G1_1e8_1e2_0_0,1776163278.22192,finish,0,0,c6id.4xlarge
ip-172-31-18-189,1776163170,juliads,0.7.24, ,groupby,G1_1e8_1e1_0_0,1776163293.23701,start,,,c6id.4xlarge
ip-172-31-18-189,1776163170,juliads,0.7.24, ,groupby,G1_1e8_1e1_0_0,1776163412.69611,finish,0,0,c6id.4xlarge
ip-172-31-18-189,1776163170,juliads,0.7.24, ,groupby,G1_1e8_2e0_0_0,1776163427.71119,start,,,c6id.4xlarge
ip-172-31-18-189,1776163170,juliads,0.7.24, ,groupby,G1_1e8_2e0_0_0,1776163572.89118,finish,0,0,c6id.4xlarge
ip-172-31-18-189,1776163170,juliads,0.7.24, ,groupby,G1_1e8_1e2_0_1,1776163587.89861,start,,,c6id.4xlarge
ip-172-31-18-189,1776163170,juliads,0.7.24, ,groupby,G1_1e8_1e2_0_1,1776163690.84306,finish,0,0,c6id.4xlarge
ip-172-31-18-189,1776163170,juliads,0.7.24, ,groupby,G1_1e8_1e2_5_0,1776163705.85816,start,,,c6id.4xlarge
ip-172-31-18-189,1776163170,juliads,0.7.24, ,groupby,G1_1e8_1e2_5_0,1776163810.99167,finish,0,0,c6id.4xlarge
ip-172-31-18-189,1776163170,juliads,0.7.24, ,join,J1_1e8_NA_0_0,1776163826.00677,start,,,c6id.4xlarge
ip-172-31-18-189,1776163170,juliads,0.7.24, ,join,J1_1e8_NA_0_0,1776164065.60806,finish,0,0,c6id.4xlarge
ip-172-31-18-189,1776163170,juliads,0.7.24, ,join,J1_1e8_NA_5_0,1776164080.61061,start,,,c6id.4xlarge
ip-172-31-18-189,1776163170,juliads,0.7.24, ,join,J1_1e8_NA_5_0,1776164317.97079,finish,0,0,c6id.4xlarge
ip-172-31-18-189,1776163170,juliads,0.7.24, ,join,J1_1e8_NA_0_1,1776164332.98588,start,,,c6id.4xlarge
ip-172-31-18-189,1776163170,juliads,0.7.24, ,join,J1_1e8_NA_0_1,1776164565.50574,finish,0,0,c6id.4xlarge
ip-172-31-18-189,1776163170,juliadf,1.8.2,5fab31e2e01e70ad66e3e24c968c264d1cf166d6,groupby,G1_1e8_1e2_0_0,1776164580.5208,start,,,c6id.4xlarge
ip-172-31-18-189,1776163170,juliadf,1.8.2,5fab31e2e01e70ad66e3e24c968c264d1cf166d6,groupby,G1_1e8_1e2_0_0,1776164754.73225,finish,0,0,c6id.4xlarge
ip-172-31-18-189,1776163170,juliadf,1.8.2,5fab31e2e01e70ad66e3e24c968c264d1cf166d6,groupby,G1_1e8_1e1_0_0,1776164769.74735,start,,,c6id.4xlarge
ip-172-31-18-189,1776163170,juliadf,1.8.2,5fab31e2e01e70ad66e3e24c968c264d1cf166d6,groupby,G1_1e8_1e1_0_0,1776164977.9432,finish,0,0,c6id.4xlarge
ip-172-31-18-189,1776163170,juliadf,1.8.2,5fab31e2e01e70ad66e3e24c968c264d1cf166d6,groupby,G1_1e8_2e0_0_0,1776164992.95829,start,,,c6id.4xlarge
ip-172-31-18-189,1776163170,juliadf,1.8.2,5fab31e2e01e70ad66e3e24c968c264d1cf166d6,groupby,G1_1e8_2e0_0_0,1776165247.93435,finish,0,0,c6id.4xlarge
ip-172-31-18-189,1776163170,juliadf,1.8.2,5fab31e2e01e70ad66e3e24c968c264d1cf166d6,groupby,G1_1e8_1e2_0_1,1776165262.94945,start,,,c6id.4xlarge
ip-172-31-18-189,1776163170,juliadf,1.8.2,5fab31e2e01e70ad66e3e24c968c264d1cf166d6,groupby,G1_1e8_1e2_0_1,1776165435.57765,finish,0,0,c6id.4xlarge
ip-172-31-18-189,1776163170,juliadf,1.8.2,5fab31e2e01e70ad66e3e24c968c264d1cf166d6,groupby,G1_1e8_1e2_5_0,1776165450.59275,start,,,c6id.4xlarge
ip-172-31-18-189,1776163170,juliadf,1.8.2,5fab31e2e01e70ad66e3e24c968c264d1cf166d6,groupby,G1_1e8_1e2_5_0,1776165637.87849,finish,0,0,c6id.4xlarge
ip-172-31-18-189,1776163170,juliadf,1.8.2,5fab31e2e01e70ad66e3e24c968c264d1cf166d6,join,J1_1e8_NA_0_0,1776165652.8936,start,,,c6id.4xlarge
ip-172-31-18-189,1776163170,juliadf,1.8.2,5fab31e2e01e70ad66e3e24c968c264d1cf166d6,join,J1_1e8_NA_0_0,1776165892.62938,finish,0,15,c6id.4xlarge
ip-172-31-18-189,1776167552,clickhouse,26.4.1.911,,groupby,G1_1e8_1e2_0_0,1776167556.74467,start,,,c6id.4xlarge
ip-172-31-18-189,1776167552,clickhouse,26.4.1.911,,groupby,G1_1e8_1e2_0_0,1776167763.39225,finish,0,0,c6id.4xlarge
ip-172-31-18-189,1776167552,clickhouse,26.4.1.911,,groupby,G1_1e8_1e1_0_0,1776167778.40733,start,,,c6id.4xlarge
ip-172-31-18-189,1776167552,clickhouse,26.4.1.911,,groupby,G1_1e8_1e1_0_0,1776167994.59325,finish,0,0,c6id.4xlarge
ip-172-31-18-189,1776167552,clickhouse,26.4.1.911,,groupby,G1_1e8_2e0_0_0,1776168009.60834,start,,,c6id.4xlarge
ip-172-31-18-189,1776167552,clickhouse,26.4.1.911,,groupby,G1_1e8_2e0_0_0,1776168233.89575,finish,0,0,c6id.4xlarge
ip-172-31-18-189,1776167552,clickhouse,26.4.1.911,,groupby,G1_1e8_1e2_0_1,1776168248.91085,start,,,c6id.4xlarge
ip-172-31-18-189,1776167552,clickhouse,26.4.1.911,,groupby,G1_1e8_1e2_0_1,1776168457.62036,finish,0,0,c6id.4xlarge
ip-172-31-18-189,1776167552,clickhouse,26.4.1.911,,groupby,G1_1e8_1e2_5_0,1776168472.63545,start,,,c6id.4xlarge
ip-172-31-18-189,1776167552,clickhouse,26.4.1.911,,groupby,G1_1e8_1e2_5_0,1776168690.42676,finish,0,0,c6id.4xlarge
ip-172-31-18-189,1776167552,clickhouse,26.4.1.911,,join,J1_1e8_NA_0_0,1776168705.44183,start,,,c6id.4xlarge
ip-172-31-18-189,1776167552,clickhouse,26.4.1.911,,join,J1_1e8_NA_0_0,1776169021.07857,finish,0,0,c6id.4xlarge
ip-172-31-18-189,1776167552,clickhouse,26.4.1.911,,join,J1_1e8_NA_5_0,1776169036.08261,start,,,c6id.4xlarge
ip-172-31-18-189,1776167552,clickhouse,26.4.1.911,,join,J1_1e8_NA_5_0,1776169352.83283,finish,0,0,c6id.4xlarge
ip-172-31-18-189,1776167552,clickhouse,26.4.1.911,,join,J1_1e8_NA_0_1,1776169367.84792,start,,,c6id.4xlarge
ip-172-31-18-189,1776167552,clickhouse,26.4.1.911,,join,J1_1e8_NA_0_1,1776169630.659,finish,0,0,c6id.4xlarge
ip-172-31-18-189,1776167552,R-arrow,23.0.1.2,,groupby,G1_1e8_1e2_0_0,1776169645.67408,start,,,c6id.4xlarge
ip-172-31-18-189,1776167552,R-arrow,23.0.1.2,,groupby,G1_1e8_1e2_0_0,1776169674.51976,finish,3,0,c6id.4xlarge
ip-172-31-18-189,1776167552,R-arrow,23.0.1.2,,groupby,G1_1e8_1e1_0_0,1776169689.53487,start,,,c6id.4xlarge
ip-172-31-18-189,1776167552,R-arrow,23.0.1.2,,groupby,G1_1e8_1e1_0_0,1776169773.23564,finish,3,0,c6id.4xlarge
ip-172-31-18-189,1776167552,R-arrow,23.0.1.2,,groupby,G1_1e8_2e0_0_0,1776169788.25071,start,,,c6id.4xlarge
ip-172-31-18-189,1776167552,R-arrow,23.0.1.2,,groupby,G1_1e8_2e0_0_0,1776169930.34016,finish,3,0,c6id.4xlarge
ip-172-31-18-189,1776167552,R-arrow,23.0.1.2,,groupby,G1_1e8_1e2_0_1,1776169945.35525,start,,,c6id.4xlarge
ip-172-31-18-189,1776167552,R-arrow,23.0.1.2,,groupby,G1_1e8_1e2_0_1,1776169973.7903,finish,3,0,c6id.4xlarge
ip-172-31-18-189,1776167552,R-arrow,23.0.1.2,,groupby,G1_1e8_1e2_5_0,1776169988.8054,start,,,c6id.4xlarge
ip-172-31-18-189,1776167552,R-arrow,23.0.1.2,,groupby,G1_1e8_1e2_5_0,1776170017.69733,finish,3,0,c6id.4xlarge
ip-172-31-18-189,1776167552,R-arrow,23.0.1.2,,join,J1_1e8_NA_0_0,1776170032.71241,start,,,c6id.4xlarge
ip-172-31-18-189,1776167552,R-arrow,23.0.1.2,,join,J1_1e8_NA_0_0,1776170058.57617,finish,0,15,c6id.4xlarge
ip-172-31-18-189,1776173471,spark,4.1.1,,groupby,G1_1e8_1e2_0_0,1776173474.34702,start,,,c6id.4xlarge
ip-172-31-18-189,1776173471,spark,4.1.1,,groupby,G1_1e8_1e2_0_0,1776173798.66094,finish,5,0,c6id.4xlarge
ip-172-31-18-189,1776173471,spark,4.1.1,,groupby,G1_1e8_1e1_0_0,1776173813.67606,start,,,c6id.4xlarge
ip-172-31-18-189,1776173471,spark,4.1.1,,groupby,G1_1e8_1e1_0_0,1776174185.36082,finish,5,0,c6id.4xlarge
ip-172-31-18-189,1776173471,spark,4.1.1,,groupby,G1_1e8_2e0_0_0,1776174200.37594,start,,,c6id.4xlarge
ip-172-31-18-189,1776173471,spark,4.1.1,,groupby,G1_1e8_2e0_0_0,1776174599.96977,finish,5,0,c6id.4xlarge
ip-172-31-18-189,1776173471,spark,4.1.1,,groupby,G1_1e8_1e2_0_1,1776174614.9849,start,,,c6id.4xlarge
ip-172-31-18-189,1776173471,spark,4.1.1,,groupby,G1_1e8_1e2_0_1,1776174888.43365,finish,5,0,c6id.4xlarge
ip-172-31-18-189,1776173471,spark,4.1.1,,groupby,G1_1e8_1e2_5_0,1776174903.44879,start,,,c6id.4xlarge
ip-172-31-18-189,1776173471,spark,4.1.1,,groupby,G1_1e8_1e2_5_0,1776175244.94017,finish,5,0,c6id.4xlarge
ip-172-31-18-189,1776173471,spark,4.1.1,,join,J1_1e8_NA_0_0,1776175259.9553,start,,,c6id.4xlarge
ip-172-31-18-189,1776173471,spark,4.1.1,,join,J1_1e8_NA_0_0,1776175505.69459,finish,5,15,c6id.4xlarge
ip-172-31-18-189,1776180512,duckdb,1.5.2,8a5851971fa,groupby,G1_1e9_1e2_0_0,1776180514.10697,start,,,c6id.4xlarge
ip-172-31-18-189,1776180512,duckdb,1.5.2,8a5851971fa,groupby,G1_1e9_1e2_0_0,1776181308.75776,finish,0,15,c6id.4xlarge
ip-172-31-18-189,1776227881,clickhouse,26.4.1.911,,groupby,G1_1e9_1e2_0_0,1776227882.00866,start,,,c6id.4xlarge
ip-172-31-18-189,1776227881,clickhouse,26.4.1.911,,groupby,G1_1e9_1e2_0_0,1776229447.83683,finish,0,0,c6id.4xlarge
ip-172-31-18-189,1776227881,clickhouse,26.4.1.911,,groupby,G1_1e9_1e1_0_0,1776229462.8426,start,,,c6id.4xlarge
ip-172-31-18-189,1776227881,clickhouse,26.4.1.911,,groupby,G1_1e9_1e1_0_0,1776231342.80761,finish,0,0,c6id.4xlarge
ip-172-31-18-189,1776227881,clickhouse,26.4.1.911,,groupby,G1_1e9_2e0_0_0,1776231357.82267,start,,,c6id.4xlarge
ip-172-31-18-189,1776227881,clickhouse,26.4.1.911,,groupby,G1_1e9_2e0_0_0,1776233361.93739,finish,0,0,c6id.4xlarge
ip-172-31-18-189,1776227881,clickhouse,26.4.1.911,,groupby,G1_1e9_1e2_0_1,1776233376.95247,start,,,c6id.4xlarge
ip-172-31-18-189,1776227881,clickhouse,26.4.1.911,,groupby,G1_1e9_1e2_0_1,1776234923.5295,finish,0,0,c6id.4xlarge
ip-172-31-18-189,1776227881,clickhouse,26.4.1.911,,groupby,G1_1e9_1e2_5_0,1776234938.54459,start,,,c6id.4xlarge
ip-172-31-18-189,1776227881,clickhouse,26.4.1.911,,groupby,G1_1e9_1e2_5_0,1776236616.55095,finish,0,0,c6id.4xlarge
ip-172-31-18-189,1776238765,clickhouse,26.4.1.911,,join,J1_1e9_NA_0_0,1776238766.16734,start,,,c6id.4xlarge
ip-172-31-18-189,1776238765,clickhouse,26.4.1.911,,join,J1_1e9_NA_0_0,1776240064.9763,finish,3,0,c6id.4xlarge
ip-172-31-18-189,1776250740,duckdb,1.5.2,8a5851971fa,groupby,G1_1e9_1e1_0_0,1776250743.04988,start,,,c6id.4xlarge
ip-172-31-18-189,1776250740,duckdb,1.5.2,8a5851971fa,groupby,G1_1e9_1e1_0_0,1776251793.30091,finish,0,0,c6id.4xlarge
ip-172-31-18-189,1776250740,duckdb,1.5.2,8a5851971fa,groupby,G1_1e9_2e0_0_0,1776251808.31599,start,,,c6id.4xlarge
ip-172-31-18-189,1776250740,duckdb,1.5.2,8a5851971fa,groupby,G1_1e9_2e0_0_0,1776252843.74531,finish,0,0,c6id.4xlarge
ip-172-31-18-189,1776250740,duckdb,1.5.2,8a5851971fa,groupby,G1_1e9_1e2_0_1,1776252858.76038,start,,,c6id.4xlarge
ip-172-31-18-189,1776250740,duckdb,1.5.2,8a5851971fa,groupby,G1_1e9_1e2_0_1,1776253837.82145,finish,0,0,c6id.4xlarge
ip-172-31-18-189,1776250740,duckdb,1.5.2,8a5851971fa,groupby,G1_1e9_1e2_5_0,1776253852.83657,start,,,c6id.4xlarge
ip-172-31-18-189,1776250740,duckdb,1.5.2,8a5851971fa,groupby,G1_1e9_1e2_5_0,1776254997.21209,finish,0,0,c6id.4xlarge
ip-172-31-18-189,1776257310,duckdb,1.5.2,8a5851971fa,join,J1_1e9_NA_0_0,1776257310.92947,start,,,c6id.4xlarge
ip-172-31-18-189,1776257310,duckdb,1.5.2,8a5851971fa,join,J1_1e9_NA_0_0,1776260244.29313,finish,2,1,c6id.4xlarge
ip-172-31-18-189,1776257310,clickhouse,26.4.1.911,,join,J1_1e9_NA_0_0,1776260259.30819,start,,,c6id.4xlarge
ip-172-31-18-189,1776257310,clickhouse,26.4.1.911,,join,J1_1e9_NA_0_0,1776261595.31454,finish,3,0,c6id.4xlarge
ip-172-31-18-189,1776324862,duckdb,1.5.2,8a5851971fa,groupby,G1_1e7_1e2_0_0,1776324864.62217,start,,,c6id.4xlarge
ip-172-31-18-189,1776324862,duckdb,1.5.2,8a5851971fa,groupby,G1_1e7_1e2_0_0,1776324870.43096,finish,0,0,c6id.4xlarge
ip-172-31-18-189,1776324862,duckdb,1.5.2,8a5851971fa,groupby,G1_1e7_1e1_0_0,1776324885.44605,start,,,c6id.4xlarge
ip-172-31-18-189,1776324862,duckdb,1.5.2,8a5851971fa,groupby,G1_1e7_1e1_0_0,1776324891.79712,finish,0,0,c6id.4xlarge
ip-172-31-18-189,1776324862,duckdb,1.5.2,8a5851971fa,groupby,G1_1e7_2e0_0_0,1776324906.8122,start,,,c6id.4xlarge
ip-172-31-18-189,1776324862,duckdb,1.5.2,8a5851971fa,groupby,G1_1e7_2e0_0_0,1776324913.294,finish,0,0,c6id.4xlarge
ip-172-31-18-189,1776324862,duckdb,1.5.2,8a5851971fa,groupby,G1_1e7_1e2_0_1,1776324928.30911,start,,,c6id.4xlarge
ip-172-31-18-189,1776324862,duckdb,1.5.2,8a5851971fa,groupby,G1_1e7_1e2_0_1,1776324933.93225,finish,0,0,c6id.4xlarge
ip-172-31-18-189,1776324862,duckdb,1.5.2,8a5851971fa,groupby,G1_1e7_1e2_5_0,1776324948.94734,start,,,c6id.4xlarge
ip-172-31-18-189,1776324862,duckdb,1.5.2,8a5851971fa,groupby,G1_1e7_1e2_5_0,1776324954.87305,finish,0,0,c6id.4xlarge
ip-172-31-18-189,1776324862,duckdb,1.5.2,8a5851971fa,join,J1_1e7_NA_0_0,1776324969.88816,start,,,c6id.4xlarge
ip-172-31-18-189,1776324862,duckdb,1.5.2,8a5851971fa,join,J1_1e7_NA_0_0,1776324977.47556,finish,0,0,c6id.4xlarge
ip-172-31-18-189,1776324862,duckdb,1.5.2,8a5851971fa,join,J1_1e7_NA_5_0,1776324992.49064,start,,,c6id.4xlarge
ip-172-31-18-189,1776324862,duckdb,1.5.2,8a5851971fa,join,J1_1e7_NA_5_0,1776325000.23861,finish,0,0,c6id.4xlarge
ip-172-31-18-189,1776324862,duckdb,1.5.2,8a5851971fa,join,J1_1e7_NA_0_1,1776325015.25371,start,,,c6id.4xlarge
ip-172-31-18-189,1776324862,duckdb,1.5.2,8a5851971fa,join,J1_1e7_NA_0_1,1776325022.5102,finish,0,0,c6id.4xlarge
ip-172-31-18-189,1776325141,duckdb,1.5.2,8a5851971fa,groupby,G1_1e8_1e2_0_0,1776325142.69145,start,,,c6id.4xlarge
ip-172-31-18-189,1776325141,duckdb,1.5.2,8a5851971fa,groupby,G1_1e8_1e2_0_0,1776325180.24674,finish,0,0,c6id.4xlarge
ip-172-31-18-189,1776325141,duckdb,1.5.2,8a5851971fa,groupby,G1_1e8_1e1_0_0,1776325195.26183,start,,,c6id.4xlarge
ip-172-31-18-189,1776325141,duckdb,1.5.2,8a5851971fa,groupby,G1_1e8_1e1_0_0,1776325238.12602,finish,0,0,c6id.4xlarge
ip-172-31-18-189,1776325141,duckdb,1.5.2,8a5851971fa,groupby,G1_1e8_2e0_0_0,1776325253.14112,start,,,c6id.4xlarge
ip-172-31-18-189,1776325141,duckdb,1.5.2,8a5851971fa,groupby,G1_1e8_2e0_0_0,1776325299.13224,finish,0,0,c6id.4xlarge
ip-172-31-18-189,1776325141,duckdb,1.5.2,8a5851971fa,groupby,G1_1e8_1e2_0_1,1776325314.14734,start,,,c6id.4xlarge
ip-172-31-18-189,1776325141,duckdb,1.5.2,8a5851971fa,groupby,G1_1e8_1e2_0_1,1776325350.13757,finish,0,0,c6id.4xlarge
ip-172-31-18-189,1776325141,duckdb,1.5.2,8a5851971fa,groupby,G1_1e8_1e2_5_0,1776325365.15266,start,,,c6id.4xlarge
ip-172-31-18-189,1776325141,duckdb,1.5.2,8a5851971fa,groupby,G1_1e8_1e2_5_0,1776325404.12515,finish,0,0,c6id.4xlarge
ip-172-31-18-189,1776325141,duckdb,1.5.2,8a5851971fa,join,J1_1e8_NA_0_0,1776325419.14024,start,,,c6id.4xlarge
ip-172-31-18-189,1776325141,duckdb,1.5.2,8a5851971fa,join,J1_1e8_NA_0_0,1776325519.18137,finish,0,0,c6id.4xlarge
ip-172-31-18-189,1776325141,duckdb,1.5.2,8a5851971fa,join,J1_1e8_NA_5_0,1776325534.19647,start,,,c6id.4xlarge
ip-172-31-18-189,1776325141,duckdb,1.5.2,8a5851971fa,join,J1_1e8_NA_5_0,1776325638.95153,finish,0,0,c6id.4xlarge
ip-172-31-18-189,1776325141,duckdb,1.5.2,8a5851971fa,join,J1_1e8_NA_0_1,1776325653.95519,start,,,c6id.4xlarge
ip-172-31-18-189,1776325141,duckdb,1.5.2,8a5851971fa,join,J1_1e8_NA_0_1,1776325746.01441,finish,0,0,c6id.4xlarge
ip-172-31-18-189,1776353678,juliads,0.7.24, ,groupby,G1_1e7_1e2_0_0,1776353682.07357,start,,,c6id.4xlarge
ip-172-31-18-189,1776353678,juliads,0.7.24, ,groupby,G1_1e7_1e2_0_0,1776353717.06187,finish,0,0,c6id.4xlarge
ip-172-31-18-189,1776353678,juliads,0.7.24, ,groupby,G1_1e7_1e1_0_0,1776353732.07698,start,,,c6id.4xlarge
ip-172-31-18-189,1776353678,juliads,0.7.24, ,groupby,G1_1e7_1e1_0_0,1776353766.86733,finish,0,0,c6id.4xlarge
ip-172-31-18-189,1776353678,juliads,0.7.24, ,groupby,G1_1e7_2e0_0_0,1776353781.88243,start,,,c6id.4xlarge
ip-172-31-18-189,1776353678,juliads,0.7.24, ,groupby,G1_1e7_2e0_0_0,1776353818.92743,finish,0,0,c6id.4xlarge
ip-172-31-18-189,1776353678,juliads,0.7.24, ,groupby,G1_1e7_1e2_0_1,1776353833.94252,start,,,c6id.4xlarge
ip-172-31-18-189,1776353678,juliads,0.7.24, ,groupby,G1_1e7_1e2_0_1,1776353867.58387,finish,0,0,c6id.4xlarge
ip-172-31-18-189,1776353678,juliads,0.7.24, ,groupby,G1_1e7_1e2_5_0,1776353882.59896,start,,,c6id.4xlarge
ip-172-31-18-189,1776353678,juliads,0.7.24, ,groupby,G1_1e7_1e2_5_0,1776353916.54353,finish,0,0,c6id.4xlarge
ip-172-31-18-189,1776353678,juliads,0.7.24, ,join,J1_1e7_NA_0_0,1776353931.55862,start,,,c6id.4xlarge
ip-172-31-18-189,1776353678,juliads,0.7.24, ,join,J1_1e7_NA_0_0,1776354027.40892,finish,0,0,c6id.4xlarge
ip-172-31-18-189,1776353678,juliads,0.7.24, ,join,J1_1e7_NA_5_0,1776354042.42401,start,,,c6id.4xlarge
ip-172-31-18-189,1776353678,juliads,0.7.24, ,join,J1_1e7_NA_5_0,1776354138.54283,finish,0,0,c6id.4xlarge
ip-172-31-18-189,1776353678,juliads,0.7.24, ,join,J1_1e7_NA_0_1,1776354153.55792,start,,,c6id.4xlarge
ip-172-31-18-189,1776353678,juliads,0.7.24, ,join,J1_1e7_NA_0_1,1776354249.23635,finish,0,0,c6id.4xlarge
ip-172-31-18-189,1776353678,juliadf,1.8.2,5fab31e2e01e70ad66e3e24c968c264d1cf166d6,groupby,G1_1e7_1e2_0_0,1776354264.25142,start,,,c6id.4xlarge
ip-172-31-18-189,1776353678,juliadf,1.8.2,5fab31e2e01e70ad66e3e24c968c264d1cf166d6,groupby,G1_1e7_1e2_0_0,1776354294.94195,finish,0,0,c6id.4xlarge
ip-172-31-18-189,1776353678,juliadf,1.8.2,5fab31e2e01e70ad66e3e24c968c264d1cf166d6,groupby,G1_1e7_1e1_0_0,1776354309.95707,start,,,c6id.4xlarge
ip-172-31-18-189,1776353678,juliadf,1.8.2,5fab31e2e01e70ad66e3e24c968c264d1cf166d6,groupby,G1_1e7_1e1_0_0,1776354342.24984,finish,0,0,c6id.4xlarge
ip-172-31-18-189,1776353678,juliadf,1.8.2,5fab31e2e01e70ad66e3e24c968c264d1cf166d6,groupby,G1_1e7_2e0_0_0,1776354357.26495,start,,,c6id.4xlarge
ip-172-31-18-189,1776353678,juliadf,1.8.2,5fab31e2e01e70ad66e3e24c968c264d1cf166d6,groupby,G1_1e7_2e0_0_0,1776354393.64462,finish,0,0,c6id.4xlarge
ip-172-31-18-189,1776353678,juliadf,1.8.2,5fab31e2e01e70ad66e3e24c968c264d1cf166d6,groupby,G1_1e7_1e2_0_1,1776354408.65971,start,,,c6id.4xlarge
ip-172-31-18-189,1776353678,juliadf,1.8.2,5fab31e2e01e70ad66e3e24c968c264d1cf166d6,groupby,G1_1e7_1e2_0_1,1776354438.85832,finish,0,0,c6id.4xlarge
ip-172-31-18-189,1776353678,juliadf,1.8.2,5fab31e2e01e70ad66e3e24c968c264d1cf166d6,groupby,G1_1e7_1e2_5_0,1776354453.87341,start,,,c6id.4xlarge
ip-172-31-18-189,1776353678,juliadf,1.8.2,5fab31e2e01e70ad66e3e24c968c264d1cf166d6,groupby,G1_1e7_1e2_5_0,1776354487.72693,finish,0,0,c6id.4xlarge
ip-172-31-18-189,1776353678,juliadf,1.8.2,5fab31e2e01e70ad66e3e24c968c264d1cf166d6,join,J1_1e7_NA_0_0,1776354502.74202,start,,,c6id.4xlarge
ip-172-31-18-189,1776353678,juliadf,1.8.2,5fab31e2e01e70ad66e3e24c968c264d1cf166d6,join,J1_1e7_NA_0_0,1776354540.35224,finish,0,0,c6id.4xlarge
ip-172-31-18-189,1776353678,juliadf,1.8.2,5fab31e2e01e70ad66e3e24c968c264d1cf166d6,join,J1_1e7_NA_5_0,1776354555.36734,start,,,c6id.4xlarge
ip-172-31-18-189,1776353678,juliadf,1.8.2,5fab31e2e01e70ad66e3e24c968c264d1cf166d6,join,J1_1e7_NA_5_0,1776354596.29951,finish,0,0,c6id.4xlarge
ip-172-31-18-189,1776353678,juliadf,1.8.2,5fab31e2e01e70ad66e3e24c968c264d1cf166d6,join,J1_1e7_NA_0_1,1776354611.3146,start,,,c6id.4xlarge
ip-172-31-18-189,1776353678,juliadf,1.8.2,5fab31e2e01e70ad66e3e24c968c264d1cf166d6,join,J1_1e7_NA_0_1,1776354648.03288,finish,0,0,c6id.4xlarge
ip-172-31-18-189,1776353678,R-arrow,23.0.1.2,,groupby,G1_1e7_1e2_0_0,1776354663.04797,start,,,c6id.4xlarge
ip-172-31-18-189,1776353678,R-arrow,23.0.1.2,,groupby,G1_1e7_1e2_0_0,1776354670.52982,finish,3,0,c6id.4xlarge
ip-172-31-18-189,1776353678,R-arrow,23.0.1.2,,groupby,G1_1e7_1e1_0_0,1776354685.54491,start,,,c6id.4xlarge
ip-172-31-18-189,1776353678,R-arrow,23.0.1.2,,groupby,G1_1e7_1e1_0_0,1776354693.7589,finish,3,0,c6id.4xlarge
ip-172-31-18-189,1776353678,R-arrow,23.0.1.2,,groupby,G1_1e7_2e0_0_0,1776354708.77399,start,,,c6id.4xlarge
ip-172-31-18-189,1776353678,R-arrow,23.0.1.2,,groupby,G1_1e7_2e0_0_0,1776354723.48302,finish,3,0,c6id.4xlarge
ip-172-31-18-189,1776353678,R-arrow,23.0.1.2,,groupby,G1_1e7_1e2_0_1,1776354738.49811,start,,,c6id.4xlarge
ip-172-31-18-189,1776353678,R-arrow,23.0.1.2,,groupby,G1_1e7_1e2_0_1,1776354745.98075,finish,3,0,c6id.4xlarge
ip-172-31-18-189,1776353678,R-arrow,23.0.1.2,,groupby,G1_1e7_1e2_5_0,1776354760.99585,start,,,c6id.4xlarge
ip-172-31-18-189,1776353678,R-arrow,23.0.1.2,,groupby,G1_1e7_1e2_5_0,1776354768.25809,finish,3,0,c6id.4xlarge
ip-172-31-18-189,1776353678,R-arrow,23.0.1.2,,join,J1_1e7_NA_0_0,1776354783.27318,start,,,c6id.4xlarge
ip-172-31-18-189,1776353678,R-arrow,23.0.1.2,,join,J1_1e7_NA_0_0,1776354790.0107,finish,0,0,c6id.4xlarge
ip-172-31-18-189,1776353678,R-arrow,23.0.1.2,,join,J1_1e7_NA_5_0,1776354805.02579,start,,,c6id.4xlarge
ip-172-31-18-189,1776353678,R-arrow,23.0.1.2,,join,J1_1e7_NA_5_0,1776354812.12018,finish,0,0,c6id.4xlarge
ip-172-31-18-189,1776353678,R-arrow,23.0.1.2,,join,J1_1e7_NA_0_1,1776354827.13527,start,,,c6id.4xlarge
ip-172-31-18-189,1776353678,R-arrow,23.0.1.2,,join,J1_1e7_NA_0_1,1776354833.90046,finish,0,0,c6id.4xlarge
ip-172-31-18-189,1776353678,haskell,1.1.1.0,dataframe-1.1.1.0,groupby,G1_1e7_1e2_0_0,1776354848.90611,start,,,c6id.4xlarge
ip-172-31-18-189,1776353678,haskell,1.1.1.0,dataframe-1.1.1.0,groupby,G1_1e7_1e2_0_0,1776354859.04277,finish,31,1,c6id.4xlarge
ip-172-31-18-189,1776353678,haskell,1.1.1.0,dataframe-1.1.1.0,groupby,G1_1e7_1e1_0_0,1776354874.05786,start,,,c6id.4xlarge
ip-172-31-18-189,1776353678,haskell,1.1.1.0,dataframe-1.1.1.0,groupby,G1_1e7_1e1_0_0,1776354883.79667,finish,27,1,c6id.4xlarge
ip-172-31-18-189,1776353678,haskell,1.1.1.0,dataframe-1.1.1.0,groupby,G1_1e7_2e0_0_0,1776354898.81177,start,,,c6id.4xlarge
ip-172-31-18-189,1776353678,haskell,1.1.1.0,dataframe-1.1.1.0,groupby,G1_1e7_2e0_0_0,1776354908.48632,finish,27,1,c6id.4xlarge
ip-172-31-18-189,1776353678,haskell,1.1.1.0,dataframe-1.1.1.0,groupby,G1_1e7_1e2_0_1,1776354923.49412,start,,,c6id.4xlarge
ip-172-31-18-189,1776353678,haskell,1.1.1.0,dataframe-1.1.1.0,groupby,G1_1e7_1e2_0_1,1776354933.22041,finish,27,1,c6id.4xlarge
ip-172-31-18-189,1776353678,haskell,1.1.1.0,dataframe-1.1.1.0,groupby,G1_1e7_1e2_5_0,1776354948.2355,start,,,c6id.4xlarge
ip-172-31-18-189,1776353678,haskell,1.1.1.0,dataframe-1.1.1.0,groupby,G1_1e7_1e2_5_0,1776354958.15602,finish,28,1,c6id.4xlarge
ip-172-31-18-189,1776353678,haskell,1.1.1.0,dataframe-1.1.1.0,join,J1_1e7_NA_0_0,1776354973.17112,start,,,c6id.4xlarge
ip-172-31-18-189,1776353678,haskell,1.1.1.0,dataframe-1.1.1.0,join,J1_1e7_NA_0_0,1776354982.94234,finish,27,1,c6id.4xlarge
ip-172-31-18-189,1776353678,haskell,1.1.1.0,dataframe-1.1.1.0,join,J1_1e7_NA_5_0,1776354997.95744,start,,,c6id.4xlarge
ip-172-31-18-189,1776353678,haskell,1.1.1.0,dataframe-1.1.1.0,join,J1_1e7_NA_5_0,1776355007.83891,finish,27,1,c6id.4xlarge
ip-172-31-18-189,1776353678,haskell,1.1.1.0,dataframe-1.1.1.0,join,J1_1e7_NA_0_1,1776355022.84813,start,,,c6id.4xlarge
ip-172-31-18-189,1776353678,haskell,1.1.1.0,dataframe-1.1.1.0,join,J1_1e7_NA_0_1,1776355032.54906,finish,27,1,c6id.4xlarge
ip-172-31-18-189,1776355151,juliads,0.7.24, ,groupby,G1_1e8_1e2_0_0,1776355154.24498,start,,,c6id.4xlarge
ip-172-31-18-189,1776355151,juliads,0.7.24, ,groupby,G1_1e8_1e2_0_0,1776355258.18007,finish,0,0,c6id.4xlarge
ip-172-31-18-189,1776355151,juliads,0.7.24, ,groupby,G1_1e8_1e1_0_0,1776355273.19516,start,,,c6id.4xlarge
ip-172-31-18-189,1776355151,juliads,0.7.24, ,groupby,G1_1e8_1e1_0_0,1776355391.90782,finish,0,0,c6id.4xlarge
ip-172-31-18-189,1776355151,juliads,0.7.24, ,groupby,G1_1e8_2e0_0_0,1776355406.9229,start,,,c6id.4xlarge
ip-172-31-18-189,1776355151,juliads,0.7.24, ,groupby,G1_1e8_2e0_0_0,1776355549.35546,finish,0,0,c6id.4xlarge
ip-172-31-18-189,1776355151,juliads,0.7.24, ,groupby,G1_1e8_1e2_0_1,1776355564.37055,start,,,c6id.4xlarge
ip-172-31-18-189,1776355151,juliads,0.7.24, ,groupby,G1_1e8_1e2_0_1,1776355667.01346,finish,0,0,c6id.4xlarge
ip-172-31-18-189,1776355151,juliads,0.7.24, ,groupby,G1_1e8_1e2_5_0,1776355682.02857,start,,,c6id.4xlarge
ip-172-31-18-189,1776355151,juliads,0.7.24, ,groupby,G1_1e8_1e2_5_0,1776355786.52163,finish,0,0,c6id.4xlarge
ip-172-31-18-189,1776355151,juliads,0.7.24, ,join,J1_1e8_NA_0_0,1776355801.53672,start,,,c6id.4xlarge
ip-172-31-18-189,1776355151,juliads,0.7.24, ,join,J1_1e8_NA_0_0,1776356028.41359,finish,0,0,c6id.4xlarge
ip-172-31-18-189,1776355151,juliads,0.7.24, ,join,J1_1e8_NA_5_0,1776356043.42868,start,,,c6id.4xlarge
ip-172-31-18-189,1776355151,juliads,0.7.24, ,join,J1_1e8_NA_5_0,1776356262.45633,finish,0,0,c6id.4xlarge
ip-172-31-18-189,1776355151,juliads,0.7.24, ,join,J1_1e8_NA_0_1,1776356277.47142,start,,,c6id.4xlarge
ip-172-31-18-189,1776355151,juliads,0.7.24, ,join,J1_1e8_NA_0_1,1776356497.61892,finish,0,0,c6id.4xlarge
ip-172-31-18-189,1776355151,juliadf,1.8.2,5fab31e2e01e70ad66e3e24c968c264d1cf166d6,groupby,G1_1e8_1e2_0_0,1776356512.634,start,,,c6id.4xlarge
ip-172-31-18-189,1776355151,juliadf,1.8.2,5fab31e2e01e70ad66e3e24c968c264d1cf166d6,groupby,G1_1e8_1e2_0_0,1776356694.26323,finish,0,0,c6id.4xlarge
ip-172-31-18-189,1776355151,juliadf,1.8.2,5fab31e2e01e70ad66e3e24c968c264d1cf166d6,groupby,G1_1e8_1e1_0_0,1776356709.27832,start,,,c6id.4xlarge
ip-172-31-18-189,1776355151,juliadf,1.8.2,5fab31e2e01e70ad66e3e24c968c264d1cf166d6,groupby,G1_1e8_1e1_0_0,1776356923.25091,finish,0,0,c6id.4xlarge
ip-172-31-18-189,1776355151,juliadf,1.8.2,5fab31e2e01e70ad66e3e24c968c264d1cf166d6,groupby,G1_1e8_2e0_0_0,1776356938.266,start,,,c6id.4xlarge
ip-172-31-18-189,1776355151,juliadf,1.8.2,5fab31e2e01e70ad66e3e24c968c264d1cf166d6,groupby,G1_1e8_2e0_0_0,1776357191.42982,finish,0,0,c6id.4xlarge
ip-172-31-18-189,1776355151,juliadf,1.8.2,5fab31e2e01e70ad66e3e24c968c264d1cf166d6,groupby,G1_1e8_1e2_0_1,1776357206.44491,start,,,c6id.4xlarge
ip-172-31-18-189,1776355151,juliadf,1.8.2,5fab31e2e01e70ad66e3e24c968c264d1cf166d6,groupby,G1_1e8_1e2_0_1,1776357378.51571,finish,0,0,c6id.4xlarge
ip-172-31-18-189,1776355151,juliadf,1.8.2,5fab31e2e01e70ad66e3e24c968c264d1cf166d6,groupby,G1_1e8_1e2_5_0,1776357393.5308,start,,,c6id.4xlarge
ip-172-31-18-189,1776355151,juliadf,1.8.2,5fab31e2e01e70ad66e3e24c968c264d1cf166d6,groupby,G1_1e8_1e2_5_0,1776357577.88423,finish,0,0,c6id.4xlarge
ip-172-31-18-189,1776355151,juliadf,1.8.2,5fab31e2e01e70ad66e3e24c968c264d1cf166d6,join,J1_1e8_NA_0_0,1776357592.89932,start,,,c6id.4xlarge
ip-172-31-18-189,1776355151,juliadf,1.8.2,5fab31e2e01e70ad66e3e24c968c264d1cf166d6,join,J1_1e8_NA_0_0,1776357837.53057,finish,1,137,c6id.4xlarge
ip-172-31-18-189,1776355151,juliadf,1.8.2,5fab31e2e01e70ad66e3e24c968c264d1cf166d6,join,J1_1e8_NA_5_0,1776357852.54512,start,,,c6id.4xlarge
ip-172-31-18-189,1776355151,juliadf,1.8.2,5fab31e2e01e70ad66e3e24c968c264d1cf166d6,join,J1_1e8_NA_5_0,1776358100.62851,finish,1,137,c6id.4xlarge
ip-172-31-18-189,1776355151,juliadf,1.8.2,5fab31e2e01e70ad66e3e24c968c264d1cf166d6,join,J1_1e8_NA_0_1,1776358115.64356,start,,,c6id.4xlarge
ip-172-31-18-189,1776355151,juliadf,1.8.2,5fab31e2e01e70ad66e3e24c968c264d1cf166d6,join,J1_1e8_NA_0_1,1776358367.58083,finish,1,137,c6id.4xlarge
ip-172-31-18-189,1776355151,R-arrow,23.0.1.2,,groupby,G1_1e8_1e2_0_0,1776358382.58211,start,,,c6id.4xlarge
ip-172-31-18-189,1776355151,R-arrow,23.0.1.2,,groupby,G1_1e8_1e2_0_0,1776358411.44969,finish,3,0,c6id.4xlarge
ip-172-31-18-189,1776355151,R-arrow,23.0.1.2,,groupby,G1_1e8_1e1_0_0,1776358426.46478,start,,,c6id.4xlarge
ip-172-31-18-189,1776355151,R-arrow,23.0.1.2,,groupby,G1_1e8_1e1_0_0,1776358509.15545,finish,3,0,c6id.4xlarge
ip-172-31-18-189,1776355151,R-arrow,23.0.1.2,,groupby,G1_1e8_2e0_0_0,1776358524.17012,start,,,c6id.4xlarge
ip-172-31-18-189,1776355151,R-arrow,23.0.1.2,,groupby,G1_1e8_2e0_0_0,1776358664.36454,finish,3,0,c6id.4xlarge
ip-172-31-18-189,1776355151,R-arrow,23.0.1.2,,groupby,G1_1e8_1e2_0_1,1776358679.37961,start,,,c6id.4xlarge
ip-172-31-18-189,1776355151,R-arrow,23.0.1.2,,groupby,G1_1e8_1e2_0_1,1776358707.39291,finish,3,0,c6id.4xlarge
ip-172-31-18-189,1776355151,R-arrow,23.0.1.2,,groupby,G1_1e8_1e2_5_0,1776358722.40801,start,,,c6id.4xlarge
ip-172-31-18-189,1776355151,R-arrow,23.0.1.2,,groupby,G1_1e8_1e2_5_0,1776358751.00484,finish,3,0,c6id.4xlarge
ip-172-31-18-189,1776355151,R-arrow,23.0.1.2,,join,J1_1e8_NA_0_0,1776358766.01996,start,,,c6id.4xlarge
ip-172-31-18-189,1776355151,R-arrow,23.0.1.2,,join,J1_1e8_NA_0_0,1776358794.58413,finish,1,137,c6id.4xlarge
ip-172-31-18-189,1776355151,R-arrow,23.0.1.2,,join,J1_1e8_NA_5_0,1776358809.59919,start,,,c6id.4xlarge
ip-172-31-18-189,1776355151,R-arrow,23.0.1.2,,join,J1_1e8_NA_5_0,1776358841.20425,finish,1,137,c6id.4xlarge
ip-172-31-18-189,1776355151,R-arrow,23.0.1.2,,join,J1_1e8_NA_0_1,1776358856.21931,start,,,c6id.4xlarge
ip-172-31-18-189,1776355151,R-arrow,23.0.1.2,,join,J1_1e8_NA_0_1,1776358883.06029,finish,1,137,c6id.4xlarge
ip-172-31-18-189,1776355151,haskell,1.1.1.0,dataframe-1.1.1.0,groupby,G1_1e8_1e2_0_0,1776358898.07534,start,,,c6id.4xlarge
ip-172-31-18-189,1776355151,haskell,1.1.1.0,dataframe-1.1.1.0,groupby,G1_1e8_1e2_0_0,1776358910.80816,finish,31,1,c6id.4xlarge
ip-172-31-18-189,1776355151,haskell,1.1.1.0,dataframe-1.1.1.0,groupby,G1_1e8_1e1_0_0,1776358925.82326,start,,,c6id.4xlarge
ip-172-31-18-189,1776355151,haskell,1.1.1.0,dataframe-1.1.1.0,groupby,G1_1e8_1e1_0_0,1776358935.71767,finish,27,1,c6id.4xlarge
ip-172-31-18-189,1776355151,haskell,1.1.1.0,dataframe-1.1.1.0,groupby,G1_1e8_2e0_0_0,1776358950.73276,start,,,c6id.4xlarge
ip-172-31-18-189,1776355151,haskell,1.1.1.0,dataframe-1.1.1.0,groupby,G1_1e8_2e0_0_0,1776358960.52675,finish,27,1,c6id.4xlarge
ip-172-31-18-189,1776355151,haskell,1.1.1.0,dataframe-1.1.1.0,groupby,G1_1e8_1e2_0_1,1776358975.54184,start,,,c6id.4xlarge
ip-172-31-18-189,1776355151,haskell,1.1.1.0,dataframe-1.1.1.0,groupby,G1_1e8_1e2_0_1,1776358985.2688,finish,27,1,c6id.4xlarge
ip-172-31-18-189,1776355151,haskell,1.1.1.0,dataframe-1.1.1.0,groupby,G1_1e8_1e2_5_0,1776359000.28391,start,,,c6id.4xlarge
ip-172-31-18-189,1776355151,haskell,1.1.1.0,dataframe-1.1.1.0,groupby,G1_1e8_1e2_5_0,1776359010.16067,finish,27,1,c6id.4xlarge
ip-172-31-18-189,1776355151,haskell,1.1.1.0,dataframe-1.1.1.0,join,J1_1e8_NA_0_0,1776359025.17576,start,,,c6id.4xlarge
ip-172-31-18-189,1776355151,haskell,1.1.1.0,dataframe-1.1.1.0,join,J1_1e8_NA_0_0,1776359034.76977,finish,27,1,c6id.4xlarge
ip-172-31-18-189,1776355151,haskell,1.1.1.0,dataframe-1.1.1.0,join,J1_1e8_NA_5_0,1776359049.78487,start,,,c6id.4xlarge
ip-172-31-18-189,1776355151,haskell,1.1.1.0,dataframe-1.1.1.0,join,J1_1e8_NA_5_0,1776359059.47381,finish,27,1,c6id.4xlarge
ip-172-31-18-189,1776355151,haskell,1.1.1.0,dataframe-1.1.1.0,join,J1_1e8_NA_0_1,1776359074.4889,start,,,c6id.4xlarge
ip-172-31-18-189,1776355151,haskell,1.1.1.0,dataframe-1.1.1.0,join,J1_1e8_NA_0_1,1776359084.19497,finish,27,1,c6id.4xlarge
ip-172-31-18-189,1776437498,duckdb,1.5.2,8a5851971fa,groupby,G1_1e9_1e2_0_0,1776437499.14007,start,,,c6id.4xlarge
ip-172-31-18-189,1776437498,duckdb,1.5.2,8a5851971fa,groupby,G1_1e9_1e2_0_0,1776437499.8757,finish,32,1,c6id.4xlarge
ip-172-31-18-189,1776437498,duckdb,1.5.2,8a5851971fa,groupby,G1_1e9_1e1_0_0,1776437514.8908,start,,,c6id.4xlarge
ip-172-31-18-189,1776437498,duckdb,1.5.2,8a5851971fa,groupby,G1_1e9_1e1_0_0,1776437515.62855,finish,32,1,c6id.4xlarge
ip-172-31-18-189,1776437498,duckdb,1.5.2,8a5851971fa,groupby,G1_1e9_2e0_0_0,1776437530.64363,start,,,c6id.4xlarge
ip-172-31-18-189,1776437498,duckdb,1.5.2,8a5851971fa,groupby,G1_1e9_2e0_0_0,1776438368.30411,finish,41,1,c6id.4xlarge
ip-172-31-18-189,1776437498,duckdb,1.5.2,8a5851971fa,groupby,G1_1e9_1e2_0_1,1776438383.31921,start,,,c6id.4xlarge
ip-172-31-18-189,1776437498,duckdb,1.5.2,8a5851971fa,groupby,G1_1e9_1e2_0_1,1776439493.98539,finish,0,0,c6id.4xlarge
ip-172-31-18-189,1776437498,duckdb,1.5.2,8a5851971fa,groupby,G1_1e9_1e2_5_0,1776439509.0005,start,,,c6id.4xlarge
ip-172-31-18-189,1776437498,duckdb,1.5.2,8a5851971fa,groupby,G1_1e9_1e2_5_0,1776440765.12113,finish,0,0,c6id.4xlarge
ip-172-31-18-189,1776454789,duckdb,1.5.2,8a5851971fa,groupby,G1_1e9_1e2_0_0,1776454791.25388,start,,,c6id.4xlarge
ip-172-31-18-189,1776454789,duckdb,1.5.2,8a5851971fa,groupby,G1_1e9_1e2_0_0,1776455965.34922,finish,0,0,c6id.4xlarge
ip-172-31-18-189,1776454789,duckdb,1.5.2,8a5851971fa,groupby,G1_1e9_1e1_0_0,1776455980.36433,start,,,c6id.4xlarge
ip-172-31-18-189,1776454789,duckdb,1.5.2,8a5851971fa,groupby,G1_1e9_1e1_0_0,1776457175.84593,finish,0,0,c6id.4xlarge
ip-172-31-18-198,1776376683,clickhouse,26.4.1.1003,,groupby,G1_1e7_1e2_0_0,1776376704.80437,start,,,c6id.metal
ip-172-31-18-198,1776376683,clickhouse,26.4.1.1003,,groupby,G1_1e7_1e2_0_0,1776376854.80408,finish,0,0,c6id.metal
ip-172-31-18-198,1776376683,clickhouse,26.4.1.1003,,groupby,G1_1e7_1e1_0_0,1776376869.81921,start,,,c6id.metal
ip-172-31-18-198,1776376683,clickhouse,26.4.1.1003,,groupby,G1_1e7_1e1_0_0,1776377019.73571,finish,0,0,c6id.metal
ip-172-31-18-198,1776376683,clickhouse,26.4.1.1003,,groupby,G1_1e7_2e0_0_0,1776377034.75097,start,,,c6id.metal
ip-172-31-18-198,1776376683,clickhouse,26.4.1.1003,,groupby,G1_1e7_2e0_0_0,1776377191.89828,finish,0,0,c6id.metal
ip-172-31-18-198,1776376683,clickhouse,26.4.1.1003,,groupby,G1_1e7_1e2_0_1,1776377206.91356,start,,,c6id.metal
ip-172-31-18-198,1776376683,clickhouse,26.4.1.1003,,groupby,G1_1e7_1e2_0_1,1776377357.99436,finish,0,0,c6id.metal
ip-172-31-18-198,1776376683,clickhouse,26.4.1.1003,,groupby,G1_1e7_1e2_5_0,1776377373.00949,start,,,c6id.metal
ip-172-31-18-198,1776376683,clickhouse,26.4.1.1003,,groupby,G1_1e7_1e2_5_0,1776377524.24603,finish,0,0,c6id.metal
ip-172-31-18-198,1776376683,clickhouse,26.4.1.1003,,join,J1_1e7_NA_0_0,1776377539.26116,start,,,c6id.metal
ip-172-31-18-198,1776376683,clickhouse,26.4.1.1003,,join,J1_1e7_NA_0_0,1776377689.6346,finish,0,0,c6id.metal
ip-172-31-18-198,1776376683,clickhouse,26.4.1.1003,,join,J1_1e7_NA_5_0,1776377704.64992,start,,,c6id.metal
ip-172-31-18-198,1776376683,clickhouse,26.4.1.1003,,join,J1_1e7_NA_5_0,1776377855.89708,finish,0,0,c6id.metal
ip-172-31-18-198,1776376683,clickhouse,26.4.1.1003,,join,J1_1e7_NA_0_1,1776377870.91235,start,,,c6id.metal
ip-172-31-18-198,1776376683,clickhouse,26.4.1.1003,,join,J1_1e7_NA_0_1,1776378021.91769,finish,0,0,c6id.metal
ip-172-31-18-198,1776376683,duckdb,1.5.2,8a5851971fa,groupby,G1_1e7_1e2_0_0,1776378036.93294,start,,,c6id.metal
ip-172-31-18-198,1776376683,duckdb,1.5.2,8a5851971fa,groupby,G1_1e7_1e2_0_0,1776378041.29771,finish,0,0,c6id.metal
ip-172-31-18-198,1776376683,duckdb,1.5.2,8a5851971fa,groupby,G1_1e7_1e1_0_0,1776378056.31298,start,,,c6id.metal
ip-172-31-18-198,1776376683,duckdb,1.5.2,8a5851971fa,groupby,G1_1e7_1e1_0_0,1776378061.57273,finish,0,0,c6id.metal
ip-172-31-18-198,1776376683,duckdb,1.5.2,8a5851971fa,groupby,G1_1e7_2e0_0_0,1776378076.588,start,,,c6id.metal
ip-172-31-18-198,1776376683,duckdb,1.5.2,8a5851971fa,groupby,G1_1e7_2e0_0_0,1776378081.5148,finish,0,0,c6id.metal
ip-172-31-18-198,1776376683,duckdb,1.5.2,8a5851971fa,groupby,G1_1e7_1e2_0_1,1776378096.53058,start,,,c6id.metal
ip-172-31-18-198,1776376683,duckdb,1.5.2,8a5851971fa,groupby,G1_1e7_1e2_0_1,1776378100.75374,finish,0,0,c6id.metal
ip-172-31-18-198,1776376683,duckdb,1.5.2,8a5851971fa,groupby,G1_1e7_1e2_5_0,1776378115.76902,start,,,c6id.metal
ip-172-31-18-198,1776376683,duckdb,1.5.2,8a5851971fa,groupby,G1_1e7_1e2_5_0,1776378120.2968,finish,0,0,c6id.metal
ip-172-31-18-198,1776376683,duckdb,1.5.2,8a5851971fa,join,J1_1e7_NA_0_0,1776378135.31208,start,,,c6id.metal
ip-172-31-18-198,1776376683,duckdb,1.5.2,8a5851971fa,join,J1_1e7_NA_0_0,1776378140.73095,finish,0,0,c6id.metal
ip-172-31-18-198,1776376683,duckdb,1.5.2,8a5851971fa,join,J1_1e7_NA_5_0,1776378155.74623,start,,,c6id.metal
ip-172-31-18-198,1776376683,duckdb,1.5.2,8a5851971fa,join,J1_1e7_NA_5_0,1776378161.0716,finish,0,0,c6id.metal
ip-172-31-18-198,1776376683,duckdb,1.5.2,8a5851971fa,join,J1_1e7_NA_0_1,1776378176.08691,start,,,c6id.metal
ip-172-31-18-198,1776376683,duckdb,1.5.2,8a5851971fa,join,J1_1e7_NA_0_1,1776378181.1408,finish,0,0,c6id.metal
ip-172-31-18-198,1776376683,polars,1.39.3,,groupby,G1_1e7_1e2_0_0,1776378196.15606,start,,,c6id.metal
ip-172-31-18-198,1776376683,polars,1.39.3,,groupby,G1_1e7_1e2_0_0,1776378202.16562,finish,0,0,c6id.metal
ip-172-31-18-198,1776376683,polars,1.39.3,,groupby,G1_1e7_1e1_0_0,1776378217.18075,start,,,c6id.metal
ip-172-31-18-198,1776376683,polars,1.39.3,,groupby,G1_1e7_1e1_0_0,1776378227.3677,finish,0,0,c6id.metal
ip-172-31-18-198,1776376683,polars,1.39.3,,groupby,G1_1e7_2e0_0_0,1776378242.38296,start,,,c6id.metal
ip-172-31-18-198,1776376683,polars,1.39.3,,groupby,G1_1e7_2e0_0_0,1776378262.97049,finish,0,0,c6id.metal
ip-172-31-18-198,1776376683,polars,1.39.3,,groupby,G1_1e7_1e2_0_1,1776378277.98562,start,,,c6id.metal
ip-172-31-18-198,1776376683,polars,1.39.3,,groupby,G1_1e7_1e2_0_1,1776378283.79678,finish,0,0,c6id.metal
ip-172-31-18-198,1776376683,polars,1.39.3,,groupby,G1_1e7_1e2_5_0,1776378298.81191,start,,,c6id.metal
ip-172-31-18-198,1776376683,polars,1.39.3,,groupby,G1_1e7_1e2_5_0,1776378305.71274,finish,0,0,c6id.metal
ip-172-31-18-198,1776376683,polars,1.39.3,,join,J1_1e7_NA_0_0,1776378320.72801,start,,,c6id.metal
ip-172-31-18-198,1776376683,polars,1.39.3,,join,J1_1e7_NA_0_0,1776378333.30116,finish,0,0,c6id.metal
ip-172-31-18-198,1776376683,polars,1.39.3,,join,J1_1e7_NA_5_0,1776378348.31643,start,,,c6id.metal
ip-172-31-18-198,1776376683,polars,1.39.3,,join,J1_1e7_NA_5_0,1776378362.52492,finish,0,0,c6id.metal
ip-172-31-18-198,1776376683,polars,1.39.3,,join,J1_1e7_NA_0_1,1776378377.5402,start,,,c6id.metal
ip-172-31-18-198,1776376683,polars,1.39.3,,join,J1_1e7_NA_0_1,1776378391.16163,finish,0,0,c6id.metal
ip-172-31-18-198,1776376683,datafusion,53.0.0,,groupby,G1_1e7_1e2_0_0,1776378406.17691,start,,,c6id.metal
ip-172-31-18-198,1776376683,datafusion,53.0.0,,groupby,G1_1e7_1e2_0_0,1776378408.65369,finish,0,0,c6id.metal
ip-172-31-18-198,1776376683,datafusion,53.0.0,,groupby,G1_1e7_1e1_0_0,1776378423.66896,start,,,c6id.metal
ip-172-31-18-198,1776376683,datafusion,53.0.0,,groupby,G1_1e7_1e1_0_0,1776378426.79257,finish,0,0,c6id.metal
ip-172-31-18-198,1776376683,datafusion,53.0.0,,groupby,G1_1e7_2e0_0_0,1776378441.8079,start,,,c6id.metal
ip-172-31-18-198,1776376683,datafusion,53.0.0,,groupby,G1_1e7_2e0_0_0,1776378446.273,finish,0,0,c6id.metal
ip-172-31-18-198,1776376683,datafusion,53.0.0,,groupby,G1_1e7_1e2_0_1,1776378461.28829,start,,,c6id.metal
ip-172-31-18-198,1776376683,datafusion,53.0.0,,groupby,G1_1e7_1e2_0_1,1776378464.03106,finish,0,0,c6id.metal
ip-172-31-18-198,1776376683,datafusion,53.0.0,,groupby,G1_1e7_1e2_5_0,1776378479.04633,start,,,c6id.metal
ip-172-31-18-198,1776376683,datafusion,53.0.0,,groupby,G1_1e7_1e2_5_0,1776378481.70396,finish,0,0,c6id.metal
ip-172-31-18-198,1776376683,datafusion,53.0.0,,join,J1_1e7_NA_0_0,1776378496.71924,start,,,c6id.metal
ip-172-31-18-198,1776376683,datafusion,53.0.0,,join,J1_1e7_NA_0_0,1776378499.53503,finish,0,0,c6id.metal
ip-172-31-18-198,1776376683,datafusion,53.0.0,,join,J1_1e7_NA_5_0,1776378514.55032,start,,,c6id.metal
ip-172-31-18-198,1776376683,datafusion,53.0.0,,join,J1_1e7_NA_5_0,1776378517.52285,finish,0,0,c6id.metal
ip-172-31-18-198,1776376683,datafusion,53.0.0,,join,J1_1e7_NA_0_1,1776378532.53813,start,,,c6id.metal
ip-172-31-18-198,1776376683,datafusion,53.0.0,,join,J1_1e7_NA_0_1,1776378535.40359,finish,0,0,c6id.metal
ip-172-31-18-198,1776376683,collapse,2.1.6,,groupby,G1_1e7_1e2_0_0,1776378550.41891,start,,,c6id.metal
ip-172-31-18-198,1776376683,collapse,2.1.6,,groupby,G1_1e7_1e2_0_0,1776378560.8406,finish,0,0,c6id.metal
ip-172-31-18-198,1776376683,collapse,2.1.6,,groupby,G1_1e7_1e1_0_0,1776378575.85575,start,,,c6id.metal
ip-172-31-18-198,1776376683,collapse,2.1.6,,groupby,G1_1e7_1e1_0_0,1776378595.80933,finish,0,0,c6id.metal
ip-172-31-18-198,1776376683,collapse,2.1.6,,groupby,G1_1e7_2e0_0_0,1776378610.82463,start,,,c6id.metal
ip-172-31-18-198,1776376683,collapse,2.1.6,,groupby,G1_1e7_2e0_0_0,1776378671.1831,finish,0,0,c6id.metal
ip-172-31-18-198,1776376683,collapse,2.1.6,,groupby,G1_1e7_1e2_0_1,1776378686.19838,start,,,c6id.metal
ip-172-31-18-198,1776376683,collapse,2.1.6,,groupby,G1_1e7_1e2_0_1,1776378695.46231,finish,0,0,c6id.metal
ip-172-31-18-198,1776376683,collapse,2.1.6,,groupby,G1_1e7_1e2_5_0,1776378710.47746,start,,,c6id.metal
ip-172-31-18-198,1776376683,collapse,2.1.6,,groupby,G1_1e7_1e2_5_0,1776378721.69909,finish,0,0,c6id.metal
ip-172-31-18-198,1776376683,collapse,2.1.6,,join,J1_1e7_NA_0_0,1776378736.71421,start,,,c6id.metal
ip-172-31-18-198,1776376683,collapse,2.1.6,,join,J1_1e7_NA_0_0,1776378846.01971,finish,0,0,c6id.metal
ip-172-31-18-198,1776376683,collapse,2.1.6,,join,J1_1e7_NA_5_0,1776378861.03485,start,,,c6id.metal
ip-172-31-18-198,1776376683,collapse,2.1.6,,join,J1_1e7_NA_5_0,1776378964.80053,finish,0,0,c6id.metal
ip-172-31-18-198,1776376683,collapse,2.1.6,,join,J1_1e7_NA_0_1,1776378979.81567,start,,,c6id.metal
ip-172-31-18-198,1776376683,collapse,2.1.6,,join,J1_1e7_NA_0_1,1776379080.66248,finish,0,0,c6id.metal
ip-172-31-18-198,1776376683,spark,4.1.1,,groupby,G1_1e7_1e2_0_0,1776379095.67779,start,,,c6id.metal
ip-172-31-18-198,1776376683,spark,4.1.1,,groupby,G1_1e7_1e2_0_0,1776379096.05796,finish,19,1,c6id.metal
ip-172-31-18-198,1776376683,spark,4.1.1,,groupby,G1_1e7_1e1_0_0,1776379111.07325,start,,,c6id.metal
ip-172-31-18-198,1776376683,spark,4.1.1,,groupby,G1_1e7_1e1_0_0,1776379111.45418,finish,19,1,c6id.metal
ip-172-31-18-198,1776376683,spark,4.1.1,,groupby,G1_1e7_2e0_0_0,1776379126.46946,start,,,c6id.metal
ip-172-31-18-198,1776376683,spark,4.1.1,,groupby,G1_1e7_2e0_0_0,1776379126.85029,finish,19,1,c6id.metal
ip-172-31-18-198,1776376683,spark,4.1.1,,groupby,G1_1e7_1e2_0_1,1776379141.86556,start,,,c6id.metal
ip-172-31-18-198,1776376683,spark,4.1.1,,groupby,G1_1e7_1e2_0_1,1776379142.24253,finish,19,1,c6id.metal
ip-172-31-18-198,1776376683,spark,4.1.1,,groupby,G1_1e7_1e2_5_0,1776379157.25781,start,,,c6id.metal
ip-172-31-18-198,1776376683,spark,4.1.1,,groupby,G1_1e7_1e2_5_0,1776379157.63373,finish,19,1,c6id.metal
ip-172-31-18-198,1776376683,spark,4.1.1,,join,J1_1e7_NA_0_0,1776379172.64901,start,,,c6id.metal
ip-172-31-18-198,1776376683,spark,4.1.1,,join,J1_1e7_NA_0_0,1776379173.02752,finish,19,1,c6id.metal
ip-172-31-18-198,1776376683,spark,4.1.1,,join,J1_1e7_NA_5_0,1776379188.04282,start,,,c6id.metal
ip-172-31-18-198,1776376683,spark,4.1.1,,join,J1_1e7_NA_5_0,1776379188.41977,finish,19,1,c6id.metal
ip-172-31-18-198,1776376683,spark,4.1.1,,join,J1_1e7_NA_0_1,1776379203.43503,start,,,c6id.metal
ip-172-31-18-198,1776376683,spark,4.1.1,,join,J1_1e7_NA_0_1,1776379203.81199,finish,19,1,c6id.metal
ip-172-31-18-198,1776376683,juliads,0.7.24, ,groupby,G1_1e7_1e2_0_0,1776379218.82727,start,,,c6id.metal
ip-172-31-18-198,1776376683,juliads,0.7.24, ,groupby,G1_1e7_1e2_0_0,1776379313.20468,finish,0,0,c6id.metal
ip-172-31-18-198,1776376683,juliads,0.7.24, ,groupby,G1_1e7_1e1_0_0,1776379328.22021,start,,,c6id.metal
ip-172-31-18-198,1776376683,juliads,0.7.24, ,groupby,G1_1e7_1e1_0_0,1776379425.09657,finish,0,0,c6id.metal
ip-172-31-18-198,1776376683,juliads,0.7.24, ,groupby,G1_1e7_2e0_0_0,1776379440.1119,start,,,c6id.metal
ip-172-31-18-198,1776376683,juliads,0.7.24, ,groupby,G1_1e7_2e0_0_0,1776379537.86046,finish,0,0,c6id.metal
ip-172-31-18-198,1776376683,juliads,0.7.24, ,groupby,G1_1e7_1e2_0_1,1776379552.87581,start,,,c6id.metal
ip-172-31-18-198,1776376683,juliads,0.7.24, ,groupby,G1_1e7_1e2_0_1,1776379647.56825,finish,0,0,c6id.metal
ip-172-31-18-198,1776376683,juliads,0.7.24, ,groupby,G1_1e7_1e2_5_0,1776379662.58353,start,,,c6id.metal
ip-172-31-18-198,1776376683,juliads,0.7.24, ,groupby,G1_1e7_1e2_5_0,1776379759.68752,finish,0,0,c6id.metal
ip-172-31-18-198,1776376683,juliads,0.7.24, ,join,J1_1e7_NA_0_0,1776379774.70283,start,,,c6id.metal
ip-172-31-18-198,1776376683,juliads,0.7.24, ,join,J1_1e7_NA_0_0,1776379930.98326,finish,0,0,c6id.metal
ip-172-31-18-198,1776376683,juliads,0.7.24, ,join,J1_1e7_NA_5_0,1776379945.99838,start,,,c6id.metal
ip-172-31-18-198,1776376683,juliads,0.7.24, ,join,J1_1e7_NA_5_0,1776380102.23154,finish,0,0,c6id.metal
ip-172-31-18-198,1776376683,juliads,0.7.24, ,join,J1_1e7_NA_0_1,1776380117.24686,start,,,c6id.metal
ip-172-31-18-198,1776376683,juliads,0.7.24, ,join,J1_1e7_NA_0_1,1776380272.89681,finish,0,0,c6id.metal
ip-172-31-18-198,1776376683,juliadf,1.8.2,5fab31e2e01e70ad66e3e24c968c264d1cf166d6,groupby,G1_1e7_1e2_0_0,1776380287.91207,start,,,c6id.metal
ip-172-31-18-198,1776376683,juliadf,1.8.2,5fab31e2e01e70ad66e3e24c968c264d1cf166d6,groupby,G1_1e7_1e2_0_0,1776380318.56267,finish,0,0,c6id.metal
ip-172-31-18-198,1776376683,juliadf,1.8.2,5fab31e2e01e70ad66e3e24c968c264d1cf166d6,groupby,G1_1e7_1e1_0_0,1776380333.57795,start,,,c6id.metal
ip-172-31-18-198,1776376683,juliadf,1.8.2,5fab31e2e01e70ad66e3e24c968c264d1cf166d6,groupby,G1_1e7_1e1_0_0,1776380366.63439,finish,0,0,c6id.metal
ip-172-31-18-198,1776376683,juliadf,1.8.2,5fab31e2e01e70ad66e3e24c968c264d1cf166d6,groupby,G1_1e7_2e0_0_0,1776380381.64971,start,,,c6id.metal
ip-172-31-18-198,1776376683,juliadf,1.8.2,5fab31e2e01e70ad66e3e24c968c264d1cf166d6,groupby,G1_1e7_2e0_0_0,1776380418.74989,finish,0,0,c6id.metal
ip-172-31-18-198,1776376683,juliadf,1.8.2,5fab31e2e01e70ad66e3e24c968c264d1cf166d6,groupby,G1_1e7_1e2_0_1,1776380433.76516,start,,,c6id.metal
ip-172-31-18-198,1776376683,juliadf,1.8.2,5fab31e2e01e70ad66e3e24c968c264d1cf166d6,groupby,G1_1e7_1e2_0_1,1776380464.56224,finish,0,0,c6id.metal
ip-172-31-18-198,1776376683,juliadf,1.8.2,5fab31e2e01e70ad66e3e24c968c264d1cf166d6,groupby,G1_1e7_1e2_5_0,1776380479.57751,start,,,c6id.metal
ip-172-31-18-198,1776376683,juliadf,1.8.2,5fab31e2e01e70ad66e3e24c968c264d1cf166d6,groupby,G1_1e7_1e2_5_0,1776380514.08461,finish,0,0,c6id.metal
ip-172-31-18-198,1776376683,juliadf,1.8.2,5fab31e2e01e70ad66e3e24c968c264d1cf166d6,join,J1_1e7_NA_0_0,1776380529.09991,start,,,c6id.metal
ip-172-31-18-198,1776376683,juliadf,1.8.2,5fab31e2e01e70ad66e3e24c968c264d1cf166d6,join,J1_1e7_NA_0_0,1776380566.45862,finish,0,0,c6id.metal
ip-172-31-18-198,1776376683,juliadf,1.8.2,5fab31e2e01e70ad66e3e24c968c264d1cf166d6,join,J1_1e7_NA_5_0,1776380581.47393,start,,,c6id.metal
ip-172-31-18-198,1776376683,juliadf,1.8.2,5fab31e2e01e70ad66e3e24c968c264d1cf166d6,join,J1_1e7_NA_5_0,1776380622.10468,finish,0,0,c6id.metal
ip-172-31-18-198,1776376683,juliadf,1.8.2,5fab31e2e01e70ad66e3e24c968c264d1cf166d6,join,J1_1e7_NA_0_1,1776380637.11995,start,,,c6id.metal
ip-172-31-18-198,1776376683,juliadf,1.8.2,5fab31e2e01e70ad66e3e24c968c264d1cf166d6,join,J1_1e7_NA_0_1,1776380673.9009,finish,0,0,c6id.metal
ip-172-31-18-198,1776376683,R-arrow,23.0.1.2,,groupby,G1_1e7_1e2_0_0,1776380688.91618,start,,,c6id.metal
ip-172-31-18-198,1776376683,R-arrow,23.0.1.2,,groupby,G1_1e7_1e2_0_0,1776380710.02384,finish,3,0,c6id.metal
ip-172-31-18-198,1776376683,R-arrow,23.0.1.2,,groupby,G1_1e7_1e1_0_0,1776380725.03913,start,,,c6id.metal
ip-172-31-18-198,1776376683,R-arrow,23.0.1.2,,groupby,G1_1e7_1e1_0_0,1776380734.40477,finish,3,0,c6id.metal
ip-172-31-18-198,1776376683,R-arrow,23.0.1.2,,groupby,G1_1e7_2e0_0_0,1776380749.42006,start,,,c6id.metal
ip-172-31-18-198,1776376683,R-arrow,23.0.1.2,,groupby,G1_1e7_2e0_0_0,1776380763.85509,finish,3,0,c6id.metal
ip-172-31-18-198,1776376683,R-arrow,23.0.1.2,,groupby,G1_1e7_1e2_0_1,1776380778.87038,start,,,c6id.metal
ip-172-31-18-198,1776376683,R-arrow,23.0.1.2,,groupby,G1_1e7_1e2_0_1,1776380799.84598,finish,3,0,c6id.metal
ip-172-31-18-198,1776376683,R-arrow,23.0.1.2,,groupby,G1_1e7_1e2_5_0,1776380814.86128,start,,,c6id.metal
ip-172-31-18-198,1776376683,R-arrow,23.0.1.2,,groupby,G1_1e7_1e2_5_0,1776380836.73113,finish,3,0,c6id.metal
ip-172-31-18-198,1776376683,R-arrow,23.0.1.2,,join,J1_1e7_NA_0_0,1776380851.74641,start,,,c6id.metal
ip-172-31-18-198,1776376683,R-arrow,23.0.1.2,,join,J1_1e7_NA_0_0,1776380856.93064,finish,0,0,c6id.metal
ip-172-31-18-198,1776376683,R-arrow,23.0.1.2,,join,J1_1e7_NA_5_0,1776380871.94593,start,,,c6id.metal
ip-172-31-18-198,1776376683,R-arrow,23.0.1.2,,join,J1_1e7_NA_5_0,1776380877.29594,finish,0,0,c6id.metal
ip-172-31-18-198,1776376683,R-arrow,23.0.1.2,,join,J1_1e7_NA_0_1,1776380892.31122,start,,,c6id.metal
ip-172-31-18-198,1776376683,R-arrow,23.0.1.2,,join,J1_1e7_NA_0_1,1776380897.41162,finish,0,0,c6id.metal
ip-172-31-18-198,1776376683,haskell,1.1.1.0,dataframe-1.1.1.0,groupby,G1_1e7_1e2_0_0,1776380912.42689,start,,,c6id.metal
ip-172-31-18-198,1776376683,haskell,1.1.1.0,dataframe-1.1.1.0,groupby,G1_1e7_1e2_0_0,1776380922.24435,finish,56,1,c6id.metal
ip-172-31-18-198,1776376683,haskell,1.1.1.0,dataframe-1.1.1.0,groupby,G1_1e7_1e1_0_0,1776380937.25964,start,,,c6id.metal
ip-172-31-18-198,1776376683,haskell,1.1.1.0,dataframe-1.1.1.0,groupby,G1_1e7_1e1_0_0,1776380947.01191,finish,52,1,c6id.metal
ip-172-31-18-198,1776376683,haskell,1.1.1.0,dataframe-1.1.1.0,groupby,G1_1e7_2e0_0_0,1776380962.02722,start,,,c6id.metal
ip-172-31-18-198,1776376683,haskell,1.1.1.0,dataframe-1.1.1.0,groupby,G1_1e7_2e0_0_0,1776380972.05185,finish,52,1,c6id.metal
ip-172-31-18-198,1776376683,haskell,1.1.1.0,dataframe-1.1.1.0,groupby,G1_1e7_1e2_0_1,1776380987.06716,start,,,c6id.metal
ip-172-31-18-198,1776376683,haskell,1.1.1.0,dataframe-1.1.1.0,groupby,G1_1e7_1e2_0_1,1776380996.71191,finish,52,1,c6id.metal
ip-172-31-18-198,1776376683,haskell,1.1.1.0,dataframe-1.1.1.0,groupby,G1_1e7_1e2_5_0,1776381011.72724,start,,,c6id.metal
ip-172-31-18-198,1776376683,haskell,1.1.1.0,dataframe-1.1.1.0,groupby,G1_1e7_1e2_5_0,1776381021.44525,finish,52,1,c6id.metal
ip-172-31-18-198,1776376683,haskell,1.1.1.0,dataframe-1.1.1.0,join,J1_1e7_NA_0_0,1776381036.46055,start,,,c6id.metal
ip-172-31-18-198,1776376683,haskell,1.1.1.0,dataframe-1.1.1.0,join,J1_1e7_NA_0_0,1776381046.4243,finish,52,1,c6id.metal
ip-172-31-18-198,1776376683,haskell,1.1.1.0,dataframe-1.1.1.0,join,J1_1e7_NA_5_0,1776381061.43945,start,,,c6id.metal
ip-172-31-18-198,1776376683,haskell,1.1.1.0,dataframe-1.1.1.0,join,J1_1e7_NA_5_0,1776381071.41196,finish,52,1,c6id.metal
ip-172-31-18-198,1776376683,haskell,1.1.1.0,dataframe-1.1.1.0,join,J1_1e7_NA_0_1,1776381086.42726,start,,,c6id.metal
ip-172-31-18-198,1776376683,haskell,1.1.1.0,dataframe-1.1.1.0,join,J1_1e7_NA_0_1,1776381096.21356,finish,52,1,c6id.metal
ip-172-31-18-198,1776376683,chdb,4.1.6,,groupby,G1_1e7_1e2_0_0,1776381111.2289,start,,,c6id.metal
ip-172-31-18-198,1776376683,chdb,4.1.6,,groupby,G1_1e7_1e2_0_0,1776381300.952,finish,0,0,c6id.metal
ip-172-31-18-198,1776376683,chdb,4.1.6,,groupby,G1_1e7_1e1_0_0,1776381315.96727,start,,,c6id.metal
ip-172-31-18-198,1776376683,chdb,4.1.6,,groupby,G1_1e7_1e1_0_0,1776381475.80101,finish,0,0,c6id.metal
ip-172-31-18-198,1776376683,chdb,4.1.6,,groupby,G1_1e7_2e0_0_0,1776381490.8163,start,,,c6id.metal
ip-172-31-18-198,1776376683,chdb,4.1.6,,groupby,G1_1e7_2e0_0_0,1776381727.54993,finish,0,0,c6id.metal
ip-172-31-18-198,1776376683,chdb,4.1.6,,groupby,G1_1e7_1e2_0_1,1776381742.56522,start,,,c6id.metal
ip-172-31-18-198,1776376683,chdb,4.1.6,,groupby,G1_1e7_1e2_0_1,1776381979.44095,finish,0,0,c6id.metal
ip-172-31-18-198,1776376683,chdb,4.1.6,,groupby,G1_1e7_1e2_5_0,1776381994.45622,start,,,c6id.metal
ip-172-31-18-198,1776376683,chdb,4.1.6,,groupby,G1_1e7_1e2_5_0,1776382211.73607,finish,0,0,c6id.metal
ip-172-31-18-198,1776376683,chdb,4.1.6,,join,J1_1e7_NA_0_0,1776382226.75136,start,,,c6id.metal
ip-172-31-18-198,1776376683,chdb,4.1.6,,join,J1_1e7_NA_0_0,1776382232.67014,finish,0,0,c6id.metal
ip-172-31-18-198,1776376683,chdb,4.1.6,,join,J1_1e7_NA_5_0,1776382247.68541,start,,,c6id.metal
ip-172-31-18-198,1776376683,chdb,4.1.6,,join,J1_1e7_NA_5_0,1776382254.68885,finish,0,0,c6id.metal
ip-172-31-18-198,1776376683,chdb,4.1.6,,join,J1_1e7_NA_0_1,1776382269.70414,start,,,c6id.metal
ip-172-31-18-198,1776376683,chdb,4.1.6,,join,J1_1e7_NA_0_1,1776382275.25061,finish,0,0,c6id.metal
ip-172-31-18-198,1776382323,clickhouse,26.4.1.1003,,groupby,G1_1e8_1e2_0_0,1776382325.92345,start,,,c6id.metal
ip-172-31-18-198,1776382323,clickhouse,26.4.1.1003,,groupby,G1_1e8_1e2_0_0,1776382493.79136,finish,0,0,c6id.metal
ip-172-31-18-198,1776382323,clickhouse,26.4.1.1003,,groupby,G1_1e8_1e1_0_0,1776382508.80663,start,,,c6id.metal
ip-172-31-18-198,1776382323,clickhouse,26.4.1.1003,,groupby,G1_1e8_1e1_0_0,1776382679.57474,finish,0,0,c6id.metal
ip-172-31-18-198,1776382323,clickhouse,26.4.1.1003,,groupby,G1_1e8_2e0_0_0,1776382694.59001,start,,,c6id.metal
ip-172-31-18-198,1776382323,clickhouse,26.4.1.1003,,groupby,G1_1e8_2e0_0_0,1776382867.47601,finish,0,0,c6id.metal
ip-172-31-18-198,1776382323,clickhouse,26.4.1.1003,,groupby,G1_1e8_1e2_0_1,1776382882.49129,start,,,c6id.metal
ip-172-31-18-198,1776382323,clickhouse,26.4.1.1003,,groupby,G1_1e8_1e2_0_1,1776383051.44717,finish,0,0,c6id.metal
ip-172-31-18-198,1776382323,clickhouse,26.4.1.1003,,groupby,G1_1e8_1e2_5_0,1776383066.46231,start,,,c6id.metal
ip-172-31-18-198,1776382323,clickhouse,26.4.1.1003,,groupby,G1_1e8_1e2_5_0,1776383238.84286,finish,0,0,c6id.metal
ip-172-31-18-198,1776382323,clickhouse,26.4.1.1003,,join,J1_1e8_NA_0_0,1776383253.85813,start,,,c6id.metal
ip-172-31-18-198,1776382323,clickhouse,26.4.1.1003,,join,J1_1e8_NA_0_0,1776383449.27633,finish,0,0,c6id.metal
ip-172-31-18-198,1776382323,clickhouse,26.4.1.1003,,join,J1_1e8_NA_5_0,1776383464.29161,start,,,c6id.metal
ip-172-31-18-198,1776382323,clickhouse,26.4.1.1003,,join,J1_1e8_NA_5_0,1776383659.03993,finish,0,0,c6id.metal
ip-172-31-18-198,1776382323,clickhouse,26.4.1.1003,,join,J1_1e8_NA_0_1,1776383674.05522,start,,,c6id.metal
ip-172-31-18-198,1776382323,clickhouse,26.4.1.1003,,join,J1_1e8_NA_0_1,1776383871.0761,finish,0,0,c6id.metal
ip-172-31-18-198,1776382323,duckdb,1.5.2,8a5851971fa,groupby,G1_1e8_1e2_0_0,1776383886.09136,start,,,c6id.metal
ip-172-31-18-198,1776382323,duckdb,1.5.2,8a5851971fa,groupby,G1_1e8_1e2_0_0,1776383906.81441,finish,0,0,c6id.metal
ip-172-31-18-198,1776382323,duckdb,1.5.2,8a5851971fa,groupby,G1_1e8_1e1_0_0,1776383921.82972,start,,,c6id.metal
ip-172-31-18-198,1776382323,duckdb,1.5.2,8a5851971fa,groupby,G1_1e8_1e1_0_0,1776383947.36791,finish,0,0,c6id.metal
ip-172-31-18-198,1776382323,duckdb,1.5.2,8a5851971fa,groupby,G1_1e8_2e0_0_0,1776383962.38317,start,,,c6id.metal
ip-172-31-18-198,1776382323,duckdb,1.5.2,8a5851971fa,groupby,G1_1e8_2e0_0_0,1776383988.64583,finish,0,0,c6id.metal
ip-172-31-18-198,1776382323,duckdb,1.5.2,8a5851971fa,groupby,G1_1e8_1e2_0_1,1776384003.66161,start,,,c6id.metal
ip-172-31-18-198,1776382323,duckdb,1.5.2,8a5851971fa,groupby,G1_1e8_1e2_0_1,1776384022.98771,finish,0,0,c6id.metal
ip-172-31-18-198,1776382323,duckdb,1.5.2,8a5851971fa,groupby,G1_1e8_1e2_5_0,1776384038.00299,start,,,c6id.metal
ip-172-31-18-198,1776382323,duckdb,1.5.2,8a5851971fa,groupby,G1_1e8_1e2_5_0,1776384058.98451,finish,0,0,c6id.metal
ip-172-31-18-198,1776382323,duckdb,1.5.2,8a5851971fa,join,J1_1e8_NA_0_0,1776384073.99983,start,,,c6id.metal
ip-172-31-18-198,1776382323,duckdb,1.5.2,8a5851971fa,join,J1_1e8_NA_0_0,1776384124.41283,finish,0,0,c6id.metal
ip-172-31-18-198,1776382323,duckdb,1.5.2,8a5851971fa,join,J1_1e8_NA_5_0,1776384139.42811,start,,,c6id.metal
ip-172-31-18-198,1776382323,duckdb,1.5.2,8a5851971fa,join,J1_1e8_NA_5_0,1776384189.27637,finish,0,0,c6id.metal
ip-172-31-18-198,1776382323,duckdb,1.5.2,8a5851971fa,join,J1_1e8_NA_0_1,1776384204.29165,start,,,c6id.metal
ip-172-31-18-198,1776382323,duckdb,1.5.2,8a5851971fa,join,J1_1e8_NA_0_1,1776384246.73225,finish,0,0,c6id.metal
ip-172-31-18-198,1776382323,polars,1.39.3,,groupby,G1_1e8_1e2_0_0,1776384261.74753,start,,,c6id.metal
ip-172-31-18-198,1776382323,polars,1.39.3,,groupby,G1_1e8_1e2_0_0,1776384340.40476,finish,0,0,c6id.metal
ip-172-31-18-198,1776382323,polars,1.39.3,,groupby,G1_1e8_1e1_0_0,1776384355.42004,start,,,c6id.metal
ip-172-31-18-198,1776382323,polars,1.39.3,,groupby,G1_1e8_1e1_0_0,1776384489.43295,finish,0,0,c6id.metal
ip-172-31-18-198,1776382323,polars,1.39.3,,groupby,G1_1e8_2e0_0_0,1776384504.44822,start,,,c6id.metal
ip-172-31-18-198,1776382323,polars,1.39.3,,groupby,G1_1e8_2e0_0_0,1776384737.27846,finish,0,0,c6id.metal
ip-172-31-18-198,1776382323,polars,1.39.3,,groupby,G1_1e8_1e2_0_1,1776384752.29378,start,,,c6id.metal
ip-172-31-18-198,1776382323,polars,1.39.3,,groupby,G1_1e8_1e2_0_1,1776384835.79417,finish,0,0,c6id.metal
ip-172-31-18-198,1776382323,polars,1.39.3,,groupby,G1_1e8_1e2_5_0,1776384850.8093,start,,,c6id.metal
ip-172-31-18-198,1776382323,polars,1.39.3,,groupby,G1_1e8_1e2_5_0,1776384940.29642,finish,0,0,c6id.metal
ip-172-31-18-198,1776382323,polars,1.39.3,,join,J1_1e8_NA_0_0,1776384955.31154,start,,,c6id.metal
ip-172-31-18-198,1776382323,polars,1.39.3,,join,J1_1e8_NA_0_0,1776385117.72894,finish,0,0,c6id.metal
ip-172-31-18-198,1776382323,polars,1.39.3,,join,J1_1e8_NA_5_0,1776385132.74407,start,,,c6id.metal
ip-172-31-18-198,1776382323,polars,1.39.3,,join,J1_1e8_NA_5_0,1776385317.96781,finish,0,0,c6id.metal
ip-172-31-18-198,1776382323,polars,1.39.3,,join,J1_1e8_NA_0_1,1776385332.98309,start,,,c6id.metal
ip-172-31-18-198,1776382323,polars,1.39.3,,join,J1_1e8_NA_0_1,1776385502.92837,finish,0,0,c6id.metal
ip-172-31-18-198,1776382323,datafusion,53.0.0,,groupby,G1_1e8_1e2_0_0,1776385517.9437,start,,,c6id.metal
ip-172-31-18-198,1776382323,datafusion,53.0.0,,groupby,G1_1e8_1e2_0_0,1776385532.09118,finish,0,0,c6id.metal
ip-172-31-18-198,1776382323,datafusion,53.0.0,,groupby,G1_1e8_1e1_0_0,1776385547.10645,start,,,c6id.metal
ip-172-31-18-198,1776382323,datafusion,53.0.0,,groupby,G1_1e8_1e1_0_0,1776385567.7932,finish,0,0,c6id.metal
ip-172-31-18-198,1776382323,datafusion,53.0.0,,groupby,G1_1e8_2e0_0_0,1776385582.80848,start,,,c6id.metal
ip-172-31-18-198,1776382323,datafusion,53.0.0,,groupby,G1_1e8_2e0_0_0,1776385622.1863,finish,0,0,c6id.metal
ip-172-31-18-198,1776382323,datafusion,53.0.0,,groupby,G1_1e8_1e2_0_1,1776385637.20143,start,,,c6id.metal
ip-172-31-18-198,1776382323,datafusion,53.0.0,,groupby,G1_1e8_1e2_0_1,1776385653.41976,finish,0,0,c6id.metal
ip-172-31-18-198,1776382323,datafusion,53.0.0,,groupby,G1_1e8_1e2_5_0,1776385668.43504,start,,,c6id.metal
ip-172-31-18-198,1776382323,datafusion,53.0.0,,groupby,G1_1e8_1e2_5_0,1776385685.70937,finish,0,0,c6id.metal
ip-172-31-18-198,1776382323,datafusion,53.0.0,,join,J1_1e8_NA_0_0,1776385700.72464,start,,,c6id.metal
ip-172-31-18-198,1776382323,datafusion,53.0.0,,join,J1_1e8_NA_0_0,1776385730.77748,finish,0,0,c6id.metal
ip-172-31-18-198,1776382323,datafusion,53.0.0,,join,J1_1e8_NA_5_0,1776385745.79281,start,,,c6id.metal
ip-172-31-18-198,1776382323,datafusion,53.0.0,,join,J1_1e8_NA_5_0,1776385774.66222,finish,0,0,c6id.metal
ip-172-31-18-198,1776382323,datafusion,53.0.0,,join,J1_1e8_NA_0_1,1776385789.67748,start,,,c6id.metal
ip-172-31-18-198,1776382323,datafusion,53.0.0,,join,J1_1e8_NA_0_1,1776385817.90182,finish,0,0,c6id.metal
ip-172-31-18-198,1776382323,collapse,2.1.6,,groupby,G1_1e8_1e2_0_0,1776385832.91709,start,,,c6id.metal
ip-172-31-18-198,1776382323,collapse,2.1.6,,groupby,G1_1e8_1e2_0_0,1776385961.52463,finish,0,0,c6id.metal
ip-172-31-18-198,1776382323,collapse,2.1.6,,groupby,G1_1e8_1e1_0_0,1776385976.53975,start,,,c6id.metal
ip-172-31-18-198,1776382323,collapse,2.1.6,,groupby,G1_1e8_1e1_0_0,1776386247.11004,finish,0,0,c6id.metal
ip-172-31-18-198,1776382323,collapse,2.1.6,,groupby,G1_1e8_2e0_0_0,1776386262.12518,start,,,c6id.metal
ip-172-31-18-198,1776382323,collapse,2.1.6,,groupby,G1_1e8_2e0_0_0,1776386924.29713,finish,0,0,c6id.metal
ip-172-31-18-198,1776382323,collapse,2.1.6,,groupby,G1_1e8_1e2_0_1,1776386939.31242,start,,,c6id.metal
ip-172-31-18-198,1776382323,collapse,2.1.6,,groupby,G1_1e8_1e2_0_1,1776387059.42579,finish,0,0,c6id.metal
ip-172-31-18-198,1776382323,collapse,2.1.6,,groupby,G1_1e8_1e2_5_0,1776387074.44106,start,,,c6id.metal
ip-172-31-18-198,1776382323,collapse,2.1.6,,groupby,G1_1e8_1e2_5_0,1776387204.9277,finish,0,0,c6id.metal
ip-172-31-18-198,1776382323,collapse,2.1.6,,join,J1_1e8_NA_0_0,1776387219.94298,start,,,c6id.metal
ip-172-31-18-198,1776382323,collapse,2.1.6,,join,J1_1e8_NA_0_0,1776388547.38688,finish,0,0,c6id.metal
ip-172-31-18-198,1776382323,collapse,2.1.6,,join,J1_1e8_NA_5_0,1776388562.40215,start,,,c6id.metal
ip-172-31-18-198,1776382323,collapse,2.1.6,,join,J1_1e8_NA_5_0,1776389701.46851,finish,0,0,c6id.metal
ip-172-31-18-198,1776382323,collapse,2.1.6,,join,J1_1e8_NA_0_1,1776389716.48383,start,,,c6id.metal
ip-172-31-18-198,1776382323,collapse,2.1.6,,join,J1_1e8_NA_0_1,1776390940.64773,finish,0,0,c6id.metal
ip-172-31-18-198,1776382323,spark,4.1.1,,groupby,G1_1e8_1e2_0_0,1776390955.66302,start,,,c6id.metal
ip-172-31-18-198,1776382323,spark,4.1.1,,groupby,G1_1e8_1e2_0_0,1776390956.04764,finish,19,1,c6id.metal
ip-172-31-18-198,1776382323,spark,4.1.1,,groupby,G1_1e8_1e1_0_0,1776390971.06291,start,,,c6id.metal
ip-172-31-18-198,1776382323,spark,4.1.1,,groupby,G1_1e8_1e1_0_0,1776390971.44317,finish,19,1,c6id.metal
ip-172-31-18-198,1776382323,spark,4.1.1,,groupby,G1_1e8_2e0_0_0,1776390986.45844,start,,,c6id.metal
ip-172-31-18-198,1776382323,spark,4.1.1,,groupby,G1_1e8_2e0_0_0,1776390986.8405,finish,19,1,c6id.metal
ip-172-31-18-198,1776382323,spark,4.1.1,,groupby,G1_1e8_1e2_0_1,1776391001.85583,start,,,c6id.metal
ip-172-31-18-198,1776382323,spark,4.1.1,,groupby,G1_1e8_1e2_0_1,1776391002.23537,finish,19,1,c6id.metal
ip-172-31-18-198,1776382323,spark,4.1.1,,groupby,G1_1e8_1e2_5_0,1776391017.25048,start,,,c6id.metal
ip-172-31-18-198,1776382323,spark,4.1.1,,groupby,G1_1e8_1e2_5_0,1776391017.63119,finish,19,1,c6id.metal
ip-172-31-18-198,1776382323,spark,4.1.1,,join,J1_1e8_NA_0_0,1776391032.64646,start,,,c6id.metal
ip-172-31-18-198,1776382323,spark,4.1.1,,join,J1_1e8_NA_0_0,1776391033.0238,finish,19,1,c6id.metal
ip-172-31-18-198,1776382323,spark,4.1.1,,join,J1_1e8_NA_5_0,1776391048.03906,start,,,c6id.metal
ip-172-31-18-198,1776382323,spark,4.1.1,,join,J1_1e8_NA_5_0,1776391048.41555,finish,19,1,c6id.metal
ip-172-31-18-198,1776382323,spark,4.1.1,,join,J1_1e8_NA_0_1,1776391063.43084,start,,,c6id.metal
ip-172-31-18-198,1776382323,spark,4.1.1,,join,J1_1e8_NA_0_1,1776391063.8076,finish,19,1,c6id.metal
ip-172-31-18-198,1776382323,juliads,0.7.24, ,groupby,G1_1e8_1e2_0_0,1776391078.82289,start,,,c6id.metal
ip-172-31-18-198,1776382323,juliads,0.7.24, ,groupby,G1_1e8_1e2_0_0,1776391231.34346,finish,0,0,c6id.metal
ip-172-31-18-198,1776382323,juliads,0.7.24, ,groupby,G1_1e8_1e1_0_0,1776391246.35873,start,,,c6id.metal
ip-172-31-18-198,1776382323,juliads,0.7.24, ,groupby,G1_1e8_1e1_0_0,1776391402.19832,finish,0,0,c6id.metal
ip-172-31-18-198,1776382323,juliads,0.7.24, ,groupby,G1_1e8_2e0_0_0,1776391417.2136,start,,,c6id.metal
ip-172-31-18-198,1776382323,juliads,0.7.24, ,groupby,G1_1e8_2e0_0_0,1776391599.54908,finish,0,0,c6id.metal
ip-172-31-18-198,1776382323,juliads,0.7.24, ,groupby,G1_1e8_1e2_0_1,1776391614.5642,start,,,c6id.metal
ip-172-31-18-198,1776382323,juliads,0.7.24, ,groupby,G1_1e8_1e2_0_1,1776391762.91161,finish,0,0,c6id.metal
ip-172-31-18-198,1776382323,juliads,0.7.24, ,groupby,G1_1e8_1e2_5_0,1776391777.92674,start,,,c6id.metal
ip-172-31-18-198,1776382323,juliads,0.7.24, ,groupby,G1_1e8_1e2_5_0,1776391928.94257,finish,0,0,c6id.metal
ip-172-31-18-198,1776382323,juliads,0.7.24, ,join,J1_1e8_NA_0_0,1776391943.95772,start,,,c6id.metal
ip-172-31-18-198,1776382323,juliads,0.7.24, ,join,J1_1e8_NA_0_0,1776392213.4979,finish,0,0,c6id.metal
ip-172-31-18-198,1776382323,juliads,0.7.24, ,join,J1_1e8_NA_5_0,1776392228.51317,start,,,c6id.metal
ip-172-31-18-198,1776382323,juliads,0.7.24, ,join,J1_1e8_NA_5_0,1776392503.5616,finish,0,0,c6id.metal
ip-172-31-18-198,1776382323,juliads,0.7.24, ,join,J1_1e8_NA_0_1,1776392518.57695,start,,,c6id.metal
ip-172-31-18-198,1776382323,juliads,0.7.24, ,join,J1_1e8_NA_0_1,1776392779.32376,finish,0,0,c6id.metal
ip-172-31-18-198,1776382323,juliadf,1.8.2,5fab31e2e01e70ad66e3e24c968c264d1cf166d6,groupby,G1_1e8_1e2_0_0,1776392794.33902,start,,,c6id.metal
ip-172-31-18-198,1776382323,juliadf,1.8.2,5fab31e2e01e70ad66e3e24c968c264d1cf166d6,groupby,G1_1e8_1e2_0_0,1776392965.18342,finish,0,0,c6id.metal
ip-172-31-18-198,1776382323,juliadf,1.8.2,5fab31e2e01e70ad66e3e24c968c264d1cf166d6,groupby,G1_1e8_1e1_0_0,1776392980.19875,start,,,c6id.metal
ip-172-31-18-198,1776382323,juliadf,1.8.2,5fab31e2e01e70ad66e3e24c968c264d1cf166d6,groupby,G1_1e8_1e1_0_0,1776393182.24494,finish,0,0,c6id.metal
ip-172-31-18-198,1776382323,juliadf,1.8.2,5fab31e2e01e70ad66e3e24c968c264d1cf166d6,groupby,G1_1e8_2e0_0_0,1776393197.26021,start,,,c6id.metal
ip-172-31-18-198,1776382323,juliadf,1.8.2,5fab31e2e01e70ad66e3e24c968c264d1cf166d6,groupby,G1_1e8_2e0_0_0,1776393444.23631,finish,0,0,c6id.metal
ip-172-31-18-198,1776382323,juliadf,1.8.2,5fab31e2e01e70ad66e3e24c968c264d1cf166d6,groupby,G1_1e8_1e2_0_1,1776393459.25159,start,,,c6id.metal
ip-172-31-18-198,1776382323,juliadf,1.8.2,5fab31e2e01e70ad66e3e24c968c264d1cf166d6,groupby,G1_1e8_1e2_0_1,1776393628.24019,finish,0,0,c6id.metal
ip-172-31-18-198,1776382323,juliadf,1.8.2,5fab31e2e01e70ad66e3e24c968c264d1cf166d6,groupby,G1_1e8_1e2_5_0,1776393643.25546,start,,,c6id.metal
ip-172-31-18-198,1776382323,juliadf,1.8.2,5fab31e2e01e70ad66e3e24c968c264d1cf166d6,groupby,G1_1e8_1e2_5_0,1776393823.35752,finish,0,0,c6id.metal
ip-172-31-18-198,1776382323,juliadf,1.8.2,5fab31e2e01e70ad66e3e24c968c264d1cf166d6,join,J1_1e8_NA_0_0,1776393838.37283,start,,,c6id.metal
ip-172-31-18-198,1776382323,juliadf,1.8.2,5fab31e2e01e70ad66e3e24c968c264d1cf166d6,join,J1_1e8_NA_0_0,1776394143.94505,finish,0,0,c6id.metal
ip-172-31-18-198,1776382323,juliadf,1.8.2,5fab31e2e01e70ad66e3e24c968c264d1cf166d6,join,J1_1e8_NA_5_0,1776394158.96017,start,,,c6id.metal
ip-172-31-18-198,1776382323,juliadf,1.8.2,5fab31e2e01e70ad66e3e24c968c264d1cf166d6,join,J1_1e8_NA_5_0,1776394501.05863,finish,0,0,c6id.metal
ip-172-31-18-198,1776382323,juliadf,1.8.2,5fab31e2e01e70ad66e3e24c968c264d1cf166d6,join,J1_1e8_NA_0_1,1776394516.07393,start,,,c6id.metal
ip-172-31-18-198,1776382323,juliadf,1.8.2,5fab31e2e01e70ad66e3e24c968c264d1cf166d6,join,J1_1e8_NA_0_1,1776394792.83519,finish,0,0,c6id.metal
ip-172-31-18-198,1776382323,R-arrow,23.0.1.2,,groupby,G1_1e8_1e2_0_0,1776394807.85048,start,,,c6id.metal
ip-172-31-18-198,1776382323,R-arrow,23.0.1.2,,groupby,G1_1e8_1e2_0_0,1776394887.43033,finish,3,0,c6id.metal
ip-172-31-18-198,1776382323,R-arrow,23.0.1.2,,groupby,G1_1e8_1e1_0_0,1776394902.44562,start,,,c6id.metal
ip-172-31-18-198,1776382323,R-arrow,23.0.1.2,,groupby,G1_1e8_1e1_0_0,1776394993.74029,finish,3,0,c6id.metal
ip-172-31-18-198,1776382323,R-arrow,23.0.1.2,,groupby,G1_1e8_2e0_0_0,1776395008.75542,start,,,c6id.metal
ip-172-31-18-198,1776382323,R-arrow,23.0.1.2,,groupby,G1_1e8_2e0_0_0,1776395142.41491,finish,3,0,c6id.metal
ip-172-31-18-198,1776382323,R-arrow,23.0.1.2,,groupby,G1_1e8_1e2_0_1,1776395157.4302,start,,,c6id.metal
ip-172-31-18-198,1776382323,R-arrow,23.0.1.2,,groupby,G1_1e8_1e2_0_1,1776395235.7958,finish,3,0,c6id.metal
ip-172-31-18-198,1776382323,R-arrow,23.0.1.2,,groupby,G1_1e8_1e2_5_0,1776395250.81094,start,,,c6id.metal
ip-172-31-18-198,1776382323,R-arrow,23.0.1.2,,groupby,G1_1e8_1e2_5_0,1776395318.04034,finish,3,0,c6id.metal
ip-172-31-18-198,1776382323,R-arrow,23.0.1.2,,join,J1_1e8_NA_0_0,1776395333.0556,start,,,c6id.metal
ip-172-31-18-198,1776382323,R-arrow,23.0.1.2,,join,J1_1e8_NA_0_0,1776395368.28665,finish,0,0,c6id.metal
ip-172-31-18-198,1776382323,R-arrow,23.0.1.2,,join,J1_1e8_NA_5_0,1776395383.30194,start,,,c6id.metal
ip-172-31-18-198,1776382323,R-arrow,23.0.1.2,,join,J1_1e8_NA_5_0,1776395416.72553,finish,0,0,c6id.metal
ip-172-31-18-198,1776382323,R-arrow,23.0.1.2,,join,J1_1e8_NA_0_1,1776395431.74086,start,,,c6id.metal
ip-172-31-18-198,1776382323,R-arrow,23.0.1.2,,join,J1_1e8_NA_0_1,1776395485.71065,finish,0,0,c6id.metal
ip-172-31-18-198,1776382323,haskell,1.1.1.0,dataframe-1.1.1.0,groupby,G1_1e8_1e2_0_0,1776395500.72594,start,,,c6id.metal
ip-172-31-18-198,1776382323,haskell,1.1.1.0,dataframe-1.1.1.0,groupby,G1_1e8_1e2_0_0,1776395510.65193,finish,56,1,c6id.metal
ip-172-31-18-198,1776382323,haskell,1.1.1.0,dataframe-1.1.1.0,groupby,G1_1e8_1e1_0_0,1776395525.66723,start,,,c6id.metal
ip-172-31-18-198,1776382323,haskell,1.1.1.0,dataframe-1.1.1.0,groupby,G1_1e8_1e1_0_0,1776395535.42472,finish,52,1,c6id.metal
ip-172-31-18-198,1776382323,haskell,1.1.1.0,dataframe-1.1.1.0,groupby,G1_1e8_2e0_0_0,1776395550.43985,start,,,c6id.metal
ip-172-31-18-198,1776382323,haskell,1.1.1.0,dataframe-1.1.1.0,groupby,G1_1e8_2e0_0_0,1776395560.28132,finish,52,1,c6id.metal
ip-172-31-18-198,1776382323,haskell,1.1.1.0,dataframe-1.1.1.0,groupby,G1_1e8_1e2_0_1,1776395575.29663,start,,,c6id.metal
ip-172-31-18-198,1776382323,haskell,1.1.1.0,dataframe-1.1.1.0,groupby,G1_1e8_1e2_0_1,1776395585.28234,finish,52,1,c6id.metal
ip-172-31-18-198,1776382323,haskell,1.1.1.0,dataframe-1.1.1.0,groupby,G1_1e8_1e2_5_0,1776395600.29765,start,,,c6id.metal
ip-172-31-18-198,1776382323,haskell,1.1.1.0,dataframe-1.1.1.0,groupby,G1_1e8_1e2_5_0,1776395610.12794,finish,52,1,c6id.metal
ip-172-31-18-198,1776382323,haskell,1.1.1.0,dataframe-1.1.1.0,join,J1_1e8_NA_0_0,1776395625.14324,start,,,c6id.metal
ip-172-31-18-198,1776382323,haskell,1.1.1.0,dataframe-1.1.1.0,join,J1_1e8_NA_0_0,1776395635.03213,finish,52,1,c6id.metal
ip-172-31-18-198,1776382323,haskell,1.1.1.0,dataframe-1.1.1.0,join,J1_1e8_NA_5_0,1776395650.04727,start,,,c6id.metal
ip-172-31-18-198,1776382323,haskell,1.1.1.0,dataframe-1.1.1.0,join,J1_1e8_NA_5_0,1776395660.13376,finish,52,1,c6id.metal
ip-172-31-18-198,1776382323,haskell,1.1.1.0,dataframe-1.1.1.0,join,J1_1e8_NA_0_1,1776395675.14891,start,,,c6id.metal
ip-172-31-18-198,1776382323,haskell,1.1.1.0,dataframe-1.1.1.0,join,J1_1e8_NA_0_1,1776395684.56624,finish,52,1,c6id.metal
ip-172-31-18-198,1776382323,chdb,4.1.6,,groupby,G1_1e8_1e2_0_0,1776395699.58153,start,,,c6id.metal
ip-172-31-18-198,1776382323,chdb,4.1.6,,groupby,G1_1e8_1e2_0_0,1776397519.58792,finish,1,1,c6id.metal
ip-172-31-18-198,1776382323,chdb,4.1.6,,groupby,G1_1e8_1e1_0_0,1776397534.60318,start,,,c6id.metal
ip-172-31-18-198,1776382323,chdb,4.1.6,,groupby,G1_1e8_1e1_0_0,1776399354.60869,finish,1,1,c6id.metal
ip-172-31-18-198,1776382323,chdb,4.1.6,,groupby,G1_1e8_2e0_0_0,1776399369.62397,start,,,c6id.metal
ip-172-31-18-198,1776382323,chdb,4.1.6,,groupby,G1_1e8_2e0_0_0,1776400856.483,finish,0,0,c6id.metal
ip-172-31-18-198,1776382323,chdb,4.1.6,,groupby,G1_1e8_1e2_0_1,1776400871.49814,start,,,c6id.metal
ip-172-31-18-198,1776382323,chdb,4.1.6,,groupby,G1_1e8_1e2_0_1,1776402691.50284,finish,1,0,c6id.metal
ip-172-31-18-198,1776382323,chdb,4.1.6,,groupby,G1_1e8_1e2_5_0,1776402706.51818,start,,,c6id.metal
ip-172-31-18-198,1776382323,chdb,4.1.6,,groupby,G1_1e8_1e2_5_0,1776404526.52377,finish,1,0,c6id.metal
ip-172-31-18-198,1776382323,chdb,4.1.6,,join,J1_1e8_NA_0_0,1776404541.53796,start,,,c6id.metal
ip-172-31-18-198,1776382323,chdb,4.1.6,,join,J1_1e8_NA_0_0,1776404594.63057,finish,0,0,c6id.metal
ip-172-31-18-198,1776382323,chdb,4.1.6,,join,J1_1e8_NA_5_0,1776404609.64589,start,,,c6id.metal
ip-172-31-18-198,1776382323,chdb,4.1.6,,join,J1_1e8_NA_5_0,1776404672.69282,finish,0,0,c6id.metal
ip-172-31-18-198,1776382323,chdb,4.1.6,,join,J1_1e8_NA_0_1,1776404687.7081,start,,,c6id.metal
ip-172-31-18-198,1776382323,chdb,4.1.6,,join,J1_1e8_NA_0_1,1776404742.28787,finish,0,0,c6id.metal
ip-172-31-18-198,1776408838,clickhouse,26.4.1.1003,,groupby,G1_1e9_1e2_0_0,1776408842.39685,start,,,c6id.metal
ip-172-31-18-198,1776408838,clickhouse,26.4.1.1003,,groupby,G1_1e9_1e2_0_0,1776409857.77975,finish,0,0,c6id.metal
ip-172-31-18-198,1776408838,clickhouse,26.4.1.1003,,groupby,G1_1e9_1e1_0_0,1776409872.79501,start,,,c6id.metal
ip-172-31-18-198,1776408838,clickhouse,26.4.1.1003,,groupby,G1_1e9_1e1_0_0,1776410896.81447,finish,0,0,c6id.metal
ip-172-31-18-198,1776408838,clickhouse,26.4.1.1003,,groupby,G1_1e9_2e0_0_0,1776410911.82978,start,,,c6id.metal
ip-172-31-18-198,1776408838,clickhouse,26.4.1.1003,,groupby,G1_1e9_2e0_0_0,1776411950.64812,finish,0,0,c6id.metal
ip-172-31-18-198,1776408838,clickhouse,26.4.1.1003,,groupby,G1_1e9_1e2_0_1,1776411965.66343,start,,,c6id.metal
ip-172-31-18-198,1776408838,clickhouse,26.4.1.1003,,groupby,G1_1e9_1e2_0_1,1776412985.7136,finish,0,0,c6id.metal
ip-172-31-18-198,1776408838,clickhouse,26.4.1.1003,,groupby,G1_1e9_1e2_5_0,1776413000.7289,start,,,c6id.metal
ip-172-31-18-198,1776408838,clickhouse,26.4.1.1003,,groupby,G1_1e9_1e2_5_0,1776414069.92671,finish,0,0,c6id.metal
ip-172-31-18-198,1776408838,clickhouse,26.4.1.1003,,join,J1_1e9_NA_0_0,1776414084.94199,start,,,c6id.metal
ip-172-31-18-198,1776408838,clickhouse,26.4.1.1003,,join,J1_1e9_NA_0_0,1776415458.28108,finish,0,0,c6id.metal
ip-172-31-18-198,1776408838,duckdb,1.5.2,8a5851971fa,groupby,G1_1e9_1e2_0_0,1776415473.29635,start,,,c6id.metal
ip-172-31-18-198,1776408838,duckdb,1.5.2,8a5851971fa,groupby,G1_1e9_1e2_0_0,1776415690.7354,finish,0,0,c6id.metal
ip-172-31-18-198,1776408838,duckdb,1.5.2,8a5851971fa,groupby,G1_1e9_1e1_0_0,1776415705.75078,start,,,c6id.metal
ip-172-31-18-198,1776408838,duckdb,1.5.2,8a5851971fa,groupby,G1_1e9_1e1_0_0,1776415982.50924,finish,0,0,c6id.metal
ip-172-31-18-198,1776408838,duckdb,1.5.2,8a5851971fa,groupby,G1_1e9_2e0_0_0,1776415997.52456,start,,,c6id.metal
ip-172-31-18-198,1776408838,duckdb,1.5.2,8a5851971fa,groupby,G1_1e9_2e0_0_0,1776416284.41384,finish,0,0,c6id.metal
ip-172-31-18-198,1776408838,duckdb,1.5.2,8a5851971fa,groupby,G1_1e9_1e2_0_1,1776416299.42916,start,,,c6id.metal
ip-172-31-18-198,1776408838,duckdb,1.5.2,8a5851971fa,groupby,G1_1e9_1e2_0_1,1776416500.74573,finish,0,0,c6id.metal
ip-172-31-18-198,1776408838,duckdb,1.5.2,8a5851971fa,groupby,G1_1e9_1e2_5_0,1776416515.76088,start,,,c6id.metal
ip-172-31-18-198,1776408838,duckdb,1.5.2,8a5851971fa,groupby,G1_1e9_1e2_5_0,1776416759.86353,finish,0,0,c6id.metal
ip-172-31-18-198,1776408838,duckdb,1.5.2,8a5851971fa,join,J1_1e9_NA_0_0,1776416774.87889,start,,,c6id.metal
ip-172-31-18-198,1776408838,duckdb,1.5.2,8a5851971fa,join,J1_1e9_NA_0_0,1776417639.10068,finish,0,0,c6id.metal
ip-172-31-18-198,1776408838,polars,1.39.3,,groupby,G1_1e9_1e2_0_0,1776417654.11601,start,,,c6id.metal
ip-172-31-18-198,1776408838,polars,1.39.3,,groupby,G1_1e9_1e2_0_0,1776418861.46507,finish,0,0,c6id.metal
ip-172-31-18-198,1776408838,polars,1.39.3,,groupby,G1_1e9_1e1_0_0,1776418876.48035,start,,,c6id.metal
ip-172-31-18-198,1776408838,polars,1.39.3,,groupby,G1_1e9_1e1_0_0,1776420563.78024,finish,0,0,c6id.metal
ip-172-31-18-198,1776408838,polars,1.39.3,,groupby,G1_1e9_2e0_0_0,1776420578.7955,start,,,c6id.metal
ip-172-31-18-198,1776408838,polars,1.39.3,,groupby,G1_1e9_2e0_0_0,1776423265.5553,finish,0,15,c6id.metal
ip-172-31-18-198,1776424645,datafusion,53.0.0,,groupby,G1_1e9_1e2_0_0,1776424652.20505,start,,,c6id.metal
ip-172-31-18-198,1776424645,datafusion,53.0.0,,groupby,G1_1e9_1e2_0_0,1776424833.63532,finish,0,15,c6id.metal
ip-172-31-18-198,1776425046,spark,4.1.1,,groupby,G1_1e9_1e2_0_0,1776425053.148,start,,,c6id.metal
ip-172-31-18-198,1776425046,spark,4.1.1,,groupby,G1_1e9_1e2_0_0,1776425053.54047,finish,19,1,c6id.metal
ip-172-31-18-198,1776425046,spark,4.1.1,,groupby,G1_1e9_1e1_0_0,1776425068.5556,start,,,c6id.metal
ip-172-31-18-198,1776425046,spark,4.1.1,,groupby,G1_1e9_1e1_0_0,1776425068.94402,finish,19,1,c6id.metal
ip-172-31-18-198,1776425046,spark,4.1.1,,groupby,G1_1e9_2e0_0_0,1776425083.95914,start,,,c6id.metal
ip-172-31-18-198,1776425046,spark,4.1.1,,groupby,G1_1e9_2e0_0_0,1776425084.33576,finish,19,1,c6id.metal
ip-172-31-18-198,1776425046,spark,4.1.1,,groupby,G1_1e9_1e2_0_1,1776425099.35102,start,,,c6id.metal
ip-172-31-18-198,1776425046,spark,4.1.1,,groupby,G1_1e9_1e2_0_1,1776425099.7289,finish,19,1,c6id.metal
ip-172-31-18-198,1776425046,juliads,0.7.24, ,groupby,G1_1e9_1e2_0_0,1776425114.74417,start,,,c6id.metal
ip-172-31-18-198,1776425046,juliads,0.7.24, ,groupby,G1_1e9_1e2_0_0,1776425955.9811,finish,0,0,c6id.metal
ip-172-31-18-198,1776425046,juliads,0.7.24, ,groupby,G1_1e9_1e1_0_0,1776425970.99622,start,,,c6id.metal
ip-172-31-18-198,1776425046,juliads,0.7.24, ,groupby,G1_1e9_1e1_0_0,1776426923.45726,finish,0,0,c6id.metal
ip-172-31-18-198,1776425046,juliads,0.7.24, ,groupby,G1_1e9_2e0_0_0,1776426938.47239,start,,,c6id.metal
ip-172-31-18-198,1776425046,juliads,0.7.24, ,groupby,G1_1e9_2e0_0_0,1776428084.27965,finish,0,0,c6id.metal
ip-172-31-18-198,1776425046,juliads,0.7.24, ,groupby,G1_1e9_1e2_0_1,1776428099.29476,start,,,c6id.metal
ip-172-31-18-198,1776425046,juliads,0.7.24, ,groupby,G1_1e9_1e2_0_1,1776428915.02722,finish,0,0,c6id.metal
ip-172-31-18-198,1776425046,juliads,0.7.24, ,groupby,G1_1e9_1e2_5_0,1776428930.04251,start,,,c6id.metal
ip-172-31-18-198,1776425046,juliads,0.7.24, ,groupby,G1_1e9_1e2_5_0,1776429771.99543,finish,0,0,c6id.metal
ip-172-31-18-198,1776425046,juliadf,1.8.2,5fab31e2e01e70ad66e3e24c968c264d1cf166d6,groupby,G1_1e9_1e2_0_0,1776429787.01073,start,,,c6id.metal
ip-172-31-18-198,1776425046,juliadf,1.8.2,5fab31e2e01e70ad66e3e24c968c264d1cf166d6,groupby,G1_1e9_1e2_0_0,1776431524.8179,finish,0,0,c6id.metal
ip-172-31-18-198,1776425046,juliadf,1.8.2,5fab31e2e01e70ad66e3e24c968c264d1cf166d6,groupby,G1_1e9_1e1_0_0,1776431539.83316,start,,,c6id.metal
ip-172-31-18-198,1776425046,juliadf,1.8.2,5fab31e2e01e70ad66e3e24c968c264d1cf166d6,groupby,G1_1e9_1e1_0_0,1776433775.54563,finish,0,0,c6id.metal
ip-172-31-18-198,1776425046,juliadf,1.8.2,5fab31e2e01e70ad66e3e24c968c264d1cf166d6,groupby,G1_1e9_2e0_0_0,1776433790.56091,start,,,c6id.metal
ip-172-31-18-198,1776425046,juliadf,1.8.2,5fab31e2e01e70ad66e3e24c968c264d1cf166d6,groupby,G1_1e9_2e0_0_0,1776437160.20814,finish,0,15,c6id.metal
ip-172-31-18-198,1776437761,spark,4.1.1,,groupby,G1_1e9_1e2_0_0,1776437764.74397,start,,,c6id.metal
ip-172-31-18-198,1776437761,spark,4.1.1,,groupby,G1_1e9_1e2_0_0,1776437765.14187,finish,19,1,c6id.metal
ip-172-31-18-198,1776437761,spark,4.1.1,,groupby,G1_1e9_1e1_0_0,1776437780.15714,start,,,c6id.metal
ip-172-31-18-198,1776437761,spark,4.1.1,,groupby,G1_1e9_1e1_0_0,1776437780.54857,finish,19,1,c6id.metal
ip-172-31-18-198,1776437761,spark,4.1.1,,groupby,G1_1e9_2e0_0_0,1776437795.56387,start,,,c6id.metal
ip-172-31-18-198,1776437761,spark,4.1.1,,groupby,G1_1e9_2e0_0_0,1776437795.94228,finish,19,1,c6id.metal
ip-172-31-18-198,1776437761,spark,4.1.1,,groupby,G1_1e9_1e2_0_1,1776437810.95739,start,,,c6id.metal
ip-172-31-18-198,1776437761,spark,4.1.1,,groupby,G1_1e9_1e2_0_1,1776437811.3357,finish,19,1,c6id.metal
ip-172-31-18-198,1776437761,juliadf,1.8.2,5fab31e2e01e70ad66e3e24c968c264d1cf166d6,groupby,G1_1e9_1e2_0_0,1776437826.35096,start,,,c6id.metal
ip-172-31-18-198,1776437761,juliadf,1.8.2,5fab31e2e01e70ad66e3e24c968c264d1cf166d6,groupby,G1_1e9_1e2_0_0,1776439639.40136,finish,0,0,c6id.metal
ip-172-31-18-198,1776437761,juliadf,1.8.2,5fab31e2e01e70ad66e3e24c968c264d1cf166d6,groupby,G1_1e9_1e1_0_0,1776439654.41651,start,,,c6id.metal
ip-172-31-18-198,1776437761,juliadf,1.8.2,5fab31e2e01e70ad66e3e24c968c264d1cf166d6,groupby,G1_1e9_1e1_0_0,1776441826.6804,finish,0,0,c6id.metal
ip-172-31-18-198,1776437761,juliadf,1.8.2,5fab31e2e01e70ad66e3e24c968c264d1cf166d6,groupby,G1_1e9_2e0_0_0,1776441841.6957,start,,,c6id.metal
ip-172-31-18-198,1776437761,juliadf,1.8.2,5fab31e2e01e70ad66e3e24c968c264d1cf166d6,groupby,G1_1e9_2e0_0_0,1776444493.12572,finish,0,0,c6id.metal
ip-172-31-18-198,1776437761,juliadf,1.8.2,5fab31e2e01e70ad66e3e24c968c264d1cf166d6,groupby,G1_1e9_1e2_0_1,1776444508.14097,start,,,c6id.metal
ip-172-31-18-198,1776437761,juliadf,1.8.2,5fab31e2e01e70ad66e3e24c968c264d1cf166d6,groupby,G1_1e9_1e2_0_1,1776446170.72212,finish,0,0,c6id.metal
ip-172-31-18-198,1776437761,juliadf,1.8.2,5fab31e2e01e70ad66e3e24c968c264d1cf166d6,groupby,G1_1e9_1e2_5_0,1776446185.73739,start,,,c6id.metal
ip-172-31-18-198,1776437761,juliadf,1.8.2,5fab31e2e01e70ad66e3e24c968c264d1cf166d6,groupby,G1_1e9_1e2_5_0,1776447973.46575,finish,0,0,c6id.metal
ip-172-31-18-198,1776437761,R-arrow,23.0.1.2,,groupby,G1_1e9_1e2_0_0,1776447988.48101,start,,,c6id.metal
ip-172-31-18-198,1776437761,R-arrow,23.0.1.2,,groupby,G1_1e9_1e2_0_0,1776448645.76678,finish,3,0,c6id.metal
ip-172-31-18-198,1776437761,R-arrow,23.0.1.2,,groupby,G1_1e9_1e1_0_0,1776448660.78207,start,,,c6id.metal
ip-172-31-18-198,1776437761,R-arrow,23.0.1.2,,groupby,G1_1e9_1e1_0_0,1776449855.01824,finish,3,0,c6id.metal
ip-172-31-18-198,1776437761,R-arrow,23.0.1.2,,groupby,G1_1e9_2e0_0_0,1776449870.03353,start,,,c6id.metal
ip-172-31-18-198,1776437761,R-arrow,23.0.1.2,,groupby,G1_1e9_2e0_0_0,1776453490.0385,finish,1,0,c6id.metal
ip-172-31-18-198,1776437761,R-arrow,23.0.1.2,,groupby,G1_1e9_1e2_0_1,1776453505.05382,start,,,c6id.metal
ip-172-31-18-198,1776437761,R-arrow,23.0.1.2,,groupby,G1_1e9_1e2_0_1,1776454139.78898,finish,3,0,c6id.metal
ip-172-31-18-198,1776437761,R-arrow,23.0.1.2,,groupby,G1_1e9_1e2_5_0,1776454154.80427,start,,,c6id.metal
ip-172-31-18-198,1776437761,R-arrow,23.0.1.2,,groupby,G1_1e9_1e2_5_0,1776454774.07324,finish,3,0,c6id.metal
ip-172-31-18-189,1777459349,duckdb,1.5.2,8a5851971fa,groupby,G1_1e7_1e2_0_0,1777459351.43677,start,,,c6id.4xlarge
ip-172-31-18-189,1777459349,duckdb,1.5.2,8a5851971fa,groupby,G1_1e7_1e2_0_0,1777459357.18083,finish,0,0,c6id.4xlarge
ip-172-31-18-189,1777459349,duckdb,1.5.2,8a5851971fa,groupby,G1_1e7_1e1_0_0,1777459372.19593,start,,,c6id.4xlarge
ip-172-31-18-189,1777459349,duckdb,1.5.2,8a5851971fa,groupby,G1_1e7_1e1_0_0,1777459378.56975,finish,0,0,c6id.4xlarge
ip-172-31-18-189,1777459349,duckdb,1.5.2,8a5851971fa,groupby,G1_1e7_2e0_0_0,1777459393.58484,start,,,c6id.4xlarge
ip-172-31-18-189,1777459349,duckdb,1.5.2,8a5851971fa,groupby,G1_1e7_2e0_0_0,1777459399.95146,finish,0,0,c6id.4xlarge
ip-172-31-18-189,1777459349,duckdb,1.5.2,8a5851971fa,groupby,G1_1e7_1e2_0_1,1777459414.96656,start,,,c6id.4xlarge
ip-172-31-18-189,1777459349,duckdb,1.5.2,8a5851971fa,groupby,G1_1e7_1e2_0_1,1777459420.61475,finish,0,0,c6id.4xlarge
ip-172-31-18-189,1777459349,duckdb,1.5.2,8a5851971fa,groupby,G1_1e7_1e2_5_0,1777459435.62985,start,,,c6id.4xlarge
ip-172-31-18-189,1777459349,duckdb,1.5.2,8a5851971fa,groupby,G1_1e7_1e2_5_0,1777459441.57035,finish,0,0,c6id.4xlarge
ip-172-31-18-189,1777459349,duckdb,1.5.2,8a5851971fa,join,J1_1e7_NA_0_0,1777459456.58543,start,,,c6id.4xlarge
ip-172-31-18-189,1777459349,duckdb,1.5.2,8a5851971fa,join,J1_1e7_NA_0_0,1777459464.18339,finish,0,0,c6id.4xlarge
ip-172-31-18-189,1777459349,duckdb,1.5.2,8a5851971fa,join,J1_1e7_NA_5_0,1777459479.19848,start,,,c6id.4xlarge
ip-172-31-18-189,1777459349,duckdb,1.5.2,8a5851971fa,join,J1_1e7_NA_5_0,1777459486.90558,finish,0,0,c6id.4xlarge
ip-172-31-18-189,1777459349,duckdb,1.5.2,8a5851971fa,join,J1_1e7_NA_0_1,1777459501.92068,start,,,c6id.4xlarge
ip-172-31-18-189,1777459349,duckdb,1.5.2,8a5851971fa,join,J1_1e7_NA_0_1,1777459509.21357,finish,0,0,c6id.4xlarge
ip-172-31-18-189,1777459628,duckdb,1.5.2,8a5851971fa,groupby,G1_1e8_1e2_0_0,1777459629.6859,start,,,c6id.4xlarge
ip-172-31-18-189,1777459628,duckdb,1.5.2,8a5851971fa,groupby,G1_1e8_1e2_0_0,1777459667.31131,finish,0,0,c6id.4xlarge
ip-172-31-18-189,1777459628,duckdb,1.5.2,8a5851971fa,groupby,G1_1e8_1e1_0_0,1777459682.32641,start,,,c6id.4xlarge
ip-172-31-18-189,1777459628,duckdb,1.5.2,8a5851971fa,groupby,G1_1e8_1e1_0_0,1777459725.42048,finish,0,0,c6id.4xlarge
ip-172-31-18-189,1777459628,duckdb,1.5.2,8a5851971fa,groupby,G1_1e8_2e0_0_0,1777459740.43559,start,,,c6id.4xlarge
ip-172-31-18-189,1777459628,duckdb,1.5.2,8a5851971fa,groupby,G1_1e8_2e0_0_0,1777459786.61544,finish,0,0,c6id.4xlarge
ip-172-31-18-189,1777459628,duckdb,1.5.2,8a5851971fa,groupby,G1_1e8_1e2_0_1,1777459801.63056,start,,,c6id.4xlarge
ip-172-31-18-189,1777459628,duckdb,1.5.2,8a5851971fa,groupby,G1_1e8_1e2_0_1,1777459837.70524,finish,0,0,c6id.4xlarge
ip-172-31-18-189,1777459628,duckdb,1.5.2,8a5851971fa,groupby,G1_1e8_1e2_5_0,1777459852.72033,start,,,c6id.4xlarge
ip-172-31-18-189,1777459628,duckdb,1.5.2,8a5851971fa,groupby,G1_1e8_1e2_5_0,1777459891.68371,finish,0,0,c6id.4xlarge
ip-172-31-18-189,1777459628,duckdb,1.5.2,8a5851971fa,join,J1_1e8_NA_0_0,1777459906.69879,start,,,c6id.4xlarge
ip-172-31-18-189,1777459628,duckdb,1.5.2,8a5851971fa,join,J1_1e8_NA_0_0,1777460002.46106,finish,0,0,c6id.4xlarge
ip-172-31-18-189,1777459628,duckdb,1.5.2,8a5851971fa,join,J1_1e8_NA_5_0,1777460017.47615,start,,,c6id.4xlarge
ip-172-31-18-189,1777459628,duckdb,1.5.2,8a5851971fa,join,J1_1e8_NA_5_0,1777460121.3207,finish,0,0,c6id.4xlarge
ip-172-31-18-189,1777459628,duckdb,1.5.2,8a5851971fa,join,J1_1e8_NA_0_1,1777460136.33578,start,,,c6id.4xlarge
ip-172-31-18-189,1777459628,duckdb,1.5.2,8a5851971fa,join,J1_1e8_NA_0_1,1777460225.95728,finish,0,0,c6id.4xlarge
ip-172-31-18-189,1777461784,duckdb,1.5.2,8a5851971fa,groupby,G1_1e9_1e2_0_0,1777461785.53343,start,,,c6id.4xlarge
ip-172-31-18-189,1777461784,duckdb,1.5.2,8a5851971fa,groupby,G1_1e9_1e2_0_0,1777462658.53911,finish,1,137,c6id.4xlarge
ip-172-31-18-189,1777461784,duckdb,1.5.2,8a5851971fa,groupby,G1_1e9_1e1_0_0,1777462673.55417,start,,,c6id.4xlarge
ip-172-31-18-189,1777461784,duckdb,1.5.2,8a5851971fa,groupby,G1_1e9_1e1_0_0,1777463586.89104,finish,1,137,c6id.4xlarge
ip-172-31-18-189,1777461784,duckdb,1.5.2,8a5851971fa,groupby,G1_1e9_2e0_0_0,1777463601.90609,start,,,c6id.4xlarge
ip-172-31-18-189,1777461784,duckdb,1.5.2,8a5851971fa,groupby,G1_1e9_2e0_0_0,1777464646.51492,finish,41,1,c6id.4xlarge
ip-172-31-18-189,1777461784,duckdb,1.5.2,8a5851971fa,groupby,G1_1e9_1e2_0_1,1777464661.53002,start,,,c6id.4xlarge
ip-172-31-18-189,1777461784,duckdb,1.5.2,8a5851971fa,groupby,G1_1e9_1e2_0_1,1777465403.13672,finish,1,137,c6id.4xlarge
ip-172-31-18-189,1777461784,duckdb,1.5.2,8a5851971fa,groupby,G1_1e9_1e2_5_0,1777465418.15177,start,,,c6id.4xlarge
ip-172-31-18-189,1777461784,duckdb,1.5.2,8a5851971fa,groupby,G1_1e9_1e2_5_0,1777466264.37781,finish,1,137,c6id.4xlarge
ip-172-31-18-189,1783680082,clickhouse,26.7.1.740,,groupby,G1_1e7_1e2_0_0,1783680083.44638,start,,,c6id.4xlarge
ip-172-31-18-189,1783680082,clickhouse,26.7.1.740,,groupby,G1_1e7_1e2_0_0,1783680234.54214,finish,0,0,c6id.4xlarge
ip-172-31-18-189,1783680082,clickhouse,26.7.1.740,,groupby,G1_1e7_1e1_0_0,1783680249.55723,start,,,c6id.4xlarge
ip-172-31-18-189,1783680082,clickhouse,26.7.1.740,,groupby,G1_1e7_1e1_0_0,1783680400.99477,finish,0,0,c6id.4xlarge
ip-172-31-18-189,1783680082,clickhouse,26.7.1.740,,groupby,G1_1e7_2e0_0_0,1783680416.00985,start,,,c6id.4xlarge
ip-172-31-18-189,1783680082,clickhouse,26.7.1.740,,groupby,G1_1e7_2e0_0_0,1783680569.11489,finish,0,0,c6id.4xlarge
ip-172-31-18-189,1783680082,clickhouse,26.7.1.740,,groupby,G1_1e7_1e2_0_1,1783680584.12999,start,,,c6id.4xlarge
ip-172-31-18-189,1783680082,clickhouse,26.7.1.740,,groupby,G1_1e7_1e2_0_1,1783680735.29128,finish,0,0,c6id.4xlarge
ip-172-31-18-189,1783680082,clickhouse,26.7.1.740,,groupby,G1_1e7_1e2_5_0,1783680750.30637,start,,,c6id.4xlarge
ip-172-31-18-189,1783680082,clickhouse,26.7.1.740,,groupby,G1_1e7_1e2_5_0,1783680902.09059,finish,0,0,c6id.4xlarge
ip-172-31-18-189,1783680082,clickhouse,26.7.1.740,,join,J1_1e7_NA_0_0,1783680917.10568,start,,,c6id.4xlarge
ip-172-31-18-189,1783680082,clickhouse,26.7.1.740,,join,J1_1e7_NA_0_0,1783681067.92419,finish,0,0,c6id.4xlarge
ip-172-31-18-189,1783680082,clickhouse,26.7.1.740,,join,J1_1e7_NA_5_0,1783681082.92718,start,,,c6id.4xlarge
ip-172-31-18-189,1783680082,clickhouse,26.7.1.740,,join,J1_1e7_NA_5_0,1783681235.19831,finish,0,0,c6id.4xlarge
ip-172-31-18-189,1783680082,clickhouse,26.7.1.740,,join,J1_1e7_NA_0_1,1783681250.20434,start,,,c6id.4xlarge
ip-172-31-18-189,1783680082,clickhouse,26.7.1.740,,join,J1_1e7_NA_0_1,1783681401.16954,finish,0,0,c6id.4xlarge
ip-172-31-18-189,1783680082,duckdb,1.5.4,08e34c447b,groupby,G1_1e7_1e2_0_0,1783681416.18461,start,,,c6id.4xlarge
ip-172-31-18-189,1783680082,duckdb,1.5.4,08e34c447b,groupby,G1_1e7_1e2_0_0,1783681720.35162,finish,0,0,c6id.4xlarge
ip-172-31-18-189,1783680082,duckdb,1.5.4,08e34c447b,groupby,G1_1e7_1e1_0_0,1783681735.36672,start,,,c6id.4xlarge
ip-172-31-18-189,1783680082,duckdb,1.5.4,08e34c447b,groupby,G1_1e7_1e1_0_0,1783682040.19344,finish,0,0,c6id.4xlarge
ip-172-31-18-189,1783680082,duckdb,1.5.4,08e34c447b,groupby,G1_1e7_2e0_0_0,1783682055.20853,start,,,c6id.4xlarge
ip-172-31-18-189,1783680082,duckdb,1.5.4,08e34c447b,groupby,G1_1e7_2e0_0_0,1783682359.94443,finish,0,0,c6id.4xlarge
ip-172-31-18-189,1783680082,duckdb,1.5.4,08e34c447b,groupby,G1_1e7_1e2_0_1,1783682374.95953,start,,,c6id.4xlarge
ip-172-31-18-189,1783680082,duckdb,1.5.4,08e34c447b,groupby,G1_1e7_1e2_0_1,1783682678.91942,finish,0,0,c6id.4xlarge
ip-172-31-18-189,1783680082,duckdb,1.5.4,08e34c447b,groupby,G1_1e7_1e2_5_0,1783682693.93452,start,,,c6id.4xlarge
ip-172-31-18-189,1783680082,duckdb,1.5.4,08e34c447b,groupby,G1_1e7_1e2_5_0,1783682998.22688,finish,0,0,c6id.4xlarge
ip-172-31-18-189,1783680082,duckdb,1.5.4,08e34c447b,join,J1_1e7_NA_0_0,1783683013.24197,start,,,c6id.4xlarge
ip-172-31-18-189,1783680082,duckdb,1.5.4,08e34c447b,join,J1_1e7_NA_0_0,1783683019.28419,finish,0,0,c6id.4xlarge
ip-172-31-18-189,1783680082,duckdb,1.5.4,08e34c447b,join,J1_1e7_NA_5_0,1783683034.29931,start,,,c6id.4xlarge
ip-172-31-18-189,1783680082,duckdb,1.5.4,08e34c447b,join,J1_1e7_NA_5_0,1783683040.48061,finish,0,0,c6id.4xlarge
ip-172-31-18-189,1783680082,duckdb,1.5.4,08e34c447b,join,J1_1e7_NA_0_1,1783683055.49574,start,,,c6id.4xlarge
ip-172-31-18-189,1783680082,duckdb,1.5.4,08e34c447b,join,J1_1e7_NA_0_1,1783683061.2746,finish,0,0,c6id.4xlarge
ip-172-31-18-189,1783680082,polars,1.42.1,,groupby,G1_1e7_1e2_0_0,1783683076.28974,start,,,c6id.4xlarge
ip-172-31-18-189,1783680082,polars,1.42.1,,groupby,G1_1e7_1e2_0_0,1783683082.62322,finish,6,0,c6id.4xlarge
ip-172-31-18-189,1783680082,polars,1.42.1,,groupby,G1_1e7_1e1_0_0,1783683097.63836,start,,,c6id.4xlarge
ip-172-31-18-189,1783680082,polars,1.42.1,,groupby,G1_1e7_1e1_0_0,1783683108.45352,finish,6,0,c6id.4xlarge
ip-172-31-18-189,1783680082,polars,1.42.1,,groupby,G1_1e7_2e0_0_0,1783683123.46861,start,,,c6id.4xlarge
ip-172-31-18-189,1783680082,polars,1.42.1,,groupby,G1_1e7_2e0_0_0,1783683145.66938,finish,6,0,c6id.4xlarge
ip-172-31-18-189,1783680082,polars,1.42.1,,groupby,G1_1e7_1e2_0_1,1783683160.68449,start,,,c6id.4xlarge
ip-172-31-18-189,1783680082,polars,1.42.1,,groupby,G1_1e7_1e2_0_1,1783683166.64649,finish,6,0,c6id.4xlarge
ip-172-31-18-189,1783680082,polars,1.42.1,,groupby,G1_1e7_1e2_5_0,1783683181.66158,start,,,c6id.4xlarge
ip-172-31-18-189,1783680082,polars,1.42.1,,groupby,G1_1e7_1e2_5_0,1783683188.89539,finish,6,0,c6id.4xlarge
ip-172-31-18-189,1783680082,polars,1.42.1,,join,J1_1e7_NA_0_0,1783683203.91048,start,,,c6id.4xlarge
ip-172-31-18-189,1783680082,polars,1.42.1,,join,J1_1e7_NA_0_0,1783683218.34205,finish,4,0,c6id.4xlarge
ip-172-31-18-189,1783680082,polars,1.42.1,,join,J1_1e7_NA_5_0,1783683233.35716,start,,,c6id.4xlarge
ip-172-31-18-189,1783680082,polars,1.42.1,,join,J1_1e7_NA_5_0,1783683248.16462,finish,4,0,c6id.4xlarge
ip-172-31-18-189,1783680082,polars,1.42.1,,join,J1_1e7_NA_0_1,1783683263.17972,start,,,c6id.4xlarge
ip-172-31-18-189,1783680082,polars,1.42.1,,join,J1_1e7_NA_0_1,1783683276.394,finish,4,0,c6id.4xlarge
ip-172-31-18-189,1783680082,collapse,2.1.7,,groupby,G1_1e7_1e2_0_0,1783683291.40907,start,,,c6id.4xlarge
ip-172-31-18-189,1783680082,collapse,2.1.7,,groupby,G1_1e7_1e2_0_0,1783683301.77716,finish,0,0,c6id.4xlarge
ip-172-31-18-189,1783680082,collapse,2.1.7,,groupby,G1_1e7_1e1_0_0,1783683316.79226,start,,,c6id.4xlarge
ip-172-31-18-189,1783680082,collapse,2.1.7,,groupby,G1_1e7_1e1_0_0,1783683336.03985,finish,0,0,c6id.4xlarge
ip-172-31-18-189,1783680082,collapse,2.1.7,,groupby,G1_1e7_2e0_0_0,1783683351.05495,start,,,c6id.4xlarge
ip-172-31-18-189,1783680082,collapse,2.1.7,,groupby,G1_1e7_2e0_0_0,1783683408.48915,finish,0,0,c6id.4xlarge
ip-172-31-18-189,1783680082,collapse,2.1.7,,groupby,G1_1e7_1e2_0_1,1783683423.50425,start,,,c6id.4xlarge
ip-172-31-18-189,1783680082,collapse,2.1.7,,groupby,G1_1e7_1e2_0_1,1783683432.37979,finish,0,0,c6id.4xlarge
ip-172-31-18-189,1783680082,collapse,2.1.7,,groupby,G1_1e7_1e2_5_0,1783683447.39488,start,,,c6id.4xlarge
ip-172-31-18-189,1783680082,collapse,2.1.7,,groupby,G1_1e7_1e2_5_0,1783683458.46032,finish,0,0,c6id.4xlarge
ip-172-31-18-189,1783680082,collapse,2.1.7,,join,J1_1e7_NA_0_0,1783683473.47541,start,,,c6id.4xlarge
ip-172-31-18-189,1783680082,collapse,2.1.7,,join,J1_1e7_NA_0_0,1783683577.31539,finish,0,0,c6id.4xlarge
ip-172-31-18-189,1783680082,collapse,2.1.7,,join,J1_1e7_NA_5_0,1783683592.33048,start,,,c6id.4xlarge
ip-172-31-18-189,1783680082,collapse,2.1.7,,join,J1_1e7_NA_5_0,1783683687.20203,finish,0,0,c6id.4xlarge
ip-172-31-18-189,1783680082,collapse,2.1.7,,join,J1_1e7_NA_0_1,1783683702.20232,start,,,c6id.4xlarge
ip-172-31-18-189,1783680082,collapse,2.1.7,,join,J1_1e7_NA_0_1,1783683796.95162,finish,0,0,c6id.4xlarge
ip-172-31-18-189,1783683901,clickhouse,26.7.1.740,,groupby,G1_1e8_1e2_0_0,1783683901.92968,start,,,c6id.4xlarge
ip-172-31-18-189,1783683901,clickhouse,26.7.1.740,,groupby,G1_1e8_1e2_0_0,1783684104.94791,finish,0,0,c6id.4xlarge
ip-172-31-18-189,1783683901,clickhouse,26.7.1.740,,groupby,G1_1e8_1e1_0_0,1783684119.963,start,,,c6id.4xlarge
ip-172-31-18-189,1783683901,clickhouse,26.7.1.740,,groupby,G1_1e8_1e1_0_0,1783684330.68069,finish,0,0,c6id.4xlarge
ip-172-31-18-189,1783683901,clickhouse,26.7.1.740,,groupby,G1_1e8_2e0_0_0,1783684345.68818,start,,,c6id.4xlarge
ip-172-31-18-189,1783683901,clickhouse,26.7.1.740,,groupby,G1_1e8_2e0_0_0,1783684566.12009,finish,0,0,c6id.4xlarge
ip-172-31-18-189,1783683901,clickhouse,26.7.1.740,,groupby,G1_1e8_1e2_0_1,1783684581.12847,start,,,c6id.4xlarge
ip-172-31-18-189,1783683901,clickhouse,26.7.1.740,,groupby,G1_1e8_1e2_0_1,1783684787.37699,finish,0,0,c6id.4xlarge
ip-172-31-18-189,1783683901,clickhouse,26.7.1.740,,groupby,G1_1e8_1e2_5_0,1783684802.38844,start,,,c6id.4xlarge
ip-172-31-18-189,1783683901,clickhouse,26.7.1.740,,groupby,G1_1e8_1e2_5_0,1783685020.63268,finish,0,0,c6id.4xlarge
ip-172-31-18-189,1783683901,clickhouse,26.7.1.740,,join,J1_1e8_NA_0_0,1783685035.64777,start,,,c6id.4xlarge
ip-172-31-18-189,1783683901,clickhouse,26.7.1.740,,join,J1_1e8_NA_0_0,1783685418.42619,finish,0,0,c6id.4xlarge
ip-172-31-18-189,1783683901,clickhouse,26.7.1.740,,join,J1_1e8_NA_5_0,1783685433.44128,start,,,c6id.4xlarge
ip-172-31-18-189,1783683901,clickhouse,26.7.1.740,,join,J1_1e8_NA_5_0,1783685829.62058,finish,0,0,c6id.4xlarge
ip-172-31-18-189,1783683901,clickhouse,26.7.1.740,,join,J1_1e8_NA_0_1,1783685844.63568,start,,,c6id.4xlarge
ip-172-31-18-189,1783683901,clickhouse,26.7.1.740,,join,J1_1e8_NA_0_1,1783686162.14168,finish,0,0,c6id.4xlarge
ip-172-31-18-189,1783683901,duckdb,1.5.4,08e34c447b,groupby,G1_1e8_1e2_0_0,1783686177.15675,start,,,c6id.4xlarge
ip-172-31-18-189,1783683901,duckdb,1.5.4,08e34c447b,groupby,G1_1e8_1e2_0_0,1783686512.04495,finish,0,0,c6id.4xlarge
ip-172-31-18-189,1783683901,duckdb,1.5.4,08e34c447b,groupby,G1_1e8_1e1_0_0,1783686527.06008,start,,,c6id.4xlarge
ip-172-31-18-189,1783683901,duckdb,1.5.4,08e34c447b,groupby,G1_1e8_1e1_0_0,1783686868.41927,finish,0,0,c6id.4xlarge
ip-172-31-18-189,1783683901,duckdb,1.5.4,08e34c447b,groupby,G1_1e8_2e0_0_0,1783686883.43439,start,,,c6id.4xlarge
ip-172-31-18-189,1783683901,duckdb,1.5.4,08e34c447b,groupby,G1_1e8_2e0_0_0,1783687227.57062,finish,0,0,c6id.4xlarge
ip-172-31-18-189,1783683901,duckdb,1.5.4,08e34c447b,groupby,G1_1e8_1e2_0_1,1783687242.58575,start,,,c6id.4xlarge
ip-172-31-18-189,1783683901,duckdb,1.5.4,08e34c447b,groupby,G1_1e8_1e2_0_1,1783687576.33737,finish,0,0,c6id.4xlarge
ip-172-31-18-189,1783683901,duckdb,1.5.4,08e34c447b,groupby,G1_1e8_1e2_5_0,1783687591.35121,start,,,c6id.4xlarge
ip-172-31-18-189,1783683901,duckdb,1.5.4,08e34c447b,groupby,G1_1e8_1e2_5_0,1783687928.24916,finish,0,0,c6id.4xlarge
ip-172-31-18-189,1783683901,duckdb,1.5.4,08e34c447b,join,J1_1e8_NA_0_0,1783687943.26428,start,,,c6id.4xlarge
ip-172-31-18-189,1783683901,duckdb,1.5.4,08e34c447b,join,J1_1e8_NA_0_0,1783688039.17293,finish,0,0,c6id.4xlarge
ip-172-31-18-189,1783683901,duckdb,1.5.4,08e34c447b,join,J1_1e8_NA_5_0,1783688054.18797,start,,,c6id.4xlarge
ip-172-31-18-189,1783683901,duckdb,1.5.4,08e34c447b,join,J1_1e8_NA_5_0,1783688153.3224,finish,0,0,c6id.4xlarge
ip-172-31-18-189,1783683901,duckdb,1.5.4,08e34c447b,join,J1_1e8_NA_0_1,1783688168.33218,start,,,c6id.4xlarge
ip-172-31-18-189,1783683901,duckdb,1.5.4,08e34c447b,join,J1_1e8_NA_0_1,1783688253.82614,finish,0,0,c6id.4xlarge
ip-172-31-18-189,1783683901,polars,1.42.1,,groupby,G1_1e8_1e2_0_0,1783688268.84122,start,,,c6id.4xlarge
ip-172-31-18-189,1783683901,polars,1.42.1,,groupby,G1_1e8_1e2_0_0,1783688356.15276,finish,6,0,c6id.4xlarge
ip-172-31-18-189,1783683901,polars,1.42.1,,groupby,G1_1e8_1e1_0_0,1783688371.16784,start,,,c6id.4xlarge
ip-172-31-18-189,1783683901,polars,1.42.1,,groupby,G1_1e8_1e1_0_0,1783688509.88428,finish,6,0,c6id.4xlarge
ip-172-31-18-189,1783683901,polars,1.42.1,,groupby,G1_1e8_2e0_0_0,1783688524.89935,start,,,c6id.4xlarge
ip-172-31-18-189,1783683901,polars,1.42.1,,groupby,G1_1e8_2e0_0_0,1783688777.75438,finish,6,0,c6id.4xlarge
ip-172-31-18-189,1783683901,polars,1.42.1,,groupby,G1_1e8_1e2_0_1,1783688792.76945,start,,,c6id.4xlarge
ip-172-31-18-189,1783683901,polars,1.42.1,,groupby,G1_1e8_1e2_0_1,1783688874.80863,finish,6,0,c6id.4xlarge
ip-172-31-18-189,1783683901,polars,1.42.1,,groupby,G1_1e8_1e2_5_0,1783688889.82372,start,,,c6id.4xlarge
ip-172-31-18-189,1783683901,polars,1.42.1,,groupby,G1_1e8_1e2_5_0,1783688992.21018,finish,6,0,c6id.4xlarge
ip-172-31-18-189,1783683901,polars,1.42.1,,join,J1_1e8_NA_0_0,1783689007.22525,start,,,c6id.4xlarge
ip-172-31-18-189,1783683901,polars,1.42.1,,join,J1_1e8_NA_0_0,1783689196.58357,finish,4,0,c6id.4xlarge
ip-172-31-18-189,1783683901,polars,1.42.1,,join,J1_1e8_NA_5_0,1783689211.59864,start,,,c6id.4xlarge
ip-172-31-18-189,1783683901,polars,1.42.1,,join,J1_1e8_NA_5_0,1783689410.15687,finish,4,0,c6id.4xlarge
ip-172-31-18-189,1783683901,polars,1.42.1,,join,J1_1e8_NA_0_1,1783689425.15921,start,,,c6id.4xlarge
ip-172-31-18-189,1783683901,polars,1.42.1,,join,J1_1e8_NA_0_1,1783689608.60637,finish,4,0,c6id.4xlarge
ip-172-31-18-189,1783683901,collapse,2.1.7,,groupby,G1_1e8_1e2_0_0,1783689623.62147,start,,,c6id.4xlarge
ip-172-31-18-189,1783683901,collapse,2.1.7,,groupby,G1_1e8_1e2_0_0,1783689754.51272,finish,0,0,c6id.4xlarge
ip-172-31-18-189,1783683901,collapse,2.1.7,,groupby,G1_1e8_1e1_0_0,1783689769.5278,start,,,c6id.4xlarge
ip-172-31-18-189,1783683901,collapse,2.1.7,,groupby,G1_1e8_1e1_0_0,1783690034.95525,finish,0,0,c6id.4xlarge
ip-172-31-18-189,1783683901,collapse,2.1.7,,groupby,G1_1e8_2e0_0_0,1783690049.97035,start,,,c6id.4xlarge
ip-172-31-18-189,1783683901,collapse,2.1.7,,groupby,G1_1e8_2e0_0_0,1783690705.87653,finish,0,0,c6id.4xlarge
ip-172-31-18-189,1783683901,collapse,2.1.7,,groupby,G1_1e8_1e2_0_1,1783690720.89163,start,,,c6id.4xlarge
ip-172-31-18-189,1783683901,collapse,2.1.7,,groupby,G1_1e8_1e2_0_1,1783690835.99166,finish,0,0,c6id.4xlarge
ip-172-31-18-189,1783683901,collapse,2.1.7,,groupby,G1_1e8_1e2_5_0,1783690851.00677,start,,,c6id.4xlarge
ip-172-31-18-189,1783683901,collapse,2.1.7,,groupby,G1_1e8_1e2_5_0,1783690983.00557,finish,0,0,c6id.4xlarge
ip-172-31-18-189,1783683901,collapse,2.1.7,,join,J1_1e8_NA_0_0,1783690998.02044,start,,,c6id.4xlarge
ip-172-31-18-189,1783683901,collapse,2.1.7,,join,J1_1e8_NA_0_0,1783692188.48057,finish,0,0,c6id.4xlarge
ip-172-31-18-189,1783683901,collapse,2.1.7,,join,J1_1e8_NA_5_0,1783692203.49563,start,,,c6id.4xlarge
ip-172-31-18-189,1783683901,collapse,2.1.7,,join,J1_1e8_NA_5_0,1783693325.17002,finish,0,0,c6id.4xlarge
ip-172-31-18-189,1783683901,collapse,2.1.7,,join,J1_1e8_NA_0_1,1783693340.18515,start,,,c6id.4xlarge
ip-172-31-18-189,1783683901,collapse,2.1.7,,join,J1_1e8_NA_0_1,1783694429.77182,finish,0,0,c6id.4xlarge
ip-172-31-18-189,1783766695,clickhouse,26.7.1.786,,groupby,G1_1e9_1e2_0_0,1783766697.98275,start,,,c6id.4xlarge
ip-172-31-18-189,1783766695,clickhouse,26.7.1.786,,groupby,G1_1e9_1e2_0_0,1783768240.4624,finish,0,0,c6id.4xlarge
ip-172-31-18-189,1783766695,clickhouse,26.7.1.786,,groupby,G1_1e9_1e1_0_0,1783768255.47747,start,,,c6id.4xlarge
ip-172-31-18-189,1783766695,clickhouse,26.7.1.786,,groupby,G1_1e9_1e1_0_0,1783770086.96415,finish,0,0,c6id.4xlarge
ip-172-31-18-189,1783766695,clickhouse,26.7.1.786,,groupby,G1_1e9_2e0_0_0,1783770101.9792,start,,,c6id.4xlarge
ip-172-31-18-189,1783766695,clickhouse,26.7.1.786,,groupby,G1_1e9_2e0_0_0,1783772060.36863,finish,0,0,c6id.4xlarge
ip-172-31-18-189,1783766695,clickhouse,26.7.1.786,,groupby,G1_1e9_1e2_0_1,1783772075.38372,start,,,c6id.4xlarge
ip-172-31-18-189,1783766695,clickhouse,26.7.1.786,,groupby,G1_1e9_1e2_0_1,1783773590.69893,finish,0,0,c6id.4xlarge
ip-172-31-18-189,1783766695,clickhouse,26.7.1.786,,groupby,G1_1e9_1e2_5_0,1783773605.71401,start,,,c6id.4xlarge
ip-172-31-18-189,1783766695,clickhouse,26.7.1.786,,groupby,G1_1e9_1e2_5_0,1783775252.11846,finish,0,0,c6id.4xlarge
ip-172-31-18-189,1783766695,clickhouse,26.7.1.786,,join,J1_1e9_NA_0_0,1783775267.13353,start,,,c6id.4xlarge
ip-172-31-18-189,1783766695,clickhouse,26.7.1.786,,join,J1_1e9_NA_0_0,1783776040.38179,finish,5,1,c6id.4xlarge
ip-172-31-18-189,1783766695,duckdb,1.5.4,08e34c447b,groupby,G1_1e9_1e2_0_0,1783776055.39686,start,,,c6id.4xlarge
ip-172-31-18-189,1783766695,duckdb,1.5.4,08e34c447b,groupby,G1_1e9_1e2_0_0,1783776331.29045,finish,14,1,c6id.4xlarge
ip-172-31-18-189,1783932982,duckdb,1.5.4,08e34c447b,groupby,G1_1e9_1e2_0_0,1783932985.19762,start,,,c6id.4xlarge
ip-172-31-18-189,1783932982,duckdb,1.5.4,08e34c447b,groupby,G1_1e9_1e2_0_0,1783934309.30752,finish,0,0,c6id.4xlarge
ip-172-31-18-189,1783932982,duckdb,1.5.4,08e34c447b,groupby,G1_1e9_1e1_0_0,1783934324.3226,start,,,c6id.4xlarge
ip-172-31-18-189,1783932982,duckdb,1.5.4,08e34c447b,groupby,G1_1e9_1e1_0_0,1783935733.94255,finish,0,0,c6id.4xlarge
ip-172-31-18-189,1783932982,duckdb,1.5.4,08e34c447b,groupby,G1_1e9_2e0_0_0,1783935748.95763,start,,,c6id.4xlarge
ip-172-31-18-189,1783932982,duckdb,1.5.4,08e34c447b,groupby,G1_1e9_2e0_0_0,1783937357.61446,finish,0,0,c6id.4xlarge
ip-172-31-18-189,1783932982,duckdb,1.5.4,08e34c447b,groupby,G1_1e9_1e2_0_1,1783937372.62953,start,,,c6id.4xlarge
ip-172-31-18-189,1783932982,duckdb,1.5.4,08e34c447b,groupby,G1_1e9_1e2_0_1,1783938634.59688,finish,0,0,c6id.4xlarge
ip-172-31-18-189,1783932982,duckdb,1.5.4,08e34c447b,groupby,G1_1e9_1e2_5_0,1783938649.59981,start,,,c6id.4xlarge
ip-172-31-18-189,1783932982,duckdb,1.5.4,08e34c447b,groupby,G1_1e9_1e2_5_0,1783940075.93761,finish,0,0,c6id.4xlarge
ip-172-31-18-189,1783932982,duckdb,1.5.4,08e34c447b,join,J1_1e9_NA_0_0,1783940090.95272,start,,,c6id.4xlarge
ip-172-31-18-189,1783932982,duckdb,1.5.4,08e34c447b,join,J1_1e9_NA_0_0,1783940903.02151,finish,4,1,c6id.4xlarge
ip-172-31-18-198,1783932761,clickhouse,26.7.1.847,,groupby,G1_1e7_1e2_0_0,1783932764.6124,start,,,c6id.metal
ip-172-31-18-198,1783932761,clickhouse,26.7.1.847,,groupby,G1_1e7_1e2_0_0,1783932914.70021,finish,0,0,c6id.metal
ip-172-31-18-198,1783932761,clickhouse,26.7.1.847,,groupby,G1_1e7_1e1_0_0,1783932929.71548,start,,,c6id.metal
ip-172-31-18-198,1783932761,clickhouse,26.7.1.847,,groupby,G1_1e7_1e1_0_0,1783933079.2682,finish,0,0,c6id.metal
ip-172-31-18-198,1783932761,clickhouse,26.7.1.847,,groupby,G1_1e7_2e0_0_0,1783933094.28347,start,,,c6id.metal
ip-172-31-18-198,1783932761,clickhouse,26.7.1.847,,groupby,G1_1e7_2e0_0_0,1783933244.13455,finish,0,0,c6id.metal
ip-172-31-18-198,1783932761,clickhouse,26.7.1.847,,groupby,G1_1e7_1e2_0_1,1783933259.14981,start,,,c6id.metal
ip-172-31-18-198,1783932761,clickhouse,26.7.1.847,,groupby,G1_1e7_1e2_0_1,1783933409.06994,finish,0,0,c6id.metal
ip-172-31-18-198,1783932761,clickhouse,26.7.1.847,,groupby,G1_1e7_1e2_5_0,1783933424.08519,start,,,c6id.metal
ip-172-31-18-198,1783932761,clickhouse,26.7.1.847,,groupby,G1_1e7_1e2_5_0,1783933575.13096,finish,0,0,c6id.metal
ip-172-31-18-198,1783932761,clickhouse,26.7.1.847,,join,J1_1e7_NA_0_0,1783933590.14619,start,,,c6id.metal
ip-172-31-18-198,1783932761,clickhouse,26.7.1.847,,join,J1_1e7_NA_0_0,1783933741.25807,finish,0,0,c6id.metal
ip-172-31-18-198,1783932761,clickhouse,26.7.1.847,,join,J1_1e7_NA_5_0,1783933756.26158,start,,,c6id.metal
ip-172-31-18-198,1783932761,clickhouse,26.7.1.847,,join,J1_1e7_NA_5_0,1783933906.90599,finish,0,0,c6id.metal
ip-172-31-18-198,1783932761,clickhouse,26.7.1.847,,join,J1_1e7_NA_0_1,1783933921.92122,start,,,c6id.metal
ip-172-31-18-198,1783932761,clickhouse,26.7.1.847,,join,J1_1e7_NA_0_1,1783934071.81503,finish,0,0,c6id.metal
ip-172-31-18-198,1783932761,duckdb,1.5.4,08e34c447b,groupby,G1_1e7_1e2_0_0,1783934086.83028,start,,,c6id.metal
ip-172-31-18-198,1783932761,duckdb,1.5.4,08e34c447b,groupby,G1_1e7_1e2_0_0,1783934389.3233,finish,0,0,c6id.metal
ip-172-31-18-198,1783932761,duckdb,1.5.4,08e34c447b,groupby,G1_1e7_1e1_0_0,1783934404.33857,start,,,c6id.metal
ip-172-31-18-198,1783932761,duckdb,1.5.4,08e34c447b,groupby,G1_1e7_1e1_0_0,1783934707.81846,finish,0,0,c6id.metal
ip-172-31-18-198,1783932761,duckdb,1.5.4,08e34c447b,groupby,G1_1e7_2e0_0_0,1783934722.83362,start,,,c6id.metal
ip-172-31-18-198,1783932761,duckdb,1.5.4,08e34c447b,groupby,G1_1e7_2e0_0_0,1783935026.09808,finish,0,0,c6id.metal
ip-172-31-18-198,1783932761,duckdb,1.5.4,08e34c447b,groupby,G1_1e7_1e2_0_1,1783935041.11355,start,,,c6id.metal
ip-172-31-18-198,1783932761,duckdb,1.5.4,08e34c447b,groupby,G1_1e7_1e2_0_1,1783935343.48503,finish,0,0,c6id.metal
ip-172-31-18-198,1783932761,duckdb,1.5.4,08e34c447b,groupby,G1_1e7_1e2_5_0,1783935358.50016,start,,,c6id.metal
ip-172-31-18-198,1783932761,duckdb,1.5.4,08e34c447b,groupby,G1_1e7_1e2_5_0,1783935661.33401,finish,0,0,c6id.metal
ip-172-31-18-198,1783932761,duckdb,1.5.4,08e34c447b,join,J1_1e7_NA_0_0,1783935676.34913,start,,,c6id.metal
ip-172-31-18-198,1783932761,duckdb,1.5.4,08e34c447b,join,J1_1e7_NA_0_0,1783935680.19383,finish,0,0,c6id.metal
ip-172-31-18-198,1783932761,duckdb,1.5.4,08e34c447b,join,J1_1e7_NA_5_0,1783935695.2056,start,,,c6id.metal
ip-172-31-18-198,1783932761,duckdb,1.5.4,08e34c447b,join,J1_1e7_NA_5_0,1783935699.06123,finish,0,0,c6id.metal
ip-172-31-18-198,1783932761,duckdb,1.5.4,08e34c447b,join,J1_1e7_NA_0_1,1783935714.0766,start,,,c6id.metal
ip-172-31-18-198,1783932761,duckdb,1.5.4,08e34c447b,join,J1_1e7_NA_0_1,1783935717.63731,finish,0,0,c6id.metal
ip-172-31-18-198,1783932761,polars,1.42.1,,groupby,G1_1e7_1e2_0_0,1783935732.65248,start,,,c6id.metal
ip-172-31-18-198,1783932761,polars,1.42.1,,groupby,G1_1e7_1e2_0_0,1783935738.44728,finish,6,0,c6id.metal
ip-172-31-18-198,1783932761,polars,1.42.1,,groupby,G1_1e7_1e1_0_0,1783935753.46257,start,,,c6id.metal
ip-172-31-18-198,1783932761,polars,1.42.1,,groupby,G1_1e7_1e1_0_0,1783935763.85455,finish,6,0,c6id.metal
ip-172-31-18-198,1783932761,polars,1.42.1,,groupby,G1_1e7_2e0_0_0,1783935778.86967,start,,,c6id.metal
ip-172-31-18-198,1783932761,polars,1.42.1,,groupby,G1_1e7_2e0_0_0,1783935800.58811,finish,6,0,c6id.metal
ip-172-31-18-198,1783932761,polars,1.42.1,,groupby,G1_1e7_1e2_0_1,1783935815.60344,start,,,c6id.metal
ip-172-31-18-198,1783932761,polars,1.42.1,,groupby,G1_1e7_1e2_0_1,1783935821.31096,finish,6,0,c6id.metal
ip-172-31-18-198,1783932761,polars,1.42.1,,groupby,G1_1e7_1e2_5_0,1783935836.32623,start,,,c6id.metal
ip-172-31-18-198,1783932761,polars,1.42.1,,groupby,G1_1e7_1e2_5_0,1783935843.21119,finish,6,0,c6id.metal
ip-172-31-18-198,1783932761,polars,1.42.1,,join,J1_1e7_NA_0_0,1783935858.22157,start,,,c6id.metal
ip-172-31-18-198,1783932761,polars,1.42.1,,join,J1_1e7_NA_0_0,1783935871.77353,finish,4,0,c6id.metal
ip-172-31-18-198,1783932761,polars,1.42.1,,join,J1_1e7_NA_5_0,1783935886.78881,start,,,c6id.metal
ip-172-31-18-198,1783932761,polars,1.42.1,,join,J1_1e7_NA_5_0,1783935902.28221,finish,4,0,c6id.metal
ip-172-31-18-198,1783932761,polars,1.42.1,,join,J1_1e7_NA_0_1,1783935917.29753,start,,,c6id.metal
ip-172-31-18-198,1783932761,polars,1.42.1,,join,J1_1e7_NA_0_1,1783935930.66945,finish,4,0,c6id.metal
ip-172-31-18-198,1783932761,datafusion,54.0.0,,groupby,G1_1e7_1e2_0_0,1783935945.68472,start,,,c6id.metal
ip-172-31-18-198,1783932761,datafusion,54.0.0,,groupby,G1_1e7_1e2_0_0,1783935948.29485,finish,0,0,c6id.metal
ip-172-31-18-198,1783932761,datafusion,54.0.0,,groupby,G1_1e7_1e1_0_0,1783935963.31014,start,,,c6id.metal
ip-172-31-18-198,1783932761,datafusion,54.0.0,,groupby,G1_1e7_1e1_0_0,1783935966.89638,finish,0,0,c6id.metal
ip-172-31-18-198,1783932761,datafusion,54.0.0,,groupby,G1_1e7_2e0_0_0,1783935981.91152,start,,,c6id.metal
ip-172-31-18-198,1783932761,datafusion,54.0.0,,groupby,G1_1e7_2e0_0_0,1783935987.2671,finish,0,0,c6id.metal
ip-172-31-18-198,1783932761,datafusion,54.0.0,,groupby,G1_1e7_1e2_0_1,1783936002.28224,start,,,c6id.metal
ip-172-31-18-198,1783932761,datafusion,54.0.0,,groupby,G1_1e7_1e2_0_1,1783936005.38085,finish,0,0,c6id.metal
ip-172-31-18-198,1783932761,datafusion,54.0.0,,groupby,G1_1e7_1e2_5_0,1783936020.39612,start,,,c6id.metal
ip-172-31-18-198,1783932761,datafusion,54.0.0,,groupby,G1_1e7_1e2_5_0,1783936023.29833,finish,0,0,c6id.metal
ip-172-31-18-198,1783932761,datafusion,54.0.0,,join,J1_1e7_NA_0_0,1783936038.31357,start,,,c6id.metal
ip-172-31-18-198,1783932761,datafusion,54.0.0,,join,J1_1e7_NA_0_0,1783936041.50508,finish,0,0,c6id.metal
ip-172-31-18-198,1783932761,datafusion,54.0.0,,join,J1_1e7_NA_5_0,1783936056.52021,start,,,c6id.metal
ip-172-31-18-198,1783932761,datafusion,54.0.0,,join,J1_1e7_NA_5_0,1783936059.71362,finish,0,0,c6id.metal
ip-172-31-18-198,1783932761,datafusion,54.0.0,,join,J1_1e7_NA_0_1,1783936074.72889,start,,,c6id.metal
ip-172-31-18-198,1783932761,datafusion,54.0.0,,join,J1_1e7_NA_0_1,1783936077.91845,finish,0,0,c6id.metal
ip-172-31-18-198,1783932761,collapse,2.1.7,,groupby,G1_1e7_1e2_0_0,1783936092.9337,start,,,c6id.metal
ip-172-31-18-198,1783932761,collapse,2.1.7,,groupby,G1_1e7_1e2_0_0,1783936103.33825,finish,0,0,c6id.metal
ip-172-31-18-198,1783932761,collapse,2.1.7,,groupby,G1_1e7_1e1_0_0,1783936118.35356,start,,,c6id.metal
ip-172-31-18-198,1783932761,collapse,2.1.7,,groupby,G1_1e7_1e1_0_0,1783936138.5706,finish,0,0,c6id.metal
ip-172-31-18-198,1783932761,collapse,2.1.7,,groupby,G1_1e7_2e0_0_0,1783936153.58585,start,,,c6id.metal
ip-172-31-18-198,1783932761,collapse,2.1.7,,groupby,G1_1e7_2e0_0_0,1783936216.61207,finish,0,0,c6id.metal
ip-172-31-18-198,1783932761,collapse,2.1.7,,groupby,G1_1e7_1e2_0_1,1783936231.62737,start,,,c6id.metal
ip-172-31-18-198,1783932761,collapse,2.1.7,,groupby,G1_1e7_1e2_0_1,1783936240.90551,finish,0,0,c6id.metal
ip-172-31-18-198,1783932761,collapse,2.1.7,,groupby,G1_1e7_1e2_5_0,1783936255.92077,start,,,c6id.metal
ip-172-31-18-198,1783932761,collapse,2.1.7,,groupby,G1_1e7_1e2_5_0,1783936266.99982,finish,0,0,c6id.metal
ip-172-31-18-198,1783932761,collapse,2.1.7,,join,J1_1e7_NA_0_0,1783936282.01506,start,,,c6id.metal
ip-172-31-18-198,1783932761,collapse,2.1.7,,join,J1_1e7_NA_0_0,1783936397.88085,finish,0,0,c6id.metal
ip-172-31-18-198,1783932761,collapse,2.1.7,,join,J1_1e7_NA_5_0,1783936412.89614,start,,,c6id.metal
ip-172-31-18-198,1783932761,collapse,2.1.7,,join,J1_1e7_NA_5_0,1783936520.13586,finish,0,0,c6id.metal
ip-172-31-18-198,1783932761,collapse,2.1.7,,join,J1_1e7_NA_0_1,1783936535.15114,start,,,c6id.metal
ip-172-31-18-198,1783932761,collapse,2.1.7,,join,J1_1e7_NA_0_1,1783936638.99105,finish,0,0,c6id.metal
ip-172-31-18-198,1783932761,spark,4.1.2,,groupby,G1_1e7_1e2_0_0,1783936654.00636,start,,,c6id.metal
ip-172-31-18-198,1783932761,spark,4.1.2,,groupby,G1_1e7_1e2_0_0,1783936654.3851,finish,19,1,c6id.metal
ip-172-31-18-198,1783932761,spark,4.1.2,,groupby,G1_1e7_1e1_0_0,1783936669.40036,start,,,c6id.metal
ip-172-31-18-198,1783932761,spark,4.1.2,,groupby,G1_1e7_1e1_0_0,1783936669.77806,finish,19,1,c6id.metal
ip-172-31-18-198,1783932761,spark,4.1.2,,groupby,G1_1e7_2e0_0_0,1783936684.79333,start,,,c6id.metal
ip-172-31-18-198,1783932761,spark,4.1.2,,groupby,G1_1e7_2e0_0_0,1783936685.17034,finish,19,1,c6id.metal
ip-172-31-18-198,1783932761,spark,4.1.2,,groupby,G1_1e7_1e2_0_1,1783936700.18559,start,,,c6id.metal
ip-172-31-18-198,1783932761,spark,4.1.2,,groupby,G1_1e7_1e2_0_1,1783936700.56087,finish,19,1,c6id.metal
ip-172-31-18-198,1783932761,spark,4.1.2,,groupby,G1_1e7_1e2_5_0,1783936715.57612,start,,,c6id.metal
ip-172-31-18-198,1783932761,spark,4.1.2,,groupby,G1_1e7_1e2_5_0,1783936715.95274,finish,19,1,c6id.metal
ip-172-31-18-198,1783932761,spark,4.1.2,,join,J1_1e7_NA_0_0,1783936730.968,start,,,c6id.metal
ip-172-31-18-198,1783932761,spark,4.1.2,,join,J1_1e7_NA_0_0,1783936731.34348,finish,19,1,c6id.metal
ip-172-31-18-198,1783932761,spark,4.1.2,,join,J1_1e7_NA_5_0,1783936746.35876,start,,,c6id.metal
ip-172-31-18-198,1783932761,spark,4.1.2,,join,J1_1e7_NA_5_0,1783936746.7358,finish,19,1,c6id.metal
ip-172-31-18-198,1783932761,spark,4.1.2,,join,J1_1e7_NA_0_1,1783936761.75104,start,,,c6id.metal
ip-172-31-18-198,1783932761,spark,4.1.2,,join,J1_1e7_NA_0_1,1783936762.12423,finish,19,1,c6id.metal
ip-172-31-18-198,1783932761,juliads,0.7.24, ,groupby,G1_1e7_1e2_0_0,1783936777.13949,start,,,c6id.metal
ip-172-31-18-198,1783932761,juliads,0.7.24, ,groupby,G1_1e7_1e2_0_0,1783936872.80427,finish,0,0,c6id.metal
ip-172-31-18-198,1783932761,juliads,0.7.24, ,groupby,G1_1e7_1e1_0_0,1783936887.81983,start,,,c6id.metal
ip-172-31-18-198,1783932761,juliads,0.7.24, ,groupby,G1_1e7_1e1_0_0,1783936986.38306,finish,0,0,c6id.metal
ip-172-31-18-198,1783932761,juliads,0.7.24, ,groupby,G1_1e7_2e0_0_0,1783937001.39835,start,,,c6id.metal
ip-172-31-18-198,1783932761,juliads,0.7.24, ,groupby,G1_1e7_2e0_0_0,1783937100.67815,finish,0,0,c6id.metal
ip-172-31-18-198,1783932761,juliads,0.7.24, ,groupby,G1_1e7_1e2_0_1,1783937115.69346,start,,,c6id.metal
ip-172-31-18-198,1783932761,juliads,0.7.24, ,groupby,G1_1e7_1e2_0_1,1783937210.88374,finish,0,0,c6id.metal
ip-172-31-18-198,1783932761,juliads,0.7.24, ,groupby,G1_1e7_1e2_5_0,1783937225.89899,start,,,c6id.metal
ip-172-31-18-198,1783932761,juliads,0.7.24, ,groupby,G1_1e7_1e2_5_0,1783937321.90945,finish,0,0,c6id.metal
ip-172-31-18-198,1783932761,juliads,0.7.24, ,join,J1_1e7_NA_0_0,1783937336.92469,start,,,c6id.metal
ip-172-31-18-198,1783932761,juliads,0.7.24, ,join,J1_1e7_NA_0_0,1783937490.25584,finish,0,0,c6id.metal
ip-172-31-18-198,1783932761,juliads,0.7.24, ,join,J1_1e7_NA_5_0,1783937505.27093,start,,,c6id.metal
ip-172-31-18-198,1783932761,juliads,0.7.24, ,join,J1_1e7_NA_5_0,1783937661.82381,finish,0,0,c6id.metal
ip-172-31-18-198,1783932761,juliads,0.7.24, ,join,J1_1e7_NA_0_1,1783937676.83906,start,,,c6id.metal
ip-172-31-18-198,1783932761,juliads,0.7.24, ,join,J1_1e7_NA_0_1,1783937831.41923,finish,0,0,c6id.metal
ip-172-31-18-198,1783932761,juliadf,1.8.2,5fab31e2e01e70ad66e3e24c968c264d1cf166d6,groupby,G1_1e7_1e2_0_0,1783937846.43436,start,,,c6id.metal
ip-172-31-18-198,1783932761,juliadf,1.8.2,5fab31e2e01e70ad66e3e24c968c264d1cf166d6,groupby,G1_1e7_1e2_0_0,1783937877.33597,finish,0,0,c6id.metal
ip-172-31-18-198,1783932761,juliadf,1.8.2,5fab31e2e01e70ad66e3e24c968c264d1cf166d6,groupby,G1_1e7_1e1_0_0,1783937892.35124,start,,,c6id.metal
ip-172-31-18-198,1783932761,juliadf,1.8.2,5fab31e2e01e70ad66e3e24c968c264d1cf166d6,groupby,G1_1e7_1e1_0_0,1783937925.20035,finish,0,0,c6id.metal
ip-172-31-18-198,1783932761,juliadf,1.8.2,5fab31e2e01e70ad66e3e24c968c264d1cf166d6,groupby,G1_1e7_2e0_0_0,1783937940.21545,start,,,c6id.metal
ip-172-31-18-198,1783932761,juliadf,1.8.2,5fab31e2e01e70ad66e3e24c968c264d1cf166d6,groupby,G1_1e7_2e0_0_0,1783937977.27147,finish,0,0,c6id.metal
ip-172-31-18-198,1783932761,juliadf,1.8.2,5fab31e2e01e70ad66e3e24c968c264d1cf166d6,groupby,G1_1e7_1e2_0_1,1783937992.27659,start,,,c6id.metal
ip-172-31-18-198,1783932761,juliadf,1.8.2,5fab31e2e01e70ad66e3e24c968c264d1cf166d6,groupby,G1_1e7_1e2_0_1,1783938022.69493,finish,0,0,c6id.metal
ip-172-31-18-198,1783932761,juliadf,1.8.2,5fab31e2e01e70ad66e3e24c968c264d1cf166d6,groupby,G1_1e7_1e2_5_0,1783938037.71016,start,,,c6id.metal
ip-172-31-18-198,1783932761,juliadf,1.8.2,5fab31e2e01e70ad66e3e24c968c264d1cf166d6,groupby,G1_1e7_1e2_5_0,1783938072.21427,finish,0,0,c6id.metal
ip-172-31-18-198,1783932761,juliadf,1.8.2,5fab31e2e01e70ad66e3e24c968c264d1cf166d6,join,J1_1e7_NA_0_0,1783938087.22938,start,,,c6id.metal
ip-172-31-18-198,1783932761,juliadf,1.8.2,5fab31e2e01e70ad66e3e24c968c264d1cf166d6,join,J1_1e7_NA_0_0,1783938124.21815,finish,0,0,c6id.metal
ip-172-31-18-198,1783932761,juliadf,1.8.2,5fab31e2e01e70ad66e3e24c968c264d1cf166d6,join,J1_1e7_NA_5_0,1783938139.23347,start,,,c6id.metal
ip-172-31-18-198,1783932761,juliadf,1.8.2,5fab31e2e01e70ad66e3e24c968c264d1cf166d6,join,J1_1e7_NA_5_0,1783938179.48427,finish,0,0,c6id.metal
ip-172-31-18-198,1783932761,juliadf,1.8.2,5fab31e2e01e70ad66e3e24c968c264d1cf166d6,join,J1_1e7_NA_0_1,1783938194.49956,start,,,c6id.metal
ip-172-31-18-198,1783932761,juliadf,1.8.2,5fab31e2e01e70ad66e3e24c968c264d1cf166d6,join,J1_1e7_NA_0_1,1783938231.03069,finish,0,0,c6id.metal
ip-172-31-18-198,1783932761,R-arrow,24.0.0,,groupby,G1_1e7_1e2_0_0,1783938246.04595,start,,,c6id.metal
ip-172-31-18-198,1783932761,R-arrow,24.0.0,,groupby,G1_1e7_1e2_0_0,1783938271.6969,finish,3,0,c6id.metal
ip-172-31-18-198,1783932761,R-arrow,24.0.0,,groupby,G1_1e7_1e1_0_0,1783938286.71221,start,,,c6id.metal
ip-172-31-18-198,1783932761,R-arrow,24.0.0,,groupby,G1_1e7_1e1_0_0,1783938295.87902,finish,3,0,c6id.metal
ip-172-31-18-198,1783932761,R-arrow,24.0.0,,groupby,G1_1e7_2e0_0_0,1783938310.89428,start,,,c6id.metal
ip-172-31-18-198,1783932761,R-arrow,24.0.0,,groupby,G1_1e7_2e0_0_0,1783938324.66505,finish,3,0,c6id.metal
ip-172-31-18-198,1783932761,R-arrow,24.0.0,,groupby,G1_1e7_1e2_0_1,1783938339.68019,start,,,c6id.metal
ip-172-31-18-198,1783932761,R-arrow,24.0.0,,groupby,G1_1e7_1e2_0_1,1783938363.28181,finish,3,0,c6id.metal
ip-172-31-18-198,1783932761,R-arrow,24.0.0,,groupby,G1_1e7_1e2_5_0,1783938378.29695,start,,,c6id.metal
ip-172-31-18-198,1783932761,R-arrow,24.0.0,,groupby,G1_1e7_1e2_5_0,1783938400.27352,finish,3,0,c6id.metal
ip-172-31-18-198,1783932761,R-arrow,24.0.0,,join,J1_1e7_NA_0_0,1783938415.27643,start,,,c6id.metal
ip-172-31-18-198,1783932761,R-arrow,24.0.0,,join,J1_1e7_NA_0_0,1783938420.19278,finish,0,0,c6id.metal
ip-172-31-18-198,1783932761,R-arrow,24.0.0,,join,J1_1e7_NA_5_0,1783938435.20804,start,,,c6id.metal
ip-172-31-18-198,1783932761,R-arrow,24.0.0,,join,J1_1e7_NA_5_0,1783938440.02818,finish,0,0,c6id.metal
ip-172-31-18-198,1783932761,R-arrow,24.0.0,,join,J1_1e7_NA_0_1,1783938455.0433,start,,,c6id.metal
ip-172-31-18-198,1783932761,R-arrow,24.0.0,,join,J1_1e7_NA_0_1,1783938459.93885,finish,0,0,c6id.metal
ip-172-31-18-198,1783932761,haskell,2.2.0.0,dataframe-2.2.0.0,groupby,G1_1e7_1e2_0_0,1783938474.95412,start,,,c6id.metal
ip-172-31-18-198,1783932761,haskell,2.2.0.0,dataframe-2.2.0.0,groupby,G1_1e7_1e2_0_0,1783938482.99949,finish,23,1,c6id.metal
ip-172-31-18-198,1783932761,haskell,2.2.0.0,dataframe-2.2.0.0,groupby,G1_1e7_1e1_0_0,1783938498.01478,start,,,c6id.metal
ip-172-31-18-198,1783932761,haskell,2.2.0.0,dataframe-2.2.0.0,groupby,G1_1e7_1e1_0_0,1783938506.25219,finish,19,1,c6id.metal
ip-172-31-18-198,1783932761,haskell,2.2.0.0,dataframe-2.2.0.0,groupby,G1_1e7_2e0_0_0,1783938521.26757,start,,,c6id.metal
ip-172-31-18-198,1783932761,haskell,2.2.0.0,dataframe-2.2.0.0,groupby,G1_1e7_2e0_0_0,1783938529.36133,finish,19,1,c6id.metal
ip-172-31-18-198,1783932761,haskell,2.2.0.0,dataframe-2.2.0.0,groupby,G1_1e7_1e2_0_1,1783938544.37662,start,,,c6id.metal
ip-172-31-18-198,1783932761,haskell,2.2.0.0,dataframe-2.2.0.0,groupby,G1_1e7_1e2_0_1,1783938552.4925,finish,19,1,c6id.metal
ip-172-31-18-198,1783932761,haskell,2.2.0.0,dataframe-2.2.0.0,groupby,G1_1e7_1e2_5_0,1783938567.50765,start,,,c6id.metal
ip-172-31-18-198,1783932761,haskell,2.2.0.0,dataframe-2.2.0.0,groupby,G1_1e7_1e2_5_0,1783938575.40927,finish,19,1,c6id.metal
ip-172-31-18-198,1783932761,haskell,2.2.0.0,dataframe-2.2.0.0,join,J1_1e7_NA_5_0,1783938590.42455,start,,,c6id.metal
ip-172-31-18-198,1783932761,haskell,2.2.0.0,dataframe-2.2.0.0,join,J1_1e7_NA_5_0,1783938598.52097,finish,19,1,c6id.metal
ip-172-31-18-198,1783932761,haskell,2.2.0.0,dataframe-2.2.0.0,join,J1_1e7_NA_0_1,1783938613.53624,start,,,c6id.metal
ip-172-31-18-198,1783932761,haskell,2.2.0.0,dataframe-2.2.0.0,join,J1_1e7_NA_0_1,1783938621.55567,finish,19,1,c6id.metal
ip-172-31-18-198,1783946249,haskell,2.2.0.0,dataframe-2.2.0.0,groupby,G1_1e7_1e2_0_0,1783946250.35772,start,,,c6id.metal
ip-172-31-18-198,1783946249,haskell,2.2.0.0,dataframe-2.2.0.0,groupby,G1_1e7_1e2_0_0,1783946279.91631,finish,7,0,c6id.metal
ip-172-31-18-198,1783946249,haskell,2.2.0.0,dataframe-2.2.0.0,groupby,G1_1e7_1e1_0_0,1783946294.92564,start,,,c6id.metal
ip-172-31-18-198,1783946249,haskell,2.2.0.0,dataframe-2.2.0.0,groupby,G1_1e7_1e1_0_0,1783946324.67551,finish,7,0,c6id.metal
ip-172-31-18-198,1783946249,haskell,2.2.0.0,dataframe-2.2.0.0,groupby,G1_1e7_2e0_0_0,1783946339.69078,start,,,c6id.metal
ip-172-31-18-198,1783946249,haskell,2.2.0.0,dataframe-2.2.0.0,groupby,G1_1e7_2e0_0_0,1783946379.08334,finish,7,0,c6id.metal
ip-172-31-18-198,1783946249,haskell,2.2.0.0,dataframe-2.2.0.0,groupby,G1_1e7_1e2_0_1,1783946394.09858,start,,,c6id.metal
ip-172-31-18-198,1783946249,haskell,2.2.0.0,dataframe-2.2.0.0,groupby,G1_1e7_1e2_0_1,1783946420.79879,finish,11,0,c6id.metal
ip-172-31-18-198,1783946249,haskell,2.2.0.0,dataframe-2.2.0.0,groupby,G1_1e7_1e2_5_0,1783946435.81405,start,,,c6id.metal
ip-172-31-18-198,1783946249,haskell,2.2.0.0,dataframe-2.2.0.0,groupby,G1_1e7_1e2_5_0,1783946436.39185,finish,8,0,c6id.metal
ip-172-31-18-198,1783946249,haskell,2.2.0.0,dataframe-2.2.0.0,join,J1_1e7_NA_5_0,1783946451.40696,start,,,c6id.metal
ip-172-31-18-198,1783946249,haskell,2.2.0.0,dataframe-2.2.0.0,join,J1_1e7_NA_5_0,1783946629.38374,finish,7,0,c6id.metal
ip-172-31-18-198,1783946249,haskell,2.2.0.0,dataframe-2.2.0.0,join,J1_1e7_NA_0_1,1783946644.39898,start,,,c6id.metal
ip-172-31-18-198,1783946249,haskell,2.2.0.0,dataframe-2.2.0.0,join,J1_1e7_NA_0_1,1783946836.08195,finish,7,0,c6id.metal
ip-172-31-18-198,1783949461,clickhouse,26.7.1.847,,groupby,G1_1e8_1e2_0_0,1783949464.68591,start,,,c6id.metal
ip-172-31-18-198,1783949461,clickhouse,26.7.1.847,,groupby,G1_1e8_1e2_0_0,1783949636.19617,finish,0,0,c6id.metal
ip-172-31-18-198,1783949461,clickhouse,26.7.1.847,,groupby,G1_1e8_1e1_0_0,1783949651.21145,start,,,c6id.metal
ip-172-31-18-198,1783949461,clickhouse,26.7.1.847,,groupby,G1_1e8_1e1_0_0,1783949822.62991,finish,0,0,c6id.metal
ip-172-31-18-198,1783949461,clickhouse,26.7.1.847,,groupby,G1_1e8_2e0_0_0,1783949837.64514,start,,,c6id.metal
ip-172-31-18-198,1783949461,clickhouse,26.7.1.847,,groupby,G1_1e8_2e0_0_0,1783950011.99147,finish,0,0,c6id.metal
ip-172-31-18-198,1783949461,clickhouse,26.7.1.847,,groupby,G1_1e8_1e2_0_1,1783950027.00676,start,,,c6id.metal
ip-172-31-18-198,1783949461,clickhouse,26.7.1.847,,groupby,G1_1e8_1e2_0_1,1783950199.08361,finish,0,0,c6id.metal
ip-172-31-18-198,1783949461,clickhouse,26.7.1.847,,groupby,G1_1e8_1e2_5_0,1783950214.09869,start,,,c6id.metal
ip-172-31-18-198,1783949461,clickhouse,26.7.1.847,,groupby,G1_1e8_1e2_5_0,1783950388.42001,finish,0,0,c6id.metal
ip-172-31-18-198,1783949461,clickhouse,26.7.1.847,,join,J1_1e8_NA_0_0,1783950403.43526,start,,,c6id.metal
ip-172-31-18-198,1783949461,clickhouse,26.7.1.847,,join,J1_1e8_NA_0_0,1783950602.10851,finish,0,0,c6id.metal
ip-172-31-18-198,1783949461,clickhouse,26.7.1.847,,join,J1_1e8_NA_5_0,1783950617.12376,start,,,c6id.metal
ip-172-31-18-198,1783949461,clickhouse,26.7.1.847,,join,J1_1e8_NA_5_0,1783950820.18045,finish,0,0,c6id.metal
ip-172-31-18-198,1783949461,clickhouse,26.7.1.847,,join,J1_1e8_NA_0_1,1783950835.19572,start,,,c6id.metal
ip-172-31-18-198,1783949461,clickhouse,26.7.1.847,,join,J1_1e8_NA_0_1,1783951049.41709,finish,0,0,c6id.metal
ip-172-31-18-198,1783949461,duckdb,1.5.4,08e34c447b,groupby,G1_1e8_1e2_0_0,1783951064.4325,start,,,c6id.metal
ip-172-31-18-198,1783949461,duckdb,1.5.4,08e34c447b,groupby,G1_1e8_1e2_0_0,1783951081.69431,finish,0,0,c6id.metal
ip-172-31-18-198,1783949461,duckdb,1.5.4,08e34c447b,groupby,G1_1e8_1e1_0_0,1783951096.70946,start,,,c6id.metal
ip-172-31-18-198,1783949461,duckdb,1.5.4,08e34c447b,groupby,G1_1e8_1e1_0_0,1783951121.22306,finish,0,0,c6id.metal
ip-172-31-18-198,1783949461,duckdb,1.5.4,08e34c447b,groupby,G1_1e8_2e0_0_0,1783951136.23821,start,,,c6id.metal
ip-172-31-18-198,1783949461,duckdb,1.5.4,08e34c447b,groupby,G1_1e8_2e0_0_0,1783951160.41637,finish,0,0,c6id.metal
ip-172-31-18-198,1783949461,duckdb,1.5.4,08e34c447b,groupby,G1_1e8_1e2_0_1,1783951175.43225,start,,,c6id.metal
ip-172-31-18-198,1783949461,duckdb,1.5.4,08e34c447b,groupby,G1_1e8_1e2_0_1,1783951191.99195,finish,0,0,c6id.metal
ip-172-31-18-198,1783949461,duckdb,1.5.4,08e34c447b,groupby,G1_1e8_1e2_5_0,1783951207.00711,start,,,c6id.metal
ip-172-31-18-198,1783949461,duckdb,1.5.4,08e34c447b,groupby,G1_1e8_1e2_5_0,1783951224.95179,finish,0,0,c6id.metal
ip-172-31-18-198,1783949461,duckdb,1.5.4,08e34c447b,join,J1_1e8_NA_0_0,1783951239.96695,start,,,c6id.metal
ip-172-31-18-198,1783949461,duckdb,1.5.4,08e34c447b,join,J1_1e8_NA_0_0,1783951285.78752,finish,0,0,c6id.metal
ip-172-31-18-198,1783949461,duckdb,1.5.4,08e34c447b,join,J1_1e8_NA_5_0,1783951300.80268,start,,,c6id.metal
ip-172-31-18-198,1783949461,duckdb,1.5.4,08e34c447b,join,J1_1e8_NA_5_0,1783951347.17433,finish,0,0,c6id.metal
ip-172-31-18-198,1783949461,duckdb,1.5.4,08e34c447b,join,J1_1e8_NA_0_1,1783951362.1896,start,,,c6id.metal
ip-172-31-18-198,1783949461,duckdb,1.5.4,08e34c447b,join,J1_1e8_NA_0_1,1783951400.41375,finish,0,0,c6id.metal
ip-172-31-18-198,1783949461,polars,1.42.1,,groupby,G1_1e8_1e2_0_0,1783951415.42891,start,,,c6id.metal
ip-172-31-18-198,1783949461,polars,1.42.1,,groupby,G1_1e8_1e2_0_0,1783951505.80912,finish,6,0,c6id.metal
ip-172-31-18-198,1783949461,polars,1.42.1,,groupby,G1_1e8_1e1_0_0,1783951520.82426,start,,,c6id.metal
ip-172-31-18-198,1783949461,polars,1.42.1,,groupby,G1_1e8_1e1_0_0,1783951647.86304,finish,6,0,c6id.metal
ip-172-31-18-198,1783949461,polars,1.42.1,,groupby,G1_1e8_2e0_0_0,1783951662.87835,start,,,c6id.metal
ip-172-31-18-198,1783949461,polars,1.42.1,,groupby,G1_1e8_2e0_0_0,1783951900.31831,finish,6,0,c6id.metal
ip-172-31-18-198,1783949461,polars,1.42.1,,groupby,G1_1e8_1e2_0_1,1783951915.33357,start,,,c6id.metal
ip-172-31-18-198,1783949461,polars,1.42.1,,groupby,G1_1e8_1e2_0_1,1783951992.75083,finish,6,0,c6id.metal
ip-172-31-18-198,1783949461,polars,1.42.1,,groupby,G1_1e8_1e2_5_0,1783952007.76519,start,,,c6id.metal
ip-172-31-18-198,1783949461,polars,1.42.1,,groupby,G1_1e8_1e2_5_0,1783952098.80298,finish,6,0,c6id.metal
ip-172-31-18-198,1783949461,polars,1.42.1,,join,J1_1e8_NA_0_0,1783952113.81808,start,,,c6id.metal
ip-172-31-18-198,1783949461,polars,1.42.1,,join,J1_1e8_NA_0_0,1783952296.60067,finish,4,0,c6id.metal
ip-172-31-18-198,1783949461,polars,1.42.1,,join,J1_1e8_NA_5_0,1783952311.61595,start,,,c6id.metal
ip-172-31-18-198,1783949461,polars,1.42.1,,join,J1_1e8_NA_5_0,1783952483.52498,finish,4,0,c6id.metal
ip-172-31-18-198,1783949461,polars,1.42.1,,join,J1_1e8_NA_0_1,1783952498.54023,start,,,c6id.metal
ip-172-31-18-198,1783949461,polars,1.42.1,,join,J1_1e8_NA_0_1,1783952660.27303,finish,4,0,c6id.metal
ip-172-31-18-198,1783949461,datafusion,54.0.0,,groupby,G1_1e8_1e2_0_0,1783952675.27361,start,,,c6id.metal
ip-172-31-18-198,1783949461,datafusion,54.0.0,,groupby,G1_1e8_1e2_0_0,1783952687.40191,finish,0,0,c6id.metal
ip-172-31-18-198,1783949461,datafusion,54.0.0,,groupby,G1_1e8_1e1_0_0,1783952702.4172,start,,,c6id.metal
ip-172-31-18-198,1783949461,datafusion,54.0.0,,groupby,G1_1e8_1e1_0_0,1783952722.78138,finish,0,0,c6id.metal
ip-172-31-18-198,1783949461,datafusion,54.0.0,,groupby,G1_1e8_2e0_0_0,1783952737.79665,start,,,c6id.metal
ip-172-31-18-198,1783949461,datafusion,54.0.0,,groupby,G1_1e8_2e0_0_0,1783952772.95804,finish,0,0,c6id.metal
ip-172-31-18-198,1783949461,datafusion,54.0.0,,groupby,G1_1e8_1e2_0_1,1783952787.96562,start,,,c6id.metal
ip-172-31-18-198,1783949461,datafusion,54.0.0,,groupby,G1_1e8_1e2_0_1,1783952802.65464,finish,0,0,c6id.metal
ip-172-31-18-198,1783949461,datafusion,54.0.0,,groupby,G1_1e8_1e2_5_0,1783952817.66991,start,,,c6id.metal
ip-172-31-18-198,1783949461,datafusion,54.0.0,,groupby,G1_1e8_1e2_5_0,1783952832.22223,finish,0,0,c6id.metal
ip-172-31-18-198,1783949461,datafusion,54.0.0,,join,J1_1e8_NA_0_0,1783952847.23737,start,,,c6id.metal
ip-172-31-18-198,1783949461,datafusion,54.0.0,,join,J1_1e8_NA_0_0,1783952879.49187,finish,0,0,c6id.metal
ip-172-31-18-198,1783949461,datafusion,54.0.0,,join,J1_1e8_NA_5_0,1783952894.50715,start,,,c6id.metal
ip-172-31-18-198,1783949461,datafusion,54.0.0,,join,J1_1e8_NA_5_0,1783952924.33102,finish,0,0,c6id.metal
ip-172-31-18-198,1783949461,datafusion,54.0.0,,join,J1_1e8_NA_0_1,1783952939.34633,start,,,c6id.metal
ip-172-31-18-198,1783949461,datafusion,54.0.0,,join,J1_1e8_NA_0_1,1783952968.23678,finish,0,0,c6id.metal
ip-172-31-18-198,1783949461,collapse,2.1.7,,groupby,G1_1e8_1e2_0_0,1783952983.25204,start,,,c6id.metal
ip-172-31-18-198,1783949461,collapse,2.1.7,,groupby,G1_1e8_1e2_0_0,1783953111.48273,finish,0,0,c6id.metal
ip-172-31-18-198,1783949461,collapse,2.1.7,,groupby,G1_1e8_1e1_0_0,1783953126.498,start,,,c6id.metal
ip-172-31-18-198,1783949461,collapse,2.1.7,,groupby,G1_1e8_1e1_0_0,1783953399.6561,finish,0,0,c6id.metal
ip-172-31-18-198,1783949461,collapse,2.1.7,,groupby,G1_1e8_2e0_0_0,1783953414.67144,start,,,c6id.metal
ip-172-31-18-198,1783949461,collapse,2.1.7,,groupby,G1_1e8_2e0_0_0,1783954106.6618,finish,0,0,c6id.metal
ip-172-31-18-198,1783949461,collapse,2.1.7,,groupby,G1_1e8_1e2_0_1,1783954121.6769,start,,,c6id.metal
ip-172-31-18-198,1783949461,collapse,2.1.7,,groupby,G1_1e8_1e2_0_1,1783954238.24815,finish,0,0,c6id.metal
ip-172-31-18-198,1783949461,collapse,2.1.7,,groupby,G1_1e8_1e2_5_0,1783954253.26342,start,,,c6id.metal
ip-172-31-18-198,1783949461,collapse,2.1.7,,groupby,G1_1e8_1e2_5_0,1783954382.71938,finish,0,0,c6id.metal
ip-172-31-18-198,1783949461,collapse,2.1.7,,join,J1_1e8_NA_0_0,1783954397.7346,start,,,c6id.metal
ip-172-31-18-198,1783949461,collapse,2.1.7,,join,J1_1e8_NA_0_0,1783955758.52273,finish,0,0,c6id.metal
ip-172-31-18-198,1783949461,collapse,2.1.7,,join,J1_1e8_NA_5_0,1783955773.53782,start,,,c6id.metal
ip-172-31-18-198,1783949461,collapse,2.1.7,,join,J1_1e8_NA_5_0,1783957030.62078,finish,0,0,c6id.metal
ip-172-31-18-198,1783949461,collapse,2.1.7,,join,J1_1e8_NA_0_1,1783957045.63603,start,,,c6id.metal
ip-172-31-18-198,1783949461,collapse,2.1.7,,join,J1_1e8_NA_0_1,1783958320.22907,finish,0,0,c6id.metal
ip-172-31-18-198,1783949461,juliads,0.7.24, ,groupby,G1_1e8_1e2_0_0,1783958335.24418,start,,,c6id.metal
ip-172-31-18-198,1783949461,juliads,0.7.24, ,groupby,G1_1e8_1e2_0_0,1783958485.45641,finish,0,0,c6id.metal
ip-172-31-18-198,1783949461,juliads,0.7.24, ,groupby,G1_1e8_1e1_0_0,1783958500.47153,start,,,c6id.metal
ip-172-31-18-198,1783949461,juliads,0.7.24, ,groupby,G1_1e8_1e1_0_0,1783958659.60719,finish,0,0,c6id.metal
ip-172-31-18-198,1783949461,juliads,0.7.24, ,groupby,G1_1e8_2e0_0_0,1783958674.62232,start,,,c6id.metal
ip-172-31-18-198,1783949461,juliads,0.7.24, ,groupby,G1_1e8_2e0_0_0,1783958858.17759,finish,0,0,c6id.metal
ip-172-31-18-198,1783949461,juliads,0.7.24, ,groupby,G1_1e8_1e2_0_1,1783958873.19283,start,,,c6id.metal
ip-172-31-18-198,1783949461,juliads,0.7.24, ,groupby,G1_1e8_1e2_0_1,1783959023.316,finish,0,0,c6id.metal
ip-172-31-18-198,1783949461,juliads,0.7.24, ,groupby,G1_1e8_1e2_5_0,1783959038.32351,start,,,c6id.metal
ip-172-31-18-198,1783949461,juliads,0.7.24, ,groupby,G1_1e8_1e2_5_0,1783959190.56994,finish,0,0,c6id.metal
ip-172-31-18-198,1783949461,juliads,0.7.24, ,join,J1_1e8_NA_0_0,1783959205.58517,start,,,c6id.metal
ip-172-31-18-198,1783949461,juliads,0.7.24, ,join,J1_1e8_NA_0_0,1783959473.67284,finish,0,0,c6id.metal
ip-172-31-18-198,1783949461,juliads,0.7.24, ,join,J1_1e8_NA_5_0,1783959488.68811,start,,,c6id.metal
ip-172-31-18-198,1783949461,juliads,0.7.24, ,join,J1_1e8_NA_5_0,1783959747.69395,finish,0,0,c6id.metal
ip-172-31-18-198,1783949461,juliads,0.7.24, ,join,J1_1e8_NA_0_1,1783959762.70906,start,,,c6id.metal
ip-172-31-18-198,1783949461,juliads,0.7.24, ,join,J1_1e8_NA_0_1,1783960023.57498,finish,0,0,c6id.metal
ip-172-31-18-198,1783949461,juliadf,1.8.2,5fab31e2e01e70ad66e3e24c968c264d1cf166d6,groupby,G1_1e8_1e2_0_0,1783960038.59024,start,,,c6id.metal
ip-172-31-18-198,1783949461,juliadf,1.8.2,5fab31e2e01e70ad66e3e24c968c264d1cf166d6,groupby,G1_1e8_1e2_0_0,1783960209.22215,finish,0,0,c6id.metal
ip-172-31-18-198,1783949461,juliadf,1.8.2,5fab31e2e01e70ad66e3e24c968c264d1cf166d6,groupby,G1_1e8_1e1_0_0,1783960224.2375,start,,,c6id.metal
ip-172-31-18-198,1783949461,juliadf,1.8.2,5fab31e2e01e70ad66e3e24c968c264d1cf166d6,groupby,G1_1e8_1e1_0_0,1783960425.62371,finish,0,0,c6id.metal
ip-172-31-18-198,1783949461,juliadf,1.8.2,5fab31e2e01e70ad66e3e24c968c264d1cf166d6,groupby,G1_1e8_2e0_0_0,1783960440.63898,start,,,c6id.metal
ip-172-31-18-198,1783949461,juliadf,1.8.2,5fab31e2e01e70ad66e3e24c968c264d1cf166d6,groupby,G1_1e8_2e0_0_0,1783960688.51095,finish,0,0,c6id.metal
ip-172-31-18-198,1783949461,juliadf,1.8.2,5fab31e2e01e70ad66e3e24c968c264d1cf166d6,groupby,G1_1e8_1e2_0_1,1783960703.5262,start,,,c6id.metal
ip-172-31-18-198,1783949461,juliadf,1.8.2,5fab31e2e01e70ad66e3e24c968c264d1cf166d6,groupby,G1_1e8_1e2_0_1,1783960872.33238,finish,0,0,c6id.metal
ip-172-31-18-198,1783949461,juliadf,1.8.2,5fab31e2e01e70ad66e3e24c968c264d1cf166d6,groupby,G1_1e8_1e2_5_0,1783960887.34764,start,,,c6id.metal
ip-172-31-18-198,1783949461,juliadf,1.8.2,5fab31e2e01e70ad66e3e24c968c264d1cf166d6,groupby,G1_1e8_1e2_5_0,1783961064.90455,finish,0,0,c6id.metal
ip-172-31-18-198,1783949461,juliadf,1.8.2,5fab31e2e01e70ad66e3e24c968c264d1cf166d6,join,J1_1e8_NA_0_0,1783961079.91967,start,,,c6id.metal
ip-172-31-18-198,1783949461,juliadf,1.8.2,5fab31e2e01e70ad66e3e24c968c264d1cf166d6,join,J1_1e8_NA_0_0,1783961374.63981,finish,0,0,c6id.metal
ip-172-31-18-198,1783949461,juliadf,1.8.2,5fab31e2e01e70ad66e3e24c968c264d1cf166d6,join,J1_1e8_NA_5_0,1783961389.65505,start,,,c6id.metal
ip-172-31-18-198,1783949461,juliadf,1.8.2,5fab31e2e01e70ad66e3e24c968c264d1cf166d6,join,J1_1e8_NA_5_0,1783961727.22741,finish,0,0,c6id.metal
ip-172-31-18-198,1783949461,juliadf,1.8.2,5fab31e2e01e70ad66e3e24c968c264d1cf166d6,join,J1_1e8_NA_0_1,1783961742.24264,start,,,c6id.metal
ip-172-31-18-198,1783949461,juliadf,1.8.2,5fab31e2e01e70ad66e3e24c968c264d1cf166d6,join,J1_1e8_NA_0_1,1783962020.53751,finish,0,0,c6id.metal
ip-172-31-18-198,1783949461,R-arrow,24.0.0,,groupby,G1_1e8_1e2_0_0,1783962035.55275,start,,,c6id.metal
ip-172-31-18-198,1783949461,R-arrow,24.0.0,,groupby,G1_1e8_1e2_0_0,1783962113.09719,finish,3,0,c6id.metal
ip-172-31-18-198,1783949461,R-arrow,24.0.0,,groupby,G1_1e8_1e1_0_0,1783962128.11251,start,,,c6id.metal
ip-172-31-18-198,1783949461,R-arrow,24.0.0,,groupby,G1_1e8_1e1_0_0,1783962221.05626,finish,3,0,c6id.metal
ip-172-31-18-198,1783949461,R-arrow,24.0.0,,groupby,G1_1e8_2e0_0_0,1783962236.07154,start,,,c6id.metal
ip-172-31-18-198,1783949461,R-arrow,24.0.0,,groupby,G1_1e8_2e0_0_0,1783962369.57598,finish,3,0,c6id.metal
ip-172-31-18-198,1783949461,R-arrow,24.0.0,,groupby,G1_1e8_1e2_0_1,1783962384.59125,start,,,c6id.metal
ip-172-31-18-198,1783949461,R-arrow,24.0.0,,groupby,G1_1e8_1e2_0_1,1783962463.12832,finish,3,0,c6id.metal
ip-172-31-18-198,1783949461,R-arrow,24.0.0,,groupby,G1_1e8_1e2_5_0,1783962478.14359,start,,,c6id.metal
ip-172-31-18-198,1783949461,R-arrow,24.0.0,,groupby,G1_1e8_1e2_5_0,1783962551.34371,finish,3,0,c6id.metal
ip-172-31-18-198,1783949461,R-arrow,24.0.0,,join,J1_1e8_NA_0_0,1783962566.35886,start,,,c6id.metal
ip-172-31-18-198,1783949461,R-arrow,24.0.0,,join,J1_1e8_NA_0_0,1783962594.90378,finish,0,0,c6id.metal
ip-172-31-18-198,1783949461,R-arrow,24.0.0,,join,J1_1e8_NA_5_0,1783962609.91905,start,,,c6id.metal
ip-172-31-18-198,1783949461,R-arrow,24.0.0,,join,J1_1e8_NA_5_0,1783962638.73503,finish,0,0,c6id.metal
ip-172-31-18-198,1783949461,R-arrow,24.0.0,,join,J1_1e8_NA_0_1,1783962653.75061,start,,,c6id.metal
ip-172-31-18-198,1783949461,R-arrow,24.0.0,,join,J1_1e8_NA_0_1,1783962694.97088,finish,0,0,c6id.metal
ip-172-31-18-198,1783949461,haskell,2.2.0.0,dataframe-2.2.0.0,groupby,G1_1e8_1e2_0_0,1783962709.98616,start,,,c6id.metal
ip-172-31-18-198,1783949461,haskell,2.2.0.0,dataframe-2.2.0.0,groupby,G1_1e8_1e2_0_0,1783962740.57969,finish,14,251,c6id.metal
ip-172-31-18-198,1783949461,haskell,2.2.0.0,dataframe-2.2.0.0,groupby,G1_1e8_1e1_0_0,1783962755.59496,start,,,c6id.metal
ip-172-31-18-198,1783949461,haskell,2.2.0.0,dataframe-2.2.0.0,groupby,G1_1e8_1e1_0_0,1783962786.43822,finish,10,251,c6id.metal
ip-172-31-18-198,1783949461,haskell,2.2.0.0,dataframe-2.2.0.0,groupby,G1_1e8_2e0_0_0,1783962801.45351,start,,,c6id.metal
ip-172-31-18-198,1783949461,haskell,2.2.0.0,dataframe-2.2.0.0,groupby,G1_1e8_2e0_0_0,1783962832.53738,finish,10,251,c6id.metal
ip-172-31-18-198,1783949461,haskell,2.2.0.0,dataframe-2.2.0.0,groupby,G1_1e8_1e2_0_1,1783962847.55265,start,,,c6id.metal
ip-172-31-18-198,1783949461,haskell,2.2.0.0,dataframe-2.2.0.0,groupby,G1_1e8_1e2_0_1,1783962877.16785,finish,10,251,c6id.metal
ip-172-31-18-198,1783949461,haskell,2.2.0.0,dataframe-2.2.0.0,groupby,G1_1e8_1e2_5_0,1783962892.18312,start,,,c6id.metal
ip-172-31-18-198,1783949461,haskell,2.2.0.0,dataframe-2.2.0.0,groupby,G1_1e8_1e2_5_0,1783962892.76211,finish,8,0,c6id.metal
ip-172-31-18-198,1783949461,haskell,2.2.0.0,dataframe-2.2.0.0,join,J1_1e8_NA_0_0,1783962907.7774,start,,,c6id.metal
ip-172-31-18-198,1783949461,haskell,2.2.0.0,dataframe-2.2.0.0,join,J1_1e8_NA_0_0,1783963714.88294,finish,10,251,c6id.metal
ip-172-31-18-198,1783949461,haskell,2.2.0.0,dataframe-2.2.0.0,join,J1_1e8_NA_5_0,1783963729.8982,start,,,c6id.metal
ip-172-31-18-198,1783949461,haskell,2.2.0.0,dataframe-2.2.0.0,join,J1_1e8_NA_5_0,1783963779.88331,finish,14,251,c6id.metal
ip-172-31-18-198,1783949461,haskell,2.2.0.0,dataframe-2.2.0.0,join,J1_1e8_NA_0_1,1783963794.89857,start,,,c6id.metal
ip-172-31-18-198,1783949461,haskell,2.2.0.0,dataframe-2.2.0.0,join,J1_1e8_NA_0_1,1783964609.08069,finish,10,251,c6id.metal
ip-172-31-18-198,1783967108,clickhouse,26.7.1.847,,groupby,G1_1e9_1e2_0_0,1783967111.34786,start,,,c6id.metal
ip-172-31-18-198,1783967108,clickhouse,26.7.1.847,,groupby,G1_1e9_1e2_0_0,1783968114.47824,finish,0,0,c6id.metal
ip-172-31-18-198,1783967108,clickhouse,26.7.1.847,,groupby,G1_1e9_1e1_0_0,1783968129.4935,start,,,c6id.metal
ip-172-31-18-198,1783967108,clickhouse,26.7.1.847,,groupby,G1_1e9_1e1_0_0,1783969153.85335,finish,0,0,c6id.metal
ip-172-31-18-198,1783967108,clickhouse,26.7.1.847,,groupby,G1_1e9_2e0_0_0,1783969168.86846,start,,,c6id.metal
ip-172-31-18-198,1783967108,clickhouse,26.7.1.847,,groupby,G1_1e9_2e0_0_0,1783970213.22689,finish,0,0,c6id.metal
ip-172-31-18-198,1783967108,clickhouse,26.7.1.847,,groupby,G1_1e9_1e2_0_1,1783970228.24217,start,,,c6id.metal
ip-172-31-18-198,1783967108,clickhouse,26.7.1.847,,groupby,G1_1e9_1e2_0_1,1783971246.44549,finish,0,0,c6id.metal
ip-172-31-18-198,1783967108,clickhouse,26.7.1.847,,groupby,G1_1e9_1e2_5_0,1783971261.46073,start,,,c6id.metal
ip-172-31-18-198,1783967108,clickhouse,26.7.1.847,,groupby,G1_1e9_1e2_5_0,1783972317.53956,finish,0,0,c6id.metal
ip-172-31-18-198,1783967108,clickhouse,26.7.1.847,,join,J1_1e9_NA_0_0,1783972332.55483,start,,,c6id.metal
ip-172-31-18-198,1783967108,clickhouse,26.7.1.847,,join,J1_1e9_NA_0_0,1783975691.07699,finish,0,0,c6id.metal
ip-172-31-18-198,1783967108,duckdb,1.5.4,08e34c447b,groupby,G1_1e9_1e2_0_0,1783975706.09206,start,,,c6id.metal
ip-172-31-18-198,1783967108,duckdb,1.5.4,08e34c447b,groupby,G1_1e9_1e2_0_0,1783975900.5072,finish,0,0,c6id.metal
ip-172-31-18-198,1783967108,duckdb,1.5.4,08e34c447b,groupby,G1_1e9_1e1_0_0,1783975915.52238,start,,,c6id.metal
ip-172-31-18-198,1783967108,duckdb,1.5.4,08e34c447b,groupby,G1_1e9_1e1_0_0,1783976172.93387,finish,0,0,c6id.metal
ip-172-31-18-198,1783967108,duckdb,1.5.4,08e34c447b,groupby,G1_1e9_2e0_0_0,1783976187.94922,start,,,c6id.metal
ip-172-31-18-198,1783967108,duckdb,1.5.4,08e34c447b,groupby,G1_1e9_2e0_0_0,1783976452.11165,finish,0,0,c6id.metal
ip-172-31-18-198,1783967108,duckdb,1.5.4,08e34c447b,groupby,G1_1e9_1e2_0_1,1783976467.127,start,,,c6id.metal
ip-172-31-18-198,1783967108,duckdb,1.5.4,08e34c447b,groupby,G1_1e9_1e2_0_1,1783976657.49033,finish,0,0,c6id.metal
ip-172-31-18-198,1783967108,duckdb,1.5.4,08e34c447b,groupby,G1_1e9_1e2_5_0,1783976672.50566,start,,,c6id.metal
ip-172-31-18-198,1783967108,duckdb,1.5.4,08e34c447b,groupby,G1_1e9_1e2_5_0,1783976876.41049,finish,0,0,c6id.metal
ip-172-31-18-198,1783967108,duckdb,1.5.4,08e34c447b,join,J1_1e9_NA_0_0,1783976891.42584,start,,,c6id.metal
ip-172-31-18-198,1783967108,duckdb,1.5.4,08e34c447b,join,J1_1e9_NA_0_0,1783977650.27476,finish,0,0,c6id.metal
ip-172-31-18-198,1783967108,polars,1.42.1,,groupby,G1_1e9_1e2_0_0,1783977665.29002,start,,,c6id.metal
ip-172-31-18-198,1783967108,polars,1.42.1,,groupby,G1_1e9_1e2_0_0,1783978677.09115,finish,6,15,c6id.metal
ip-172-31-18-198,1784008496,datafusion,54.0.0,,groupby,G1_1e9_1e2_0_0,1784008502.80074,start,,,c6id.metal
ip-172-31-18-198,1784008496,datafusion,54.0.0,,groupby,G1_1e9_1e2_0_0,1784008628.11351,finish,0,15,c6id.metal
ip-172-31-18-198,1784016253,juliads,0.7.24, ,groupby,G1_1e9_1e2_0_0,1784016260.34802,start,,,c6id.metal
ip-172-31-18-198,1784016253,juliads,0.7.24, ,groupby,G1_1e9_1e2_0_0,1784017163.9094,finish,0,0,c6id.metal
ip-172-31-18-198,1784016253,juliads,0.7.24, ,groupby,G1_1e9_1e1_0_0,1784017178.92465,start,,,c6id.metal
ip-172-31-18-198,1784016253,juliads,0.7.24, ,groupby,G1_1e9_1e1_0_0,1784018167.90887,finish,0,0,c6id.metal
ip-172-31-18-198,1784016253,juliads,0.7.24, ,groupby,G1_1e9_2e0_0_0,1784018182.92413,start,,,c6id.metal
ip-172-31-18-198,1784016253,juliads,0.7.24, ,groupby,G1_1e9_2e0_0_0,1784019301.61408,finish,0,0,c6id.metal
ip-172-31-18-198,1784016253,juliads,0.7.24, ,groupby,G1_1e9_1e2_0_1,1784019316.62917,start,,,c6id.metal
ip-172-31-18-198,1784016253,juliads,0.7.24, ,groupby,G1_1e9_1e2_0_1,1784020195.92888,finish,0,0,c6id.metal
ip-172-31-18-198,1784016253,juliads,0.7.24, ,groupby,G1_1e9_1e2_5_0,1784020210.94416,start,,,c6id.metal
ip-172-31-18-198,1784016253,juliads,0.7.24, ,groupby,G1_1e9_1e2_5_0,1784021066.78022,finish,0,0,c6id.metal
ip-172-31-18-198,1784016253,juliadf,1.8.2,5fab31e2e01e70ad66e3e24c968c264d1cf166d6,groupby,G1_1e9_1e2_0_0,1784021081.79548,start,,,c6id.metal
ip-172-31-18-198,1784016253,juliadf,1.8.2,5fab31e2e01e70ad66e3e24c968c264d1cf166d6,groupby,G1_1e9_1e2_0_0,1784022800.10921,finish,0,0,c6id.metal
ip-172-31-18-198,1784016253,juliadf,1.8.2,5fab31e2e01e70ad66e3e24c968c264d1cf166d6,groupby,G1_1e9_1e1_0_0,1784022815.12432,start,,,c6id.metal
ip-172-31-18-198,1784016253,juliadf,1.8.2,5fab31e2e01e70ad66e3e24c968c264d1cf166d6,groupby,G1_1e9_1e1_0_0,1784025049.8058,finish,0,0,c6id.metal
ip-172-31-18-198,1784016253,juliadf,1.8.2,5fab31e2e01e70ad66e3e24c968c264d1cf166d6,groupby,G1_1e9_2e0_0_0,1784025064.82103,start,,,c6id.metal
ip-172-31-18-198,1784016253,juliadf,1.8.2,5fab31e2e01e70ad66e3e24c968c264d1cf166d6,groupby,G1_1e9_2e0_0_0,1784027719.98994,finish,0,0,c6id.metal
ip-172-31-18-198,1784016253,juliadf,1.8.2,5fab31e2e01e70ad66e3e24c968c264d1cf166d6,groupby,G1_1e9_1e2_0_1,1784027735.00516,start,,,c6id.metal
ip-172-31-18-198,1784016253,juliadf,1.8.2,5fab31e2e01e70ad66e3e24c968c264d1cf166d6,groupby,G1_1e9_1e2_0_1,1784029441.00797,finish,0,0,c6id.metal
ip-172-31-18-198,1784016253,juliadf,1.8.2,5fab31e2e01e70ad66e3e24c968c264d1cf166d6,groupby,G1_1e9_1e2_5_0,1784029456.02323,start,,,c6id.metal
ip-172-31-18-198,1784016253,juliadf,1.8.2,5fab31e2e01e70ad66e3e24c968c264d1cf166d6,groupby,G1_1e9_1e2_5_0,1784031232.89901,finish,0,0,c6id.metal
ip-172-31-18-198,1784016253,R-arrow,24.0.0,,groupby,G1_1e9_1e2_0_0,1784031247.91408,start,,,c6id.metal
ip-172-31-18-198,1784016253,R-arrow,24.0.0,,groupby,G1_1e9_1e2_0_0,1784031906.54249,finish,3,0,c6id.metal
ip-172-31-18-198,1784016253,R-arrow,24.0.0,,groupby,G1_1e9_1e1_0_0,1784031921.55777,start,,,c6id.metal
ip-172-31-18-198,1784016253,R-arrow,24.0.0,,groupby,G1_1e9_1e1_0_0,1784033087.45115,finish,3,0,c6id.metal
ip-172-31-18-198,1784016253,R-arrow,24.0.0,,groupby,G1_1e9_2e0_0_0,1784033102.46645,start,,,c6id.metal
ip-172-31-18-198,1784016253,R-arrow,24.0.0,,groupby,G1_1e9_2e0_0_0,1784036722.47134,finish,1,0,c6id.metal
ip-172-31-18-198,1784016253,R-arrow,24.0.0,,groupby,G1_1e9_1e2_0_1,1784036737.48557,start,,,c6id.metal
ip-172-31-18-198,1784016253,R-arrow,24.0.0,,groupby,G1_1e9_1e2_0_1,1784037360.84022,finish,3,0,c6id.metal
ip-172-31-18-198,1784016253,R-arrow,24.0.0,,groupby,G1_1e9_1e2_5_0,1784037375.85554,start,,,c6id.metal
ip-172-31-18-198,1784016253,R-arrow,24.0.0,,groupby,G1_1e9_1e2_5_0,1784037990.21034,finish,3,0,c6id.metal
ip-172-31-18-198,1784016253,haskell,2.2.0.0,dataframe-2.2.0.0,groupby,G1_1e9_1e2_0_0,1784038005.22563,start,,,c6id.metal
ip-172-31-18-198,1784016253,haskell,2.2.0.0,dataframe-2.2.0.0,groupby,G1_1e9_1e2_0_0,1784038036.17171,finish,14,251,c6id.metal
ip-172-31-18-198,1784016253,haskell,2.2.0.0,dataframe-2.2.0.0,groupby,G1_1e9_1e1_0_0,1784038051.18682,start,,,c6id.metal
ip-172-31-18-198,1784016253,haskell,2.2.0.0,dataframe-2.2.0.0,groupby,G1_1e9_1e1_0_0,1784038079.09906,finish,10,251,c6id.metal
ip-172-31-18-198,1784016253,haskell,2.2.0.0,dataframe-2.2.0.0,groupby,G1_1e9_2e0_0_0,1784038094.11441,start,,,c6id.metal
ip-172-31-18-198,1784016253,haskell,2.2.0.0,dataframe-2.2.0.0,groupby,G1_1e9_2e0_0_0,1784038122.80362,finish,10,251,c6id.metal
ip-172-31-18-198,1784016253,haskell,2.2.0.0,dataframe-2.2.0.0,groupby,G1_1e9_1e2_0_1,1784038137.81883,start,,,c6id.metal
ip-172-31-18-198,1784016253,haskell,2.2.0.0,dataframe-2.2.0.0,groupby,G1_1e9_1e2_0_1,1784038164.54905,finish,10,251,c6id.metal
ip-172-31-18-198,1784016253,haskell,2.2.0.0,dataframe-2.2.0.0,groupby,G1_1e9_1e2_5_0,1784038179.56436,start,,,c6id.metal
ip-172-31-18-198,1784016253,haskell,2.2.0.0,dataframe-2.2.0.0,groupby,G1_1e9_1e2_5_0,1784038180.14152,finish,8,0,c6id.metal
ip-172-31-18-189,1784046154,duckdb,1.5.4,08e34c447b,groupby,G1_1e9_1e2_0_0,1784046156.90105,start,,,c6id.4xlarge
ip-172-31-18-189,1784046154,duckdb,1.5.4,08e34c447b,groupby,G1_1e9_1e2_0_0,1784047471.81044,finish,0,0,c6id.4xlarge
ip-172-31-18-189,1784046154,duckdb,1.5.4,08e34c447b,groupby,G1_1e9_1e1_0_0,1784047486.8152,start,,,c6id.4xlarge
ip-172-31-18-189,1784046154,duckdb,1.5.4,08e34c447b,groupby,G1_1e9_1e1_0_0,1784048904.31008,finish,0,0,c6id.4xlarge
ip-172-31-18-189,1784046154,duckdb,1.5.4,08e34c447b,groupby,G1_1e9_2e0_0_0,1784048919.32516,start,,,c6id.4xlarge
ip-172-31-18-189,1784046154,duckdb,1.5.4,08e34c447b,groupby,G1_1e9_2e0_0_0,1784050541.12012,finish,0,0,c6id.4xlarge
ip-172-31-18-189,1784046154,duckdb,1.5.4,08e34c447b,groupby,G1_1e9_1e2_0_1,1784050556.13524,start,,,c6id.4xlarge
ip-172-31-18-189,1784046154,duckdb,1.5.4,08e34c447b,groupby,G1_1e9_1e2_0_1,1784051836.15074,finish,0,0,c6id.4xlarge
ip-172-31-18-189,1784046154,duckdb,1.5.4,08e34c447b,groupby,G1_1e9_1e2_5_0,1784051851.16582,start,,,c6id.4xlarge
ip-172-31-18-189,1784046154,duckdb,1.5.4,08e34c447b,groupby,G1_1e9_1e2_5_0,1784053271.16982,finish,0,0,c6id.4xlarge
ip-172-31-18-189,1784046154,duckdb,1.5.4,08e34c447b,join,J1_1e9_NA_0_0,1784053286.1849,start,,,c6id.4xlarge
ip-172-31-18-189,1784046154,duckdb,1.5.4,08e34c447b,join,J1_1e9_NA_0_0,1784055922.71045,finish,0,0,c6id.4xlarge
